Date,adj_close
2001-08-27,21.856172561645508
2001-08-28,21.60614776611328
2001-08-29,21.507495880126953
2001-08-30,21.20134735107422
2001-08-31,21.252365112304688
2001-09-04,20.767614364624023
2001-09-05,20.640056610107422
2001-09-06,20.17230987548828
2001-09-07,20.053260803222656
2001-09-10,19.823638916015625
2001-09-17,18.956193923950195
2001-09-18,18.803110122680664
2001-09-19,18.752086639404297
2001-09-20,17.9356746673584
2001-09-21,17.43391990661621
2001-09-24,18.2418270111084
2001-09-25,18.454437255859375
2001-09-26,18.54798698425293
2001-09-27,18.840534210205078
2001-09-28,19.20792579650879
2001-10-01,19.104169845581055
2001-10-02,19.171621322631836
2001-10-03,19.367511749267578
2001-10-04,19.57362174987793
2001-10-05,19.604286193847656
2001-10-08,19.486753463745117
2001-10-09,19.435649871826172
2001-10-10,19.827430725097656
2001-10-11,19.963699340820312
2001-10-12,19.93814468383789
2001-10-15,19.623018264770508
2001-10-16,19.895566940307617
2001-10-17,19.912595748901367
2001-10-18,19.750778198242188
2001-10-19,19.554885864257812
2001-10-22,19.69114875793457
2001-10-23,19.847867965698242
2001-10-24,20.047161102294922
2001-10-25,20.018203735351562
2001-10-26,20.147659301757812
2001-10-29,19.7269287109375
2001-10-30,19.503782272338867
2001-10-31,19.558298110961914
2001-11-01,19.97051239013672
2001-11-02,19.968807220458984
2001-11-05,20.16810417175293
2001-11-06,20.377622604370117
2001-11-07,20.19365882873535
2001-11-08,20.33844566345215
2001-11-09,20.30437660217285
2001-11-12,20.031835556030273
2001-11-13,20.21579360961914
2001-11-14,20.236236572265625
2001-11-15,20.323110580444336
2001-11-16,20.43724250793457
2001-11-19,20.53944206237793
2001-11-20,20.39806365966797
2001-11-21,20.345260620117188
2001-11-23,20.40997886657715
2001-11-26,20.607582092285156
2001-11-27,20.447460174560547
2001-11-28,20.091449737548828
2001-11-29,20.135738372802734
2001-11-30,20.2123966217041
2001-12-03,20.040348052978516
2001-12-04,20.324817657470703
2001-12-05,20.813688278198242
2001-12-06,20.87841033935547
2001-12-07,20.563289642333984
2001-12-10,20.16810417175293
2001-12-11,20.208980560302734
2001-12-12,20.292449951171875
2001-12-13,19.812097549438477
2001-12-14,19.92622184753418
2001-12-17,20.16299819946289
2001-12-18,20.217500686645508
2001-12-19,20.006284713745117
2001-12-20,19.9091854095459
2001-12-21,20.009693145751953
2001-12-24,19.935033798217773
2001-12-26,19.91798210144043
2001-12-27,20.18218994140625
2001-12-28,20.34242820739746
2001-12-31,20.335607528686523
2002-01-02,20.44811248779297
2002-01-03,20.632200241088867
2002-01-04,20.768564224243164
2002-01-07,20.492420196533203
2002-01-08,20.258895874023438
2002-01-09,20.04582977294922
2002-01-10,20.093555450439453
2002-01-11,19.979341506958008
2002-01-14,19.77991485595703
2002-01-15,19.764572143554688
2002-01-16,19.416831970214844
2002-01-17,19.69639015197754
2002-01-18,19.6878662109375
2002-01-22,19.45775032043457
2002-01-23,19.508886337280273
2002-01-24,19.61456871032715
2002-01-25,19.33501625061035
2002-01-28,19.51570701599121
2002-01-29,18.97365379333496
2002-01-30,19.18330955505371
2002-01-31,19.159448623657227
2002-02-01,19.11683464050293
2002-02-04,18.960010528564453
2002-02-05,18.58159828186035
2002-02-06,18.554319381713867
2002-02-07,18.760576248168945
2002-02-08,19.01285743713379
2002-02-11,19.244670867919922
2002-02-12,19.236156463623047
2002-02-13,19.261720657348633
2002-02-14,19.415130615234375
2002-02-15,19.29581069946289
2002-02-19,18.886709213256836
2002-02-20,18.971946716308594
2002-02-21,18.84239387512207
2002-02-22,18.978755950927734
2002-02-25,19.21739959716797
2002-02-26,19.108308792114258
2002-02-27,19.321378707885742
2002-02-28,19.38956642150879
2002-03-01,19.75604248046875
2002-03-04,20.431062698364258
2002-03-05,20.2060546875
2002-03-06,20.415721893310547
2002-03-07,20.732772827148438
2002-03-08,20.76344871520996
2002-03-11,20.795835494995117
2002-03-12,20.557199478149414
2002-03-13,20.335607528686523
2002-03-14,20.5367431640625
2002-03-15,20.76515007019043
2002-03-18,20.74129867553711
2002-03-19,20.84527587890625
2002-03-20,20.57765769958496
2002-03-21,20.6304874420166
2002-03-22,20.44811248779297
2002-03-25,20.195829391479492
2002-03-26,20.323673248291016
2002-03-27,20.354354858398438
2002-03-28,20.471967697143555
2002-04-01,20.586177825927734
2002-04-02,20.506059646606445
2002-04-03,20.509469985961914
2002-04-04,20.48048973083496
2002-04-05,20.48048973083496
2002-04-08,20.24355125427246
2002-04-09,20.212875366210938
2002-04-10,20.47708511352539
2002-04-11,20.0219669342041
2002-04-12,20.22651481628418
2002-04-15,20.36969566345215
2002-04-16,20.75152015686035
2002-04-17,20.778791427612305
2002-04-18,20.84527587890625
2002-04-19,20.928794860839844
2002-04-22,20.78220558166504
2002-04-23,20.727651596069336
2002-04-24,20.625381469726562
2002-04-25,20.81288719177246
2002-04-26,20.628786087036133
2002-04-29,20.574249267578125
2002-04-30,20.783906936645508
2002-05-01,20.892995834350586
2002-05-02,20.836740493774414
2002-05-03,20.978225708007812
2002-05-06,20.761749267578125
2002-05-07,20.48902130126953
2002-05-08,20.94072914123535
2002-05-09,20.838451385498047
2002-05-10,20.666297912597656
2002-05-13,20.97311019897461
2002-05-14,20.996984481811523
2002-05-15,21.085617065429688
2002-05-16,21.19300079345703
2002-05-17,21.38221549987793
2002-05-20,21.27311897277832
2002-05-21,21.240734100341797
2002-05-22,21.28165054321289
2002-05-23,21.302099227905273
2002-05-24,21.162324905395508
2002-05-28,21.119707107543945
2002-05-29,21.099252700805664
2002-05-30,21.00550651550293
2002-05-31,20.89470672607422
2002-06-03,20.855497360229492
2002-06-04,20.736181259155273
2002-06-05,20.69356918334961
2002-06-06,20.48902130126953
2002-06-07,20.327077865600586
2002-06-10,20.39356231689453
2002-06-11,20.29298973083496
2002-06-12,20.180482864379883
2002-06-13,19.841278076171875
2002-06-14,19.612863540649414
2002-06-17,19.92310333251953
2002-06-18,19.9708194732666
2002-06-19,19.432180404663086
2002-06-20,19.341835021972656
2002-06-21,19.363996505737305
2002-06-24,19.365699768066406
2002-06-25,19.38104248046875
2002-06-26,19.384449005126953
2002-06-27,19.863435745239258
2002-06-28,20.20775604248047
2002-07-01,20.04582977294922
2002-07-02,19.679340362548828
2002-07-03,19.491838455200195
2002-07-05,20.248672485351562
2002-07-08,20.233325958251953
2002-07-09,19.986164093017578
2002-07-10,19.42534828186035
2002-07-11,19.34694480895996
2002-07-12,19.082733154296875
2002-07-15,18.859434127807617
2002-07-16,18.49466323852539
2002-07-17,18.963424682617188
2002-07-18,19.03841781616211
2002-07-19,18.3651123046875
2002-07-22,17.702030181884766
2002-07-23,17.19918441772461
2002-07-24,17.814537048339844
2002-07-25,17.62532615661621
2002-07-26,17.62532615661621
2002-07-29,18.469093322753906
2002-07-30,18.351470947265625
2002-07-31,18.28158950805664
2002-08-01,17.64236831665039
2002-08-02,17.574190139770508
2002-08-05,16.977584838867188
2002-08-06,17.349184036254883
2002-08-07,17.684988021850586
2002-08-08,18.0855655670166
2002-08-09,18.256023406982422
2002-08-12,18.05147361755371
2002-08-13,17.87930679321289
2002-08-14,18.29863739013672
2002-08-15,18.44352149963379
2002-08-16,18.44352149963379
2002-08-19,18.775920867919922
2002-08-20,18.2730655670166
2002-08-21,18.733299255371094
2002-08-22,18.787853240966797
2002-08-23,18.554319381713867
2002-08-26,18.639551162719727
2002-08-27,18.803186416625977
2002-08-28,18.290111541748047
2002-08-29,18.111129760742188
2002-08-30,18.10260772705078
2002-09-03,17.395206451416016
2002-09-04,17.39861488342285
2002-09-05,17.267362594604492
2002-09-06,17.519643783569336
2002-09-09,17.44122886657715
2002-09-10,17.574190139770508
2002-09-11,17.737829208374023
2002-09-12,17.444637298583984
2002-09-13,17.01508331298828
2002-09-16,16.875308990478516
2002-09-17,16.790077209472656
2002-09-18,16.781557083129883
2002-09-19,16.49178123474121
2002-09-20,16.401443481445312
2002-09-23,15.818472862243652
2002-09-24,15.562786102294922
2002-09-25,15.954841613769531
2002-09-26,16.51734733581543
2002-09-27,16.51223373413086
2002-09-30,16.227571487426758
2002-10-01,16.624736785888672
2002-10-02,16.39632797241211
2002-10-03,16.215641021728516
2002-10-04,15.937793731689453
2002-10-07,15.545746803283691
2002-10-08,15.586650848388672
2002-10-09,15.341191291809082
2002-10-10,15.699155807495117
2002-10-11,16.270187377929688
2002-10-14,15.852564811706543
2002-10-15,16.96053695678711
2002-10-16,16.662240982055664
2002-10-17,16.900880813598633
2002-10-18,16.764514923095703
2002-10-21,17.003156661987305
2002-10-22,16.8088321685791
2002-10-23,16.653718948364258
2002-10-24,16.49178123474121
2002-10-25,16.773033142089844
2002-10-28,16.849742889404297
2002-10-29,16.474735260009766
2002-10-30,16.73894500732422
2002-10-31,16.849742889404297
2002-11-01,17.11224937438965
2002-11-04,17.335554122924805
2002-11-05,17.599760055541992
2002-11-06,17.608280181884766
2002-11-07,17.309978485107422
2002-11-08,17.165088653564453
2002-11-11,16.82929039001465
2002-11-12,17.139522552490234
2002-11-13,16.943490982055664
2002-11-14,17.32191276550293
2002-11-15,17.58270835876465
2002-11-18,17.361122131347656
2002-11-19,17.19918441772461
2002-11-20,17.437822341918945
2002-11-21,17.86396598815918
2002-11-22,17.778736114501953
2002-11-25,17.64066505432129
2002-11-26,17.228153228759766
2002-11-27,17.705440521240234
2002-11-29,17.7957820892334
2002-12-02,17.884414672851562
2002-12-03,17.567371368408203
2002-12-04,17.48725700378418
2002-12-05,17.291231155395508
2002-12-06,17.412254333496094
2002-12-09,16.965656280517578
2002-12-10,17.19577407836914
2002-12-11,17.17361831665039
2002-12-12,17.139522552490234
2002-12-13,16.977584838867188
2002-12-16,17.344074249267578
2002-12-17,17.257137298583984
2002-12-18,16.89236068725586
2002-12-19,16.986108779907227
2002-12-20,17.088382720947266
2002-12-23,17.119997024536133
2002-12-24,17.0887393951416
2002-12-26,17.146060943603516
2002-12-27,16.87679100036621
2002-12-30,17.128694534301758
2002-12-31,17.19991111755371
2003-01-02,17.562984466552734
2003-01-03,17.580354690551758
2003-01-06,17.797502517700195
2003-01-07,17.519556045532227
2003-01-08,17.281558990478516
2003-01-09,17.493499755859375
2003-01-10,17.470909118652344
2003-01-13,17.50739288330078
2003-01-14,17.64116096496582
2003-01-15,17.4726505279541
2003-01-16,17.54561424255371
2003-01-17,17.361469268798828
2003-01-21,17.055727005004883
2003-01-22,16.815994262695312
2003-01-23,16.934120178222656
2003-01-24,16.755189895629883
2003-01-27,16.308734893798828
2003-01-28,16.37822151184082
2003-01-29,16.338268280029297
2003-01-30,16.327838897705078
2003-01-31,16.45986557006836
2003-02-03,16.718706130981445
2003-02-04,16.477243423461914
2003-02-05,16.505037307739258
2003-02-06,16.345218658447266
2003-02-07,16.108957290649414
2003-02-10,16.164548873901367
2003-02-11,16.242719650268555
2003-02-12,16.070741653442383
2003-02-13,16.306997299194336
2003-02-14,16.46160125732422
2003-02-18,16.703075408935547
2003-02-19,16.312204360961914
2003-02-20,16.329574584960938
2003-02-21,16.433815002441406
2003-02-24,16.234033584594727
2003-02-25,16.034255981445312
2003-02-26,15.843167304992676
2003-02-27,15.865750312805176
2003-02-28,16.112428665161133
2003-03-03,16.181913375854492
2003-03-04,15.947399139404297
2003-03-05,15.973455429077148
2003-03-06,15.791049003601074
2003-03-07,15.676393508911133
2003-03-10,15.242100715637207
2003-03-11,15.191720962524414
2003-03-12,15.016265869140625
2003-03-13,15.445353507995605
2003-03-14,15.521787643432617
2003-03-17,15.959556579589844
2003-03-18,16.027311325073242
2003-03-19,16.112428665161133
2003-03-20,16.214923858642578
2003-03-21,16.60753059387207
2003-03-24,16.06900405883789
2003-03-25,16.24793243408203
2003-03-26,16.256614685058594
2003-03-27,16.147172927856445
2003-03-28,16.042945861816406
2003-03-31,15.738937377929688
2003-04-01,15.983878135681152
2003-04-02,16.24793243408203
2003-04-03,16.15760040283203
2003-04-04,16.37474822998047
2003-04-07,16.586681365966797
2003-04-08,16.59015655517578
2003-04-09,16.527618408203125
2003-04-10,16.44249725341797
2003-04-11,16.34868812561035
2003-04-14,16.597108840942383
2003-04-15,16.824682235717773
2003-04-16,16.71349334716797
2003-04-17,16.954971313476562
2003-04-21,16.89590835571289
2003-04-22,17.14084815979004
2003-04-23,17.291982650756836
2003-04-24,17.156484603881836
2003-04-25,16.852474212646484
2003-04-28,17.15127182006836
2003-04-29,17.250286102294922
2003-04-30,17.338884353637695
2003-05-01,17.41010856628418
2003-05-02,17.561246871948242
2003-05-05,17.69501495361328
2003-05-06,18.06850242614746
2003-05-07,17.901737213134766
2003-05-08,17.632471084594727
2003-05-09,17.854833602905273
2003-05-12,17.99728012084961
2003-05-13,17.99554443359375
2003-05-14,18.000757217407227
2003-05-15,18.03202247619629
2003-05-16,18.254390716552734
2003-05-19,17.761024475097656
2003-05-20,17.938217163085938
2003-05-21,17.752336502075195
2003-05-22,17.990333557128906
2003-05-23,18.09282875061035
2003-05-27,18.249177932739258
2003-05-28,18.336040496826172
2003-05-29,18.42289161682129
2003-05-30,18.45763397216797
2003-06-02,18.629619598388672
2003-06-03,18.67479133605957
2003-06-04,18.78769874572754
2003-06-05,18.977052688598633
2003-06-06,19.091711044311523
2003-06-09,18.95447540283203
2003-06-10,19.10734748840332
2003-06-11,19.421777725219727
2003-06-12,19.473896026611328
2003-06-13,19.360971450805664
2003-06-16,19.64413833618164
2003-06-17,19.684097290039062
2003-06-18,19.62849998474121
2003-06-19,19.395721435546875
2003-06-20,19.421777725219727
2003-06-23,19.206369400024414
2003-06-24,19.05522918701172
2003-06-25,18.86587905883789
2003-06-26,18.95273780822754
2003-06-27,18.81028938293457
2003-06-30,18.81549644470215
2003-07-01,18.926681518554688
2003-07-02,19.300172805786133
2003-07-03,19.195940017700195
2003-07-07,19.54859161376953
2003-07-08,19.456520080566406
2003-07-09,19.35576820373535
2003-07-10,19.256738662719727
2003-07-11,19.21504783630371
2003-07-14,19.421777725219727
2003-07-15,19.2393741607666
2003-07-16,19.095182418823242
2003-07-17,18.79638671875
2003-07-18,19.091711044311523
2003-07-21,18.94577980041504
2003-07-22,18.900623321533203
2003-07-23,19.180309295654297
2003-07-24,19.211578369140625
2003-07-25,19.453052520751953
2003-07-28,19.50342559814453
2003-07-29,19.421777725219727
2003-07-30,19.260211944580078
2003-07-31,19.10039710998535
2003-08-01,19.096920013427734
2003-08-04,19.152517318725586
2003-08-05,18.97357940673828
2003-08-06,18.944046020507812
2003-08-07,19.05696678161621
2003-08-08,19.11602783203125
2003-08-11,19.300172805786133
2003-08-12,19.381826400756836
2003-08-13,19.395721435546875
2003-08-14,19.671937942504883
2003-08-15,19.626766204833984
2003-08-18,19.899507522583008
2003-08-19,19.856077194213867
2003-08-20,19.819597244262695
2003-08-21,19.856077194213867
2003-08-22,19.741418838500977
2003-08-25,19.661508560180664
2003-08-26,19.559017181396484
2003-08-27,19.593759536743164
2003-08-28,19.708410263061523
2003-08-29,19.729257583618164
2003-09-02,20.028057098388672
2003-09-03,20.290376663208008
2003-09-04,20.26605224609375
2003-09-05,20.30600357055664
2003-09-08,20.396345138549805
2003-09-09,20.436298370361328
2003-09-10,20.229572296142578
2003-09-11,20.342487335205078
2003-09-12,20.42934799194336
2003-09-15,20.48841094970703
2003-09-16,20.69166374206543
2003-09-17,20.827159881591797
2003-09-18,21.046051025390625
2003-09-19,20.967880249023438
2003-09-22,20.73162078857422
2003-09-23,20.778522491455078
2003-09-24,20.677764892578125
2003-09-25,20.41197967529297
2003-09-26,20.32511329650879
2003-09-29,20.585695266723633
2003-09-30,20.32511329650879
2003-10-01,20.992198944091797
2003-10-02,20.959192276000977
2003-10-03,21.26493263244629
2003-10-06,21.48729705810547
2003-10-07,21.45428466796875
2003-10-08,21.365692138671875
2003-10-09,21.51335334777832
2003-10-10,21.603689193725586
2003-10-13,21.817363739013672
2003-10-14,21.9320125579834
2003-10-15,21.723556518554688
2003-10-16,21.85384178161621
2003-10-17,21.740922927856445
2003-10-20,21.97371482849121
2003-10-21,21.899009704589844
2003-10-22,21.68533706665039
2003-10-23,21.410852432250977
2003-10-24,21.452545166015625
2003-10-27,21.548095703125
2003-10-28,21.80172348022461
2003-10-29,21.775672912597656
2003-10-30,21.799989700317383
2003-10-31,21.6453800201416
2003-11-03,21.754823684692383
2003-11-04,21.874692916870117
2003-11-05,21.74960708618164
2003-11-06,21.558515548706055
2003-11-07,21.758298873901367
2003-11-10,21.577632904052734
2003-11-11,21.49597930908203
2003-11-12,21.944183349609375
2003-11-13,22.06925392150879
2003-11-14,21.919843673706055
2003-11-17,21.542882919311523
2003-11-18,21.62800407409668
2003-11-19,21.68012809753418
2003-11-20,21.541149139404297
2003-11-21,21.7739315032959
2003-11-24,21.93722915649414
2003-11-25,21.971975326538086
2003-11-26,22.157848358154297
2003-11-28,22.192588806152344
2003-12-01,22.63210105895996
2003-12-02,22.685958862304688
2003-12-03,22.731124877929688
2003-12-04,22.783235549926758
2003-12-05,22.61994743347168
2003-12-08,22.809293746948242
2003-12-09,22.713747024536133
2003-12-10,22.550457000732422
2003-12-11,22.80061149597168
2003-12-12,22.875308990478516
2003-12-15,22.722431182861328
2003-12-16,23.013591766357422
2003-12-17,22.959556579589844
2003-12-18,23.301267623901367
2003-12-19,23.170507431030273
2003-12-22,23.323644638061523
2003-12-23,23.37303924560547
2003-12-24,23.429506301879883
2003-12-26,23.387147903442383
2003-12-29,23.78058433532715
2003-12-30,23.826457977294922
2003-12-31,24.13167953491211
2004-01-02,24.196958541870117
2004-01-05,24.662721633911133
2004-01-06,24.69977569580078
2004-01-07,24.452783584594727
2004-01-08,24.803871154785156
2004-01-09,24.646846771240234
2004-01-12,24.639789581298828
2004-01-13,24.496883392333984
2004-01-14,24.708593368530273
2004-01-15,24.558631896972656
2004-01-16,24.470422744750977
2004-01-20,24.735055923461914
2004-01-21,25.03497886657715
2004-01-22,25.05086326599121
2004-01-23,24.782691955566406
2004-01-26,24.86208724975586
2004-01-27,24.75271224975586
2004-01-28,24.43512725830078
2004-01-29,24.466888427734375
2004-01-30,24.40337562561035
2004-02-02,24.346921920776367
2004-02-03,24.391021728515625
2004-02-04,24.126386642456055
2004-02-05,24.226947784423828
2004-02-06,24.683895111083984
2004-02-09,24.839149475097656
2004-02-10,24.94676971435547
2004-02-11,25.229053497314453
2004-02-12,25.00852394104004
2004-02-13,24.97676658630371
2004-02-17,25.45840835571289
2004-02-18,25.105562210083008
2004-02-19,25.273162841796875
2004-02-20,24.964418411254883
2004-02-23,25.03497886657715
2004-02-24,24.937959671020508
2004-02-25,24.75271224975586
2004-02-26,24.76152229309082
2004-02-27,24.964418411254883
2004-03-01,25.299619674682617
2004-03-02,24.893848419189453
2004-03-03,24.840911865234375
2004-03-04,24.920307159423828
2004-03-05,25.211416244506836
2004-03-08,25.049097061157227
2004-03-09,24.876197814941406
2004-03-10,24.47748374938965
2004-03-11,24.08051872253418
2004-03-12,24.2922306060791
2004-03-15,23.879390716552734
2004-03-16,24.09992218017578
2004-03-17,24.602739334106445
2004-03-18,24.59391975402832
2004-03-19,24.276350021362305
2004-03-22,23.960538864135742
2004-03-23,24.14402961730957
2004-03-24,24.04876136779785
2004-03-25,24.505701065063477
2004-03-26,24.399845123291016
2004-03-29,24.75271224975586
2004-03-30,24.805622100830078
2004-03-31,24.982053756713867
2004-04-01,25.313739776611328
2004-04-02,25.386072158813477
2004-04-05,25.386072158813477
2004-04-06,25.30845069885254
2004-04-07,25.347265243530273
2004-04-08,25.29433250427246
2004-04-12,25.45840835571289
2004-04-13,25.13201904296875
2004-04-14,24.8726749420166
2004-04-15,24.69977569580078
2004-04-16,24.964418411254883
2004-04-19,24.990880966186523
2004-04-20,24.646846771240234
2004-04-21,24.814449310302734
2004-04-22,24.990880966186523
2004-04-23,24.955591201782227
2004-04-26,24.948535919189453
2004-04-27,24.97324562072754
2004-04-28,24.51276969909668
2004-04-29,24.249881744384766
2004-04-30,24.135210037231445
2004-05-03,24.382200241088867
2004-05-04,24.692716598510742
2004-05-05,24.964418411254883
2004-05-06,24.43512725830078
2004-05-07,23.773540496826172
2004-05-10,23.16486358642578
2004-05-11,23.332462310791016
2004-05-12,23.48242950439453
2004-05-13,23.235427856445312
2004-05-14,23.216020584106445
2004-05-17,22.961963653564453
2004-05-18,23.205440521240234
2004-05-19,23.434789657592773
2004-05-20,23.464786529541016
2004-05-21,23.637680053710938
2004-05-24,23.789405822753906
2004-05-25,24.14402961730957
2004-05-26,24.09992218017578
2004-05-27,24.558631896972656
2004-05-28,24.410430908203125
2004-06-01,24.468656539916992
2004-06-02,24.539226531982422
2004-06-03,24.302810668945312
2004-06-04,24.59391975402832
2004-06-07,25.137313842773438
2004-06-08,24.996173858642578
2004-06-09,24.56745719909668
2004-06-10,24.858551025390625
2004-06-14,24.26047706604004
2004-06-15,24.690946578979492
2004-06-16,24.682130813598633
2004-06-17,24.840911865234375
2004-06-18,24.885028839111328
2004-06-21,24.796812057495117
2004-06-22,24.80738639831543
2004-06-23,24.964418411254883
2004-06-24,25.06145668029785
2004-06-25,24.96971321105957
2004-06-28,25.123193740844727
2004-06-29,25.07027816772461
2004-06-30,25.229053497314453
2004-07-01,24.911487579345703
2004-07-02,25.05086326599121
2004-07-06,24.63802719116211
2004-07-07,24.92913246154785
2004-07-08,24.770341873168945
2004-07-09,24.98029327392578
2004-07-12,25.05262565612793
2004-07-13,24.92913246154785
2004-07-14,24.787988662719727
2004-07-15,24.479238510131836
2004-07-16,24.67683982849121
2004-07-19,24.696237564086914
2004-07-20,24.708593368530273
2004-07-21,24.17224884033203
2004-07-22,24.302810668945312
2004-07-23,23.854692459106445
2004-07-26,23.854692459106445
2004-07-27,24.00288963317871
2004-07-28,24.034645080566406
2004-07-29,24.064645767211914
2004-07-30,24.15284538269043
2004-08-02,24.267526626586914
2004-08-03,24.108747482299805
2004-08-04,24.105226516723633
2004-08-05,23.747074127197266
2004-08-06,23.711782455444336
2004-08-09,23.685314178466797
2004-08-10,23.879390716552734
2004-08-11,23.800004959106445
2004-08-12,23.535354614257812
2004-08-13,23.676498413085938
2004-08-16,23.914674758911133
2004-08-17,23.93231964111328
2004-08-18,24.114032745361328
2004-08-19,24.057584762573242
2004-08-20,24.170494079589844
2004-08-23,23.97465705871582
2004-08-24,23.96937370300293
2004-08-25,24.223426818847656
2004-08-26,24.24106216430664
2004-08-27,24.302810668945312
2004-08-30,24.214603424072266
2004-08-31,24.4404239654541
2004-09-01,24.461597442626953
2004-09-02,24.717424392700195
2004-09-03,24.389266967773438
2004-09-07,24.729768753051758
2004-09-08,24.717424392700195
2004-09-09,24.63802719116211
2004-09-10,24.82328224182129
2004-09-13,24.911487579345703
2004-09-14,24.97324562072754
2004-09-15,24.615097045898438
2004-09-16,24.77739715576172
2004-09-17,24.858551025390625
2004-09-20,24.703306198120117
2004-09-21,25.089683532714844
2004-09-22,24.682130813598633
2004-09-23,24.615097045898438
2004-09-24,24.646846771240234
2004-09-27,24.52335548400879
2004-09-28,24.763288497924805
2004-09-29,24.858551025390625
2004-09-30,24.94676971435547
2004-10-01,25.334915161132812
2004-10-04,25.37372398376465
2004-10-05,25.38784408569336
2004-10-06,25.483108520507812
2004-10-07,25.30845069885254
2004-10-08,25.484878540039062
2004-10-11,25.546619415283203
2004-10-12,25.255523681640625
2004-10-13,25.079092025756836
2004-10-14,24.94676971435547
2004-10-15,25.230815887451172
2004-10-18,25.331382751464844
2004-10-19,25.281978607177734
2004-10-20,25.37902069091797
2004-10-21,25.52721405029297
2004-10-22,25.370193481445312
2004-10-25,25.343730926513672
2004-10-26,25.484878540039062
2004-10-27,25.749521255493164
2004-10-28,25.82008934020996
2004-10-29,25.82008934020996
2004-11-01,25.86418914794922
2004-11-02,26.065319061279297
2004-11-03,26.374067306518555
2004-11-04,26.742799758911133
2004-11-05,26.868074417114258
2004-11-08,26.68105125427246
2004-11-09,26.614004135131836
2004-11-10,26.562850952148438
2004-11-11,26.852176666259766
2004-11-12,27.16975212097168
2004-11-15,27.196216583251953
2004-11-16,26.966861724853516
2004-11-17,27.310890197753906
2004-11-18,27.249143600463867
2004-11-19,27.072717666625977
2004-11-22,27.152101516723633
2004-11-23,27.20503807067871
2004-11-24,27.328540802001953
2004-11-26,27.487314224243164
2004-11-29,27.57552719116211
2004-11-30,27.390283584594727
2004-12-01,27.866649627685547
2004-12-02,27.822538375854492
2004-12-03,27.988370895385742
2004-12-06,27.81723976135254
2004-12-07,27.665504455566406
2004-12-08,27.64610481262207
2004-12-09,27.53142738342285
2004-12-10,27.26149559020996
2004-12-13,27.672571182250977
2004-12-14,27.68138313293457
2004-12-15,27.8489990234375
2004-12-16,27.672571182250977
2004-12-17,27.593177795410156
2004-12-20,27.845476150512695
2004-12-21,28.041301727294922
2004-12-22,28.083641052246094
2004-12-23,28.267982482910156
2004-12-27,28.49009895324707
2004-12-28,28.679996490478516
2004-12-29,28.542049407958984
2004-12-30,28.545642852783203
2004-12-31,28.706863403320312
2005-01-03,28.50086212158203
2005-01-04,27.954492568969727
2005-01-05,27.93657112121582
2005-01-06,27.93657112121582
2005-01-07,27.81117057800293
2005-01-10,27.93657112121582
2005-01-11,27.882831573486328
2005-01-12,28.106748580932617
2005-01-13,27.86490821838379
2005-01-14,27.999263763427734
2005-01-18,28.020761489868164
2005-01-19,27.730558395385742
2005-01-20,27.546043395996094
2005-01-21,27.655323028564453
2005-01-24,27.703693389892578
2005-01-25,27.712646484375
2005-01-26,28.047636032104492
2005-01-27,28.088834762573242
2005-01-28,28.02614974975586
2005-01-31,28.16048812866211
2005-02-01,28.3360538482666
2005-02-02,28.37546730041504
2005-02-03,28.221403121948242
2005-02-04,28.36651611328125
2005-02-07,28.187362670898438
2005-02-08,28.187362670898438
2005-02-09,28.115707397460938
2005-02-10,28.407703399658203
2005-02-11,28.604755401611328
2005-02-14,28.826894760131836
2005-02-15,29.020349502563477
2005-02-16,28.764192581176758
2005-02-17,28.82331085205078
2005-02-18,28.966615676879883
2005-02-22,28.898540496826172
2005-02-23,28.912870407104492
2005-02-24,28.95765495300293
2005-02-25,29.294435501098633
2005-02-28,29.226364135742188
2005-03-01,29.38758659362793
2005-03-02,29.167255401611328
2005-03-03,29.18157958984375
2005-03-04,29.692121505737305
2005-03-07,29.56671905517578
2005-03-08,29.64734649658203
2005-03-09,29.51298713684082
2005-03-10,29.609722137451172
2005-03-11,29.602550506591797
2005-03-14,29.507598876953125
2005-03-15,29.324888229370117
2005-03-16,29.35892105102539
2005-03-17,29.324888229370117
2005-03-18,29.26577377319336
2005-03-21,29.066932678222656
2005-03-22,28.733736038208008
2005-03-23,28.542049407958984
2005-03-24,28.536680221557617
2005-03-28,28.536680221557617
2005-03-29,28.241107940673828
2005-03-30,28.47218894958496
2005-03-31,28.45965576171875
2005-04-01,28.393367767333984
2005-04-04,28.402326583862305
2005-04-05,28.554597854614258
2005-04-06,28.635210037231445
2005-04-07,28.751651763916016
2005-04-08,28.751651763916016
2005-04-11,28.859134674072266
2005-04-12,28.930782318115234
2005-04-13,28.626251220703125
2005-04-14,28.25006675720215
2005-04-15,27.90431785583496
2005-04-18,27.802213668823242
2005-04-19,28.17123794555664
2005-04-20,27.81117057800293
2005-04-21,28.314552307128906
2005-04-22,28.214244842529297
2005-04-25,28.3629093170166
2005-04-26,28.008222579956055
2005-04-27,27.932985305786133
2005-04-28,27.556798934936523
2005-04-29,27.999263763427734
2005-05-02,27.990312576293945
2005-05-03,28.051223754882812
2005-05-04,28.384414672851562
2005-05-05,28.425621032714844
2005-05-06,28.302017211914062
2005-05-09,28.36651611328125
2005-05-10,27.972402572631836
2005-05-11,28.09779167175293
2005-05-12,27.74847984313965
2005-05-13,27.587249755859375
2005-05-16,27.698312759399414
2005-05-17,27.694726943969727
2005-05-18,28.008222579956055
2005-05-19,28.02793312072754
2005-05-20,27.909698486328125
2005-05-23,28.140789031982422
2005-05-24,28.067344665527344
2005-05-25,27.990312576293945
2005-05-26,28.008222579956055
2005-05-27,28.124664306640625
2005-05-31,27.757431030273438
2005-06-01,27.925825119018555
2005-06-02,28.16407585144043
2005-06-03,27.9007511138916
2005-06-06,28.085250854492188
2005-06-07,28.22856330871582
2005-06-08,28.124664306640625
2005-06-09,28.23573112487793
2005-06-10,28.128244400024414
2005-06-13,28.03150749206543
2005-06-14,27.999263763427734
2005-06-15,28.16586685180664
2005-06-16,28.257232666015625
2005-06-17,28.681785583496094
2005-06-20,28.41307258605957
2005-06-21,28.62803840637207
2005-06-22,28.542049407958984
2005-06-23,28.2196044921875
2005-06-24,28.214244842529297
2005-06-27,28.14974021911621
2005-06-28,28.31096649169922
2005-06-29,28.192745208740234
2005-06-30,28.155109405517578
2005-07-01,28.11750602722168
2005-07-05,28.14974021911621
2005-07-06,28.07451629638672
2005-07-07,27.918651580810547
2005-07-08,28.29485511779785
2005-07-11,28.499061584472656
2005-07-12,28.794647216796875
2005-07-13,28.563552856445312
2005-07-14,28.644168853759766
2005-07-15,28.568931579589844
2005-07-18,28.488325119018555
2005-07-19,28.55280876159668
2005-07-20,28.746267318725586
2005-07-21,28.80539894104004
2005-07-22,28.778518676757812
2005-07-25,28.69790267944336
2005-07-26,28.611919403076172
2005-07-27,28.939743041992188
2005-07-28,29.138591766357422
2005-07-29,28.998855590820312
2005-08-01,29.2836971282959
2005-08-02,29.493276596069336
2005-08-03,29.713619232177734
2005-08-04,29.47178077697754
2005-08-05,29.364294052124023
2005-08-08,29.43416404724121
2005-08-09,29.810354232788086
2005-08-10,30.014570236206055
2005-08-11,30.49823760986328
2005-08-12,30.310148239135742
2005-08-15,30.363887786865234
2005-08-16,30.03606605529785
2005-08-17,29.960832595825195
2005-08-18,29.638383865356445
2005-08-19,29.783479690551758
2005-08-22,30.111305236816406
2005-08-23,29.982328414916992
2005-08-24,29.66525650024414
2005-08-25,29.778114318847656
2005-08-26,29.681373596191406
2005-08-29,29.66525650024414
2005-08-30,29.57927131652832
2005-08-31,30.111305236816406
2005-09-01,30.471378326416016
2005-09-02,30.578861236572266
2005-09-06,30.955041885375977
2005-09-07,30.869056701660156
2005-09-08,30.63259506225586
2005-09-09,31.035661697387695
2005-09-12,30.793821334838867
2005-09-13,30.58422088623047
2005-09-14,30.605731964111328
2005-09-15,30.627225875854492
2005-09-16,30.971179962158203
2005-09-19,30.766950607299805
2005-09-20,30.654088973999023
2005-09-21,30.686325073242188
2005-09-22,30.654088973999023
2005-09-23,30.52511978149414
2005-09-26,30.858312606811523
2005-09-27,30.74009132385254
2005-09-28,31.057146072387695
2005-09-29,31.427974700927734
2005-09-30,31.223751068115234
2005-10-03,31.116268157958984
2005-10-04,30.91205406188965
2005-10-05,30.64335823059082
2005-10-06,30.49823760986328
2005-10-07,30.605731964111328
2005-10-10,30.455249786376953
2005-10-11,30.49287223815918
2005-10-12,30.288654327392578
2005-10-13,30.224164962768555
2005-10-14,30.50899887084961
2005-10-17,30.202659606933594
2005-10-18,29.85334014892578
2005-10-19,30.095182418823242
2005-10-20,29.407299041748047
2005-10-21,29.536273956298828
2005-10-24,29.998449325561523
2005-10-25,30.03069305419922
2005-10-26,29.976959228515625
2005-10-27,29.917835235595703
2005-10-28,30.175792694091797
2005-10-31,30.229537963867188
2005-11-01,30.487491607666016
2005-11-02,30.90666961669922
2005-11-03,30.890552520751953
2005-11-04,30.605731964111328
2005-11-07,30.783071517944336
2005-11-08,30.707834243774414
2005-11-09,30.686325073242188
2005-11-10,30.64872169494629
2005-11-11,30.80994987487793
2005-11-14,30.627225875854492
2005-11-15,30.460636138916016
2005-11-16,30.406885147094727
2005-11-17,30.928171157836914
2005-11-18,31.14314842224121
2005-11-21,31.18613624572754
2005-11-22,31.288244247436523
2005-11-23,31.438720703125
2005-11-25,31.137767791748047
2005-11-28,31.21837615966797
2005-11-29,31.170011520385742
2005-11-30,30.928171157836914
2005-12-01,31.508586883544922
2005-12-02,31.626821517944336
2005-12-05,31.76654815673828
2005-12-06,31.863279342651367
2005-12-07,31.65367889404297
2005-12-08,31.648313522338867
2005-12-09,31.965381622314453
2005-12-12,32.36844253540039
2005-12-13,32.52430725097656
2005-12-14,32.50817108154297
2005-12-15,32.20722961425781
2005-12-16,32.459808349609375
2005-12-19,32.40068817138672
2005-12-20,32.40605926513672
2005-12-21,32.56190872192383
2005-12-22,32.75
2005-12-23,32.73359680175781
2005-12-27,32.432525634765625
2005-12-28,32.66790771484375
2005-12-29,32.678855895996094
2005-12-30,32.53105545043945
2006-01-03,33.62034606933594
2006-01-04,33.89950180053711
2006-01-05,33.72983169555664
2006-01-06,34.18415069580078
2006-01-09,34.20058059692383
2006-01-10,33.89404296875
2006-01-11,34.18415069580078
2006-01-12,33.90499496459961
2006-01-13,34.03635025024414
2006-01-17,33.60940170288086
2006-01-18,33.15507888793945
2006-01-19,33.53276824951172
2006-01-20,33.02369689941406
2006-01-23,33.48350524902344
2006-01-24,33.6531867980957
2006-01-25,33.768150329589844
2006-01-26,34.16773223876953
2006-01-27,34.34837341308594
2006-01-30,34.3757438659668
2006-01-31,34.4085807800293
2006-02-01,34.51258850097656
2006-02-02,34.12394714355469
2006-02-03,34.03635025024414
2006-02-06,33.98709487915039
2006-02-07,33.73529815673828
2006-02-08,33.8557243347168
2006-02-09,33.92142105102539
2006-02-10,33.84477996826172
2006-02-13,33.60940170288086
2006-02-14,33.981632232666016
2006-02-15,33.67509460449219
2006-02-16,33.998043060302734
2006-02-17,33.89950180053711
2006-02-21,33.90499496459961
2006-02-22,34.162254333496094
2006-02-23,34.24984359741211
2006-02-24,34.36479187011719
2006-02-27,34.48522186279297
2006-02-28,34.16773223876953
2006-03-01,34.51806640625
2006-03-02,34.4523811340332
2006-03-03,34.31005096435547
2006-03-06,34.178672790527344
2006-03-07,33.76266860961914
2006-03-08,33.877620697021484
2006-03-09,33.83929443359375
2006-03-10,34.353851318359375
2006-03-13,34.63848876953125
2006-03-14,35.005218505859375
2006-03-15,35.13113784790039
2006-03-16,35.2460823059082
2006-03-17,35.415767669677734
2006-03-20,35.4869384765625
2006-03-21,35.12018966674805
2006-03-22,35.44861602783203
2006-03-23,35.02165985107422
2006-03-24,35.30081558227539
2006-03-27,35.240604400634766
2006-03-28,34.90123748779297
2006-03-29,35.36103820800781
2006-03-30,35.78799819946289
2006-03-31,35.536197662353516
2006-04-03,35.924827575683594
2006-04-04,36.209476470947266
2006-04-05,36.32991027832031
2006-04-06,36.36274719238281
2006-04-07,35.94674301147461
2006-04-10,36.012420654296875
2006-04-11,35.77157211303711
2006-04-12,35.59640884399414
2006-04-13,35.68947219848633
2006-04-17,35.853675842285156
2006-04-18,36.58717346191406
2006-04-19,36.83897399902344
2006-04-20,36.67475509643555
2006-04-21,36.921077728271484
2006-04-24,36.95940399169922
2006-04-25,36.93750762939453
2006-04-26,37.16740798950195
2006-04-27,37.23309326171875
2006-04-28,37.238563537597656
2006-05-01,37.222145080566406
2006-05-02,37.79141616821289
2006-05-03,37.56700897216797
2006-05-04,37.857112884521484
2006-05-05,38.43732833862305
2006-05-08,38.40449905395508
2006-05-09,38.634395599365234
2006-05-10,38.513973236083984
2006-05-11,38.12532424926758
2006-05-12,37.63268280029297
2006-05-15,37.309722900390625
2006-05-16,37.25497817993164
2006-05-17,36.06715393066406
2006-05-18,35.95769119262695
2006-05-19,36.138309478759766
2006-05-22,35.344608306884766
2006-05-23,35.355560302734375
2006-05-24,35.333656311035156
2006-05-25,35.80989074707031
2006-05-26,36.099998474121094
2006-05-30,35.552616119384766
2006-05-31,35.81536102294922
2006-06-01,36.04526901245117
2006-06-02,36.39558792114258
2006-06-05,35.60735321044922
2006-06-06,35.17491912841797
2006-06-07,34.6932258605957
2006-06-08,33.926883697509766
2006-06-09,33.88856506347656
2006-06-12,33.59845733642578
2006-06-13,32.54747772216797
2006-06-14,33.01823043823242
2006-06-15,34.15678024291992
2006-06-16,33.88309860229492
2006-06-19,33.71340560913086
2006-06-20,33.91593933105469
2006-06-21,34.353851318359375
2006-06-22,34.1732063293457
2006-06-23,34.07468032836914
2006-06-26,34.34290313720703
2006-06-27,33.707923889160156
2006-06-28,34.09109878540039
2006-06-29,35.35008239746094
2006-06-30,35.79347610473633
2006-07-03,35.97957992553711
2006-07-05,35.29534149169922
2006-07-06,35.66757583618164
2006-07-07,35.50334930419922
2006-07-10,35.7989387512207
2006-07-11,35.8974723815918
2006-07-12,35.22418212890625
2006-07-13,34.60565185546875
2006-07-14,34.31005096435547
2006-07-17,33.82836151123047
2006-07-18,33.773624420166016
2006-07-19,34.60565185546875
2006-07-20,34.419532775878906
2006-07-21,34.419532775878906
2006-07-24,35.04355239868164
2006-07-25,35.03260040283203
2006-07-26,35.2789192199707
2006-07-27,35.49789047241211
2006-07-28,36.209476470947266
2006-07-31,36.08358383178711
2006-08-01,35.83177185058594
2006-08-02,36.22590255737305
2006-08-03,36.16569519042969
2006-08-04,36.19306182861328
2006-08-07,35.9686279296875
2006-08-08,35.842735290527344
2006-08-09,36.01789855957031
2006-08-10,36.099998474121094
2006-08-11,35.78799819946289
2006-08-14,35.90842056274414
2006-08-15,36.68569564819336
2006-08-16,37.01961135864258
2006-08-17,36.882755279541016
2006-08-18,37.036041259765625
2006-08-21,36.921077728271484
2006-08-22,36.81707763671875
2006-08-23,36.68569564819336
2006-08-24,36.58170700073242
2006-08-25,36.55433654785156
2006-08-28,36.70759963989258
2006-08-29,37.00318908691406
2006-08-30,37.00318908691406
2006-08-31,37.00318908691406
2006-09-01,37.27687072753906
2006-09-05,37.47393798828125
2006-09-06,36.844451904296875
2006-09-07,36.40107345581055
2006-09-08,36.41200637817383
2006-09-11,36.19306182861328
2006-09-12,36.609066009521484
2006-09-13,36.53791046142578
2006-09-14,36.58717346191406
2006-09-15,36.51054000854492
2006-09-18,36.663818359375
2006-09-19,36.32442855834961
2006-09-20,36.680213928222656
2006-09-21,36.767799377441406
2006-09-22,36.58717346191406
2006-09-25,36.740440368652344
2006-09-26,36.82801818847656
2006-09-27,37.06338882446289
2006-09-28,37.16740798950195
2006-09-29,37.085304260253906
2006-10-02,37.189300537109375
2006-10-03,37.222145080566406
2006-10-04,37.577945709228516
2006-10-05,37.621734619140625
2006-10-06,37.287818908691406
2006-10-09,37.31520080566406
2006-10-10,37.358985900878906
2006-10-11,37.33161544799805
2006-10-12,37.7312126159668
2006-10-13,37.79690170288086
2006-10-16,37.9392204284668
2006-10-17,37.70383834838867
2006-10-18,37.79690170288086
2006-10-19,38.081520080566406
2006-10-20,38.201961517333984
2006-10-23,38.23480224609375
2006-10-24,38.24028015136719
2006-10-25,38.50849151611328
2006-10-26,38.80406951904297
2006-10-27,38.535858154296875
2006-10-30,38.45375442504883
2006-10-31,38.475650787353516
2006-11-01,38.40996170043945
2006-11-02,38.552284240722656
2006-11-03,38.40449905395508
2006-11-06,38.9737663269043
2006-11-07,39.01755905151367
2006-11-08,39.02850341796875
2006-11-09,38.831459045410156
2006-11-10,38.984718322753906
2006-11-13,38.73839569091797
2006-11-14,39.16535949707031
2006-11-15,39.15439987182617
2006-11-16,39.072296142578125
2006-11-17,38.95734405517578
2006-11-20,38.661766052246094
2006-11-21,38.85335159301758
2006-11-22,39.23102569580078
2006-11-24,39.02302932739258
2006-11-27,38.70008087158203
2006-11-28,39.04492950439453
2006-11-29,39.488304138183594
2006-11-30,39.65800094604492
2006-12-01,39.60874938964844
2006-12-04,39.866004943847656
2006-12-05,40.090431213378906
2006-12-06,40.00284957885742
2006-12-07,40.13969802856445
2006-12-08,40.041175842285156
2006-12-11,40.20539474487305
2006-12-12,40.36959457397461
2006-12-13,40.52286911010742
2006-12-14,40.68708419799805
2006-12-15,40.52286911010742
2006-12-18,40.462650299072266
2006-12-19,40.64328384399414
2006-12-20,40.57212829589844
2006-12-21,40.55146026611328
2006-12-22,40.45643615722656
2006-12-26,40.439659118652344
2006-12-27,40.942710876464844
2006-12-28,40.97066116333008
2006-12-29,40.92594528198242
2007-01-03,41.08803176879883
2007-01-04,40.97066116333008
2007-01-05,40.35581970214844
2007-01-08,40.41171646118164
2007-01-09,40.45085144042969
2007-01-10,40.14342498779297
2007-01-11,40.400535583496094
2007-01-12,40.85887145996094
2007-01-16,40.80856704711914
2007-01-17,40.83092498779297
2007-01-18,40.691184997558594
2007-01-19,41.188655853271484
2007-01-22,40.981842041015625
2007-01-23,41.34515380859375
2007-01-24,41.61344528198242
2007-01-25,40.9371223449707
2007-01-26,41.015384674072266
2007-01-29,41.06009292602539
2007-01-30,41.339569091796875
2007-01-31,41.496063232421875
2007-02-01,41.84260940551758
2007-02-02,41.75878143310547
2007-02-05,41.62461853027344
2007-02-06,41.948822021484375
2007-02-07,42.066200256347656
2007-02-08,41.89851760864258
2007-02-09,41.71965026855469
2007-02-12,41.55754470825195
2007-02-13,42.088558197021484
2007-02-14,42.65867233276367
2007-02-15,42.70897674560547
2007-02-16,42.69221496582031
2007-02-20,42.753700256347656
2007-02-21,42.53570556640625
2007-02-22,42.72576141357422
2007-02-23,42.85989761352539
2007-02-26,42.88225555419922
2007-02-27,41.15512466430664
2007-02-28,41.44576644897461
2007-03-01,41.02098083496094
2007-03-02,40.467613220214844
2007-03-05,39.629188537597656
2007-03-06,40.85887145996094
2007-03-07,40.87004852294922
2007-03-08,41.35074234008789
2007-03-09,41.41782760620117
2007-03-12,41.68611526489258
2007-03-13,40.691184997558594
2007-03-14,40.70796203613281
2007-03-15,40.892417907714844
2007-03-16,40.942710876464844
2007-03-19,41.57432556152344
2007-03-20,41.92646026611328
2007-03-21,42.82077407836914
2007-03-22,42.65867233276367
2007-03-23,42.7592887878418
2007-03-26,42.77606201171875
2007-03-27,42.58600616455078
2007-03-28,42.211509704589844
2007-03-29,42.58042526245117
2007-03-30,42.64749526977539
2007-04-02,42.7592887878418
2007-04-03,43.117000579833984
2007-04-04,43.29587173461914
2007-04-05,43.452369689941406
2007-04-09,43.41885757446289
2007-04-10,43.743019104003906
2007-04-11,43.5306282043457
2007-04-12,43.8212776184082
2007-04-13,43.966609954833984
2007-04-16,44.43052291870117
2007-04-17,44.43611526489258
2007-04-18,44.41935348510742
2007-04-19,44.25166320800781
2007-04-20,44.76030731201172
2007-04-23,44.3243293762207
2007-04-24,44.2963981628418
2007-04-25,44.70999526977539
2007-04-26,44.50320816040039
2007-04-27,44.40816879272461
2007-04-30,44.24607849121094
2007-05-01,44.20136260986328
2007-05-02,44.5367317199707
2007-05-03,44.59821319580078
2007-05-04,45.01742935180664
2007-05-07,45.08449172973633
2007-05-08,44.715579986572266
2007-05-09,44.961524963378906
2007-05-10,44.072811126708984
2007-05-11,44.816200256347656
2007-05-14,44.64850616455078
2007-05-15,44.726768493652344
2007-05-16,44.79384231567383
2007-05-17,44.56468200683594
2007-05-18,44.905635833740234
2007-05-21,44.69881820678711
2007-05-22,44.73794174194336
2007-05-23,44.96711730957031
2007-05-24,44.5367317199707
2007-05-25,44.82178497314453
2007-05-29,44.87767791748047
2007-05-30,45.067726135253906
2007-05-31,45.291297912597656
2007-06-01,45.58755111694336
2007-06-04,45.71050262451172
2007-06-05,45.47576141357422
2007-06-06,44.82178497314453
2007-06-07,44.056034088134766
2007-06-08,44.5367317199707
2007-06-11,44.68763732910156
2007-06-12,43.893959045410156
2007-06-13,44.46407699584961
2007-06-14,44.79384231567383
2007-06-15,45.15717315673828
2007-06-18,45.40869140625
2007-06-19,45.453399658203125
2007-06-20,44.91681671142578
2007-06-21,45.3248291015625
2007-06-22,44.69881820678711
2007-06-25,44.68763732910156
2007-06-26,44.46407699584961
2007-06-27,44.782657623291016
2007-06-28,44.816200256347656
2007-06-29,45.1459846496582
2007-07-02,45.79994583129883
2007-07-03,46.01793670654297
2007-07-05,45.788780212402344
2007-07-06,46.11854934692383
2007-07-09,46.23033142089844
2007-07-10,45.665794372558594
2007-07-11,46.09619140625
2007-07-12,46.738975524902344
2007-07-13,46.7054328918457
2007-07-16,46.599239349365234
2007-07-17,46.44272232055664
2007-07-18,46.2806396484375
2007-07-19,46.543338775634766
2007-07-20,46.062644958496094
2007-07-23,46.34211730957031
2007-07-24,45.64342498779297
2007-07-25,45.520484924316406
2007-07-26,44.00572967529297
2007-07-27,43.396488189697266
2007-07-30,44.1678352355957
2007-07-31,44.1119270324707
2007-08-01,44.18458557128906
2007-08-02,44.3187370300293
2007-08-03,43.51945495605469
2007-08-06,43.99455642700195
2007-08-07,44.14546585083008
2007-08-08,44.860931396484375
2007-08-09,43.5809326171875
2007-08-10,42.83194351196289
2007-08-13,42.91578674316406
2007-08-14,42.502166748046875
2007-08-15,41.50724792480469
2007-08-16,41.328392028808594
2007-08-17,41.70846176147461
2007-08-20,41.84260940551758
2007-08-21,41.814674377441406
2007-08-22,42.80400466918945
2007-08-23,42.99403762817383
2007-08-24,43.743019104003906
2007-08-27,43.27910232543945
2007-08-28,42.40715026855469
2007-08-29,43.379722595214844
2007-08-30,43.077877044677734
2007-08-31,43.83246612548828
2007-09-04,44.234893798828125
2007-09-05,43.59210205078125
2007-09-06,43.75421142578125
2007-09-07,43.22320556640625
2007-09-10,43.04433822631836
2007-09-11,43.787742614746094
2007-09-12,43.83246612548828
2007-09-13,44.016910552978516
2007-09-14,43.759796142578125
2007-09-17,43.14495849609375
2007-09-18,44.547908782958984
2007-09-19,44.950355529785156
2007-09-20,44.911224365234375
2007-09-21,45.10686492919922
2007-09-24,45.207462310791016
2007-09-25,45.26335144042969
2007-09-26,45.48693084716797
2007-09-27,46.09059143066406
2007-09-28,46.163265228271484
2007-10-01,46.7557373046875
2007-10-02,46.638370513916016
2007-10-03,46.42595672607422
2007-10-04,46.58805847167969
2007-10-05,47.06315231323242
2007-10-08,46.62718963623047
2007-10-09,47.147003173828125
2007-10-10,47.05757141113281
2007-10-11,47.275550842285156
2007-10-12,47.482364654541016
2007-10-15,47.09668731689453
2007-10-16,46.37006759643555
2007-10-17,46.861942291259766
2007-10-18,46.973724365234375
2007-10-19,45.939693450927734
2007-10-22,45.8837776184082
2007-10-23,46.53215408325195
2007-10-24,46.43155288696289
2007-10-25,46.643951416015625
2007-10-26,47.48796463012695
2007-10-29,47.834510803222656
2007-10-30,47.45443344116211
2007-10-31,48.12514114379883
2007-11-01,47.11347198486328
2007-11-02,47.37617492675781
2007-11-05,46.62160110473633
2007-11-06,47.32588577270508
2007-11-07,46.50421142578125
2007-11-08,46.58805847167969
2007-11-09,45.68256378173828
2007-11-12,44.9335823059082
2007-11-13,46.140899658203125
2007-11-14,46.06824493408203
2007-11-15,45.308067321777344
2007-11-16,45.453399658203125
2007-11-19,44.25166320800781
2007-11-20,45.240989685058594
2007-11-21,44.2181282043457
2007-11-23,45.33042526245117
2007-11-26,44.620567321777344
2007-11-27,45.22423553466797
2007-11-28,46.509803771972656
2007-11-29,46.129722595214844
2007-11-30,46.38125991821289
2007-12-03,46.20796585083008
2007-12-04,45.91732406616211
2007-12-05,46.44831848144531
2007-12-06,46.889892578125
2007-12-07,46.7054328918457
2007-12-10,47.18612289428711
2007-12-11,45.956443786621094
2007-12-12,46.87871170043945
2007-12-13,45.92292022705078
2007-12-14,44.68205261230469
2007-12-17,43.73183822631836
2007-12-18,44.27960968017578
2007-12-19,43.916297912597656
2007-12-20,44.22932434082031
2007-12-21,44.860931396484375
2007-12-24,45.04435729980469
2007-12-26,45.17045211791992
2007-12-27,44.89531707763672
2007-12-28,45.27937316894531
2007-12-31,44.99849319458008
2008-01-02,44.837982177734375
2008-01-03,44.91249465942383
2008-01-04,43.89216613769531
2008-01-07,43.938018798828125
2008-01-08,43.69153594970703
2008-01-09,44.006805419921875
2008-01-10,43.9609489440918
2008-01-11,43.08391189575195
2008-01-14,43.77178955078125
2008-01-15,42.35017013549805
2008-01-16,41.49605941772461
2008-01-17,40.871238708496094
2008-01-18,41.10626983642578
2008-01-22,39.959800720214844
2008-01-23,39.724788665771484
2008-01-24,41.11773681640625
2008-01-25,40.52156066894531
2008-01-28,40.974422454833984
2008-01-29,41.220924377441406
2008-01-30,41.03175735473633
2008-01-31,41.46739196777344
2008-02-01,42.161014556884766
2008-02-04,41.731082916259766
2008-02-05,39.816497802734375
2008-02-06,39.782100677490234
2008-02-07,39.58148193359375
2008-02-08,39.17448043823242
2008-02-11,39.38084030151367
2008-02-12,40.22922897338867
2008-02-13,40.504390716552734
2008-02-14,40.32093811035156
2008-02-15,40.46997833251953
2008-02-19,40.86552047729492
2008-02-20,40.65341567993164
2008-02-21,40.57889938354492
2008-02-22,41.094791412353516
2008-02-25,41.7482795715332
2008-02-26,42.36737060546875
2008-02-27,42.50493621826172
2008-02-28,42.09795379638672
2008-02-29,41.043216705322266
2008-03-03,41.16358184814453
2008-03-04,40.53877258300781
2008-03-05,41.026004791259766
2008-03-06,40.44132995605469
2008-03-07,39.965545654296875
2008-03-10,39.764923095703125
2008-03-11,41.020286560058594
2008-03-12,41.020286560058594
2008-03-13,41.089080810546875
2008-03-14,40.09738540649414
2008-03-17,39.48975372314453
2008-03-18,40.69926834106445
2008-03-19,39.226070404052734
2008-03-20,39.816497802734375
2008-03-24,40.54450225830078
2008-03-25,41.13492965698242
2008-03-26,41.13492965698242
2008-03-27,41.10053253173828
2008-03-28,41.0661506652832
2008-03-31,41.21518325805664
2008-04-01,42.516395568847656
2008-04-02,42.6081428527832
2008-04-03,42.73423767089844
2008-04-04,42.87754821777344
2008-04-07,43.14122772216797
2008-04-08,42.68838882446289
2008-04-09,42.338706970214844
2008-04-10,42.206871032714844
2008-04-11,41.63936996459961
2008-04-14,41.731082916259766
2008-04-15,42.023441314697266
2008-04-16,43.347599029541016
2008-04-17,42.86608123779297
2008-04-18,43.16990280151367
2008-04-21,43.50811004638672
2008-04-22,43.055240631103516
2008-04-23,43.278804779052734
2008-04-24,42.997920989990234
2008-04-25,43.35332489013672
2008-04-28,43.60554885864258
2008-04-29,43.22148513793945
2008-04-30,43.45650863647461
2008-05-01,43.72018814086914
2008-05-02,43.84056854248047
2008-05-05,43.91509246826172
2008-05-06,44.241844177246094
2008-05-07,43.46797180175781
2008-05-08,43.846309661865234
2008-05-09,43.496639251708984
2008-05-12,43.93230438232422
2008-05-13,43.78325271606445
2008-05-14,43.78325271606445
2008-05-15,44.528438568115234
2008-05-16,45.00996398925781
2008-05-19,44.826515197753906
2008-05-20,44.413814544677734
2008-05-21,43.90935134887695
2008-05-22,44.41952133178711
2008-05-23,43.91509246826172
2008-05-27,43.829097747802734
2008-05-28,43.8233757019043
2008-05-29,43.725929260253906
2008-05-30,43.97241973876953
2008-06-02,43.513832092285156
2008-06-03,43.422119140625
2008-06-04,43.16990280151367
2008-06-05,43.88642883300781
2008-06-06,42.62533187866211
2008-06-09,42.568023681640625
2008-06-10,41.84573745727539
2008-06-11,41.31262969970703
2008-06-12,41.1693229675293
2008-06-13,41.54766845703125
2008-06-16,41.7597541809082
2008-06-17,41.885860443115234
2008-06-18,41.54191970825195
2008-06-19,41.46166229248047
2008-06-20,40.555965423583984
2008-06-23,40.55022430419922
2008-06-24,40.3668098449707
2008-06-25,40.7978401184082
2008-06-26,39.76403045654297
2008-06-27,39.869163513183594
2008-06-30,40.108638763427734
2008-07-01,39.67641830444336
2008-07-02,39.045616149902344
2008-07-03,39.296756744384766
2008-07-07,38.958003997802734
2008-07-08,39.16242980957031
2008-07-09,38.65428161621094
2008-07-10,38.987213134765625
2008-07-11,38.373924255371094
2008-07-14,38.29215621948242
2008-07-15,37.67887496948242
2008-07-16,38.373924255371094
2008-07-17,38.958003997802734
2008-07-18,39.209163665771484
2008-07-21,39.43695831298828
2008-07-22,39.5712890625
2008-07-23,39.71730422973633
2008-07-24,38.9930419921875
2008-07-25,39.07482147216797
2008-07-28,38.420650482177734
2008-07-29,38.80030822753906
2008-07-30,39.16242980957031
2008-07-31,38.77692794799805
2008-08-01,38.198707580566406
2008-08-04,37.836578369140625
2008-08-05,38.79446792602539
2008-08-06,38.80615234375
2008-08-07,38.02931213378906
2008-08-08,38.1870231628418
2008-08-11,38.1519775390625
2008-08-12,37.87746810913086
2008-08-13,37.28169631958008
2008-08-14,37.13569641113281
2008-08-15,36.89036560058594
2008-08-18,36.703468322753906
2008-08-19,36.28876495361328
2008-08-20,36.504878997802734
2008-08-21,36.65089797973633
2008-08-22,36.82027816772461
2008-08-25,36.242042541503906
2008-08-26,36.423118591308594
2008-08-27,36.7677116394043
2008-08-28,37.240814208984375
2008-08-29,37.12984085083008
2008-09-02,36.55744552612305
2008-09-03,36.40559387207031
2008-09-04,34.846099853515625
2008-09-05,34.71759796142578
2008-09-08,35.49442672729492
2008-09-09,34.343788146972656
2008-09-10,34.67670822143555
2008-09-11,34.60078811645508
2008-09-12,35.278316497802734
2008-09-15,33.7772331237793
2008-09-16,33.52608871459961
2008-09-17,32.246944427490234
2008-09-18,33.71298599243164
2008-09-19,36.101863861083984
2008-09-22,34.86946105957031
2008-09-23,34.37883758544922
2008-09-24,34.47813034057617
2008-09-25,35.272483825683594
2008-09-26,34.89866256713867
2008-09-29,31.002853393554688
2008-09-30,32.88360595703125
2008-10-01,32.638282775878906
2008-10-02,31.213123321533203
2008-10-03,31.090482711791992
2008-10-06,29.332395553588867
2008-10-07,27.959810256958008
2008-10-08,27.334848403930664
2008-10-09,25.699434280395508
2008-10-10,24.741552352905273
2008-10-13,28.672399520874023
2008-10-14,28.082468032836914
2008-10-15,25.086151123046875
2008-10-16,26.56386947631836
2008-10-17,25.997316360473633
2008-10-20,27.656095504760742
2008-10-21,26.096603393554688
2008-10-22,24.19251251220703
2008-10-23,24.724023818969727
2008-10-24,23.12364959716797
2008-10-27,21.908769607543945
2008-10-28,24.928447723388672
2008-10-29,24.98685646057129
2008-10-30,25.86298179626465
2008-10-31,26.0323543548584
2008-11-03,26.137495040893555
2008-11-04,27.930614471435547
2008-11-05,26.412002563476562
2008-11-06,24.706499099731445
2008-11-07,26.102449417114258
2008-11-10,25.711111068725586
2008-11-11,24.86419677734375
2008-11-12,23.526660919189453
2008-11-13,25.530054092407227
2008-11-14,24.06402015686035
2008-11-17,23.625957489013672
2008-11-18,23.66684341430664
2008-11-19,22.083993911743164
2008-11-20,20.869112014770508
2008-11-21,22.3526611328125
2008-11-24,23.690208435058594
2008-11-25,24.122425079345703
2008-11-26,24.385265350341797
2008-11-28,24.373579025268555
2008-12-01,22.38187599182129
2008-12-02,23.596757888793945
2008-12-03,23.912153244018555
2008-12-04,23.17621612548828
2008-12-05,23.468259811401367
2008-12-08,24.583845138549805
2008-12-09,24.356054306030273
2008-12-10,24.9985408782959
2008-12-11,24.887557983398438
2008-12-12,25.132877349853516
2008-12-15,25.197128295898438
2008-12-16,26.645627975463867
2008-12-17,26.51130485534668
2008-12-18,25.699434280395508
2008-12-19,25.32562255859375
2008-12-22,25.150407791137695
2008-12-23,24.96170997619629
2008-12-24,25.292959213256836
2008-12-26,25.411258697509766
2008-12-29,25.417173385620117
2008-12-30,26.180213928222656
2008-12-31,26.535123825073242
2009-01-02,26.878202438354492
2009-01-05,26.446393966674805
2009-01-06,26.730327606201172
2009-01-07,26.268945693969727
2009-01-08,26.659339904785156
2009-01-09,25.73658561706543
2009-01-12,25.11549186706543
2009-01-13,24.654125213623047
2009-01-14,23.642641067504883
2009-01-15,23.855588912963867
2009-01-16,23.9975528717041
2009-01-20,22.240766525268555
2009-01-21,23.32913589477539
2009-01-22,22.784954071044922
2009-01-23,22.625247955322266
2009-01-26,23.068880081176758
2009-01-27,23.51841926574707
2009-01-28,24.210494995117188
2009-01-29,23.110279083251953
2009-01-30,22.891429901123047
2009-02-02,22.666648864746094
2009-02-03,23.31731414794922
2009-02-04,23.19900894165039
2009-02-05,23.53025245666504
2009-02-06,24.074445724487305
2009-02-09,24.068525314331055
2009-02-10,22.873687744140625
2009-02-11,23.122116088867188
2009-02-12,23.051137924194336
2009-02-13,22.80269432067871
2009-02-17,21.590103149414062
2009-02-18,21.572362899780273
2009-02-19,21.54277992248535
2009-02-20,21.22928237915039
2009-02-23,20.418914794921875
2009-02-24,21.27068519592285
2009-02-25,20.685096740722656
2009-02-26,20.513561248779297
2009-02-27,20.513561248779297
2009-03-02,19.336450576782227
2009-03-03,19.259557723999023
2009-03-04,20.11724090576172
2009-03-05,19.306875228881836
2009-03-06,19.27138328552246
2009-03-09,18.7508602142334
2009-03-10,20.010784149169922
2009-03-11,20.1231689453125
2009-03-12,20.578624725341797
2009-03-13,20.71467399597168
2009-03-16,20.939449310302734
2009-03-17,21.489553451538086
2009-03-18,22.104717254638672
2009-03-19,22.09288215637207
2009-03-20,21.785306930541992
2009-03-23,23.35280418395996
2009-03-24,22.619333267211914
2009-03-25,22.96832275390625
2009-03-26,23.275907516479492
2009-03-27,22.530609130859375
2009-03-30,21.672916412353516
2009-03-31,22.234848022460938
2009-04-01,22.814525604248047
2009-04-02,23.843759536743164
2009-04-03,23.97980308532715
2009-04-06,23.482938766479492
2009-04-07,22.991981506347656
2009-04-08,23.222675323486328
2009-04-09,23.843759536743164
2009-04-13,24.080364227294922
2009-04-14,23.849672317504883
2009-04-15,24.163175582885742
2009-04-16,24.31696891784668
2009-04-17,24.234155654907227
2009-04-20,23.24041748046875
2009-04-21,23.772777557373047
2009-04-22,23.583492279052734
2009-04-23,24.174997329711914
2009-04-24,24.547649383544922
2009-04-27,24.257814407348633
2009-04-28,24.027124404907227
2009-04-29,24.642297744750977
2009-04-30,24.79608726501465
2009-05-01,25.0859317779541
2009-05-04,26.12697982788086
2009-05-05,25.866718292236328
2009-05-06,26.493724822998047
2009-05-07,26.05008316040039
2009-05-08,27.17987632751465
2009-05-11,26.48780632019043
2009-05-12,26.771724700927734
2009-05-13,25.86079978942871
2009-05-14,26.115150451660156
2009-05-15,25.878549575805664
2009-05-18,26.866369247436523
2009-05-19,27.108888626098633
2009-05-20,27.286338806152344
2009-05-21,27.079303741455078
2009-05-22,27.23310089111328
2009-05-26,27.77729606628418
2009-05-27,27.23902130126953
2009-05-28,27.517040252685547
2009-05-29,28.0671443939209
2009-06-01,28.759197235107422
2009-06-02,29.007638931274414
2009-06-03,28.14403533935547
2009-06-04,28.321489334106445
2009-06-05,27.972492218017578
2009-06-08,27.913339614868164
2009-06-09,28.256418228149414
2009-06-10,28.309661865234375
2009-06-11,28.79469108581543
2009-06-12,28.64681053161621
2009-06-15,27.61758804321289
2009-06-16,27.298179626464844
2009-06-17,27.37506675720215
2009-06-18,27.327749252319336
2009-06-19,27.759552001953125
2009-06-22,26.866369247436523
2009-06-23,27.21976089477539
2009-06-24,27.24392318725586
2009-06-25,27.817792892456055
2009-06-26,27.763423919677734
2009-06-29,27.999013900756836
2009-06-30,27.672821044921875
2009-07-01,28.13191032409668
2009-07-02,27.32244873046875
2009-07-06,27.358701705932617
2009-07-07,26.694211959838867
2009-07-08,26.58547592163086
2009-07-09,26.911678314208984
2009-07-10,26.597553253173828
2009-07-13,27.062698364257812
2009-07-14,27.207683563232422
2009-07-15,28.13796043395996
2009-07-16,28.385631561279297
2009-07-17,28.282920837402344
2009-07-20,28.832651138305664
2009-07-21,29.013870239257812
2009-07-22,29.08635711669922
2009-07-23,29.575658798217773
2009-07-24,29.75688362121582
2009-07-27,29.787086486816406
2009-07-28,29.66023063659668
2009-07-29,29.418601989746094
2009-07-30,29.992469787597656
2009-07-31,30.45157241821289
2009-08-03,31.15834617614746
2009-08-04,31.110017776489258
2009-08-05,30.983165740966797
2009-08-06,30.78985595703125
2009-08-07,30.75965118408203
2009-08-10,30.57238006591797
2009-08-11,30.39720344543457
2009-08-12,30.741527557373047
2009-08-13,31.212709426879883
2009-08-14,30.946918487548828
2009-08-17,29.950185775756836
2009-08-18,30.469688415527344
2009-08-19,30.729450225830078
2009-08-20,30.946918487548828
2009-08-21,31.62348747253418
2009-08-24,31.617441177368164
2009-08-25,31.931562423706055
2009-08-26,31.798667907714844
2009-08-27,32.040306091308594
2009-08-28,32.05842208862305
2009-08-31,31.822832107543945
2009-09-01,31.03148651123047
2009-09-02,30.9952392578125
2009-09-03,31.23686981201172
2009-09-04,31.714094161987305
2009-09-08,32.342342376708984
2009-09-09,32.741024017333984
2009-09-10,33.03099060058594
2009-09-11,32.988704681396484
2009-09-14,33.055152893066406
2009-09-15,33.06119918823242
2009-09-16,33.71358871459961
2009-09-17,33.49612808227539
2009-09-18,33.58673858642578
2009-09-21,33.230342864990234
2009-09-22,33.68943786621094
2009-09-23,33.39946365356445
2009-09-24,32.910179138183594
2009-09-25,32.771236419677734
2009-09-28,33.2182502746582
2009-09-29,33.01890563964844
2009-09-30,33.03099060058594
2009-10-01,32.16715621948242
2009-10-02,31.810749053955078
2009-10-05,32.26985168457031
2009-10-06,32.813514709472656
2009-10-07,32.9343376159668
2009-10-08,33.411556243896484
2009-10-09,33.326988220214844
2009-10-12,33.526344299316406
2009-10-13,33.45384216308594
2009-10-14,34.257266998291016
2009-10-15,34.414329528808594
2009-10-16,33.89481735229492
2009-10-19,34.43848419189453
2009-10-20,34.257266998291016
2009-10-21,34.14249038696289
2009-10-22,34.47473907470703
2009-10-23,33.931068420410156
2009-10-26,33.417606353759766
2009-10-27,33.15180587768555
2009-10-28,32.35442352294922
2009-10-29,33.308868408203125
2009-10-30,32.19736099243164
2009-11-02,32.5114860534668
2009-11-03,32.38462448120117
2009-11-04,32.71083450317383
2009-11-05,33.133689880371094
2009-11-06,33.230342864990234
2009-11-09,34.160614013671875
2009-11-10,33.97938919067383
2009-11-11,34.08208084106445
2009-11-12,33.58673858642578
2009-11-13,34.05792999267578
2009-11-16,34.60158920288086
2009-11-17,34.372047424316406
2009-11-18,34.263309478759766
2009-11-19,33.616943359375
2009-11-20,33.42967987060547
2009-11-23,34.0277099609375
2009-11-24,33.88877487182617
2009-11-25,34.34184265136719
2009-11-27,33.35116195678711
2009-11-30,33.45989227294922
2009-12-01,34.378089904785156
2009-12-02,34.43243408203125
2009-12-03,34.35391616821289
2009-12-04,34.23310089111328
2009-12-07,34.04584503173828
2009-12-08,33.45384216308594
2009-12-09,33.411556243896484
2009-12-10,33.51425552368164
2009-12-11,33.502174377441406
2009-12-14,33.8283805847168
2009-12-15,33.45384216308594
2009-12-16,33.846492767333984
2009-12-17,33.04911422729492
2009-12-18,33.12763595581055
2009-12-21,33.22428894042969
2009-12-22,33.435211181640625
2009-12-23,33.739990234375
2009-12-24,33.87409210205078
2009-12-28,34.02039337158203
2009-12-29,34.07525634765625
2009-12-30,33.935054779052734
2009-12-31,33.697322845458984
2010-01-04,34.581199645996094
2010-01-05,34.611690521240234
2010-01-06,34.757991790771484
2010-01-07,34.62386703491211
2010-01-08,34.8981819152832
2010-01-11,35.18468475341797
2010-01-12,34.77017593383789
2010-01-13,35.06277847290039
2010-01-14,35.330989837646484
2010-01-15,34.77627182006836
2010-01-19,35.11763381958008
2010-01-20,34.2215576171875
2010-01-21,33.49007034301758
2010-01-22,32.837825775146484
2010-01-25,33.240142822265625
2010-01-26,33.051177978515625
2010-01-27,33.01459884643555
2010-01-28,32.45989227294922
2010-01-29,31.990509033203125
2010-02-01,32.575714111328125
2010-02-02,33.118228912353516
2010-02-03,32.77075958251953
2010-02-04,31.435802459716797
2010-02-05,31.380935668945312
2010-02-08,30.759174346923828
2010-02-09,31.728391647338867
2010-02-10,31.52722930908203
2010-02-11,31.81983184814453
2010-02-12,31.545520782470703
2010-02-16,32.24653625488281
2010-02-17,32.289207458496094
2010-02-18,32.472084045410156
2010-02-19,32.27092742919922
2010-02-22,32.33189010620117
2010-02-23,31.87470054626465
2010-02-24,32.07584762573242
2010-02-25,31.880794525146484
2010-02-26,32.07584762573242
2010-03-01,32.32579040527344
2010-03-02,32.569618225097656
2010-03-03,32.95974349975586
2010-03-04,32.8744010925293
2010-03-05,33.51445007324219
2010-03-08,33.51445007324219
2010-03-09,33.435211181640625
2010-03-10,33.575416564941406
2010-03-11,33.70341110229492
2010-03-12,33.9289665222168
2010-03-15,33.69123077392578
2010-03-16,34.117923736572266
2010-03-17,34.30081558227539
2010-03-18,34.09963607788086
2010-03-19,33.7521858215332
2010-03-22,33.84972381591797
2010-03-23,34.08745193481445
2010-03-24,33.52665328979492
2010-03-25,33.50835418701172
2010-03-26,33.837520599365234
2010-03-29,34.124027252197266
2010-03-30,34.124027252197266
2010-03-31,34.124027252197266
2010-04-01,34.727508544921875
2010-04-05,34.764076232910156
2010-04-06,34.66654586791992
2010-04-07,34.422706604003906
2010-04-08,34.386146545410156
2010-04-09,34.83723449707031
2010-04-12,34.94695281982422
2010-04-13,34.91647720336914
2010-04-14,35.3797607421875
2010-04-15,35.355377197265625
2010-04-16,34.57511901855469
2010-04-19,34.483673095703125
2010-04-20,34.6970329284668
2010-04-21,34.47148132324219
2010-04-22,34.16059875488281
2010-04-23,34.416629791259766
2010-04-26,34.45319747924805
2010-04-27,33.0694580078125
2010-04-28,33.07555389404297
2010-04-29,33.58759307861328
2010-04-30,33.166996002197266
2010-05-03,33.404727935791016
2010-05-04,32.08195114135742
2010-05-05,31.466270446777344
2010-05-06,30.064252853393555
2010-05-07,29.997209548950195
2010-05-10,31.94174575805664
2010-05-11,31.42360496520996
2010-05-12,31.777162551879883
2010-05-13,31.362651824951172
2010-05-14,30.472688674926758
2010-05-17,30.515342712402344
2010-05-18,29.857004165649414
2010-05-19,29.972820281982422
2010-05-20,28.930444717407227
2010-05-21,29.637542724609375
2010-05-24,28.954822540283203
2010-05-25,28.84510040283203
2010-05-26,28.418394088745117
2010-05-27,30.033775329589844
2010-05-28,29.454675674438477
2010-06-01,29.162076950073242
2010-06-02,29.942340850830078
2010-06-03,29.850902557373047
2010-06-04,28.576894760131836
2010-06-07,28.217247009277344
2010-06-08,28.668325424194336
2010-06-09,28.564701080322266
2010-06-10,29.77165985107422
2010-06-11,29.814321517944336
2010-06-14,30.0033016204834
2010-06-15,30.954238891601562
2010-06-16,30.807937622070312
2010-06-17,30.90546226501465
2010-06-18,30.850597381591797
2010-06-21,30.844512939453125
2010-06-22,30.454381942749023
2010-06-23,30.658443450927734
2010-06-24,30.12503433227539
2010-06-25,30.298709869384766
2010-06-28,30.075420379638672
2010-06-29,29.045820236206055
2010-06-30,28.84733772277832
2010-07-01,29.26910400390625
2010-07-02,29.207082748413086
2010-07-06,29.790102005004883
2010-07-07,30.720458984375
2010-07-08,31.018186569213867
2010-07-09,31.049190521240234
2010-07-12,30.93134307861328
2010-07-13,31.50196075439453
2010-07-14,31.61360740661621
2010-07-15,31.768665313720703
2010-07-16,30.751476287841797
2010-07-19,30.949962615966797
2010-07-20,31.160831451416016
2010-07-21,30.59642219543457
2010-07-22,31.62601661682129
2010-07-23,31.99816131591797
2010-07-26,32.2214469909668
2010-07-27,32.314476013183594
2010-07-28,32.147010803222656
2010-07-29,32.295867919921875
2010-07-30,32.1966438293457
2010-08-02,33.28205108642578
2010-08-03,33.232444763183594
2010-08-04,33.263450622558594
2010-08-05,33.23863983154297
2010-08-06,33.33787536621094
2010-08-09,33.375099182128906
2010-08-10,33.108394622802734
2010-08-11,31.6012020111084
2010-08-12,31.563993453979492
2010-08-13,31.45234489440918
2010-08-16,31.706642150878906
2010-08-17,32.06018829345703
2010-08-18,32.04777526855469
2010-08-19,31.532981872558594
2010-08-20,31.204254150390625
2010-08-23,31.142227172851562
2010-08-24,30.71426010131836
2010-08-25,30.745269775390625
2010-08-26,30.732873916625977
2010-08-27,31.334501266479492
2010-08-30,30.881729125976562
2010-08-31,30.97475814819336
2010-09-01,32.07878875732422
2010-09-02,32.25865936279297
2010-09-03,32.55637741088867
2010-09-07,32.10359573364258
2010-09-08,32.3516960144043
2010-09-09,32.65562057495117
2010-09-10,32.754852294921875
2010-09-13,33.35028076171875
2010-09-14,33.573570251464844
2010-09-15,33.585975646972656
2010-09-16,33.42470932006836
2010-09-17,33.263450622558594
2010-09-20,33.84027099609375
2010-09-21,33.83405685424805
2010-09-22,33.78445053100586
2010-09-23,33.418514251708984
2010-09-24,34.34886169433594
2010-09-27,34.175193786621094
2010-09-28,34.37367248535156
2010-09-29,34.3178596496582
2010-09-30,34.063568115234375
2010-10-01,34.404693603515625
2010-10-04,33.90850830078125
2010-10-05,34.86986541748047
2010-10-06,35.161380767822266
2010-10-07,35.043540954589844
2010-10-08,35.27302169799805
2010-10-11,35.22960662841797
2010-10-12,35.155181884765625
2010-10-13,35.55213165283203
2010-10-14,35.80023956298828
2010-10-15,35.68238067626953
2010-10-18,35.76300811767578
2010-10-19,34.97530746459961
2010-10-20,35.63276290893555
2010-10-21,35.440486907958984
2010-10-22,35.53351593017578
2010-10-25,35.66997528076172
2010-10-26,35.440486907958984
2010-10-27,35.09935760498047
2010-10-28,35.37226867675781
2010-10-29,35.35985565185547
2010-11-01,35.22960662841797
2010-11-02,35.8126335144043
2010-11-03,36.06072235107422
2010-11-04,36.87944793701172
2010-11-05,36.71818542480469
2010-11-08,36.49489212036133
2010-11-09,36.12895584106445
2010-11-10,36.234397888183594
2010-11-11,35.92427062988281
2010-11-12,35.62656021118164
2010-11-15,35.60175323486328
2010-11-16,34.76442337036133
2010-11-17,34.956703186035156
2010-11-18,35.831241607666016
2010-11-19,35.831241607666016
2010-11-22,35.446693420410156
2010-11-23,34.379878997802734
2010-11-24,34.925689697265625
2010-11-26,34.34266662597656
2010-11-29,34.038761138916016
2010-11-30,33.65419387817383
2010-12-01,34.609371185302734
2010-12-02,35.26681900024414
2010-12-03,35.60795593261719
2010-12-06,35.446693420410156
2010-12-07,35.46530532836914
2010-12-08,35.570735931396484
2010-12-09,35.66377258300781
2010-12-10,35.744415283203125
2010-12-13,36.12895584106445
2010-12-14,36.184776306152344
2010-12-15,35.70718765258789
2010-12-16,35.905670166015625
2010-12-17,35.70718765258789
2010-12-20,35.78782272338867
2010-12-21,36.08708572387695
2010-12-22,36.15595626831055
2010-12-23,36.137176513671875
2010-12-27,36.062042236328125
2010-12-28,36.093345642089844
2010-12-29,36.406394958496094
2010-12-30,36.231082916259766
2010-12-31,36.45021438598633
2011-01-03,36.7507209777832
2011-01-04,36.63804244995117
2011-01-05,36.481529235839844
2011-01-06,36.062042236328125
2011-01-07,35.918052673339844
2011-01-10,35.855438232421875
2011-01-11,36.099605560302734
2011-01-12,36.89472961425781
2011-01-13,36.994895935058594
2011-01-14,37.22029113769531
2011-01-18,37.464454650878906
2011-01-19,37.207763671875
2011-01-20,36.888465881347656
2011-01-21,37.08880615234375
2011-01-24,37.483238220214844
2011-01-25,37.408119201660156
2011-01-26,37.64603042602539
2011-01-27,37.733665466308594
2011-01-28,36.89472961425781
2011-01-31,37.214027404785156
2011-02-01,38.0967903137207
2011-02-02,38.06549072265625
2011-02-03,38.071754455566406
2011-02-04,38.05923080444336
2011-02-07,38.17818069458008
2011-02-08,38.428619384765625
2011-02-09,38.315921783447266
2011-02-10,38.06549072265625
2011-02-11,38.08427810668945
2011-02-14,38.15940856933594
2011-02-15,38.04671096801758
2011-02-16,38.50373840332031
2011-02-17,38.63521957397461
2011-02-18,38.766693115234375
2011-02-22,37.658538818359375
2011-02-23,37.70863342285156
2011-02-24,37.73992919921875
2011-02-25,38.190704345703125
2011-02-28,38.53504943847656
2011-03-01,37.996620178222656
2011-03-02,38.19697189331055
2011-03-03,38.68531799316406
2011-03-04,38.33469772338867
2011-03-07,37.96531295776367
2011-03-08,38.08427810668945
2011-03-09,38.0967903137207
2011-03-10,37.15142059326172
2011-03-11,37.15142059326172
2011-03-14,36.4877815246582
2011-03-15,35.723960876464844
2011-03-16,34.615806579589844
2011-03-17,35.767791748046875
2011-03-18,36.26237869262695
2011-03-21,37.157676696777344
2011-03-22,37.05124282836914
2011-03-23,37.095069885253906
2011-03-24,37.58967208862305
2011-03-25,37.17646026611328
2011-03-28,37.157676696777344
2011-03-29,37.35176467895508
2011-03-30,37.7962760925293
2011-03-31,37.614715576171875
2011-04-01,37.971588134765625
2011-04-04,38.02165985107422
2011-04-05,37.927757263183594
2011-04-06,38.24079132080078
2011-04-07,38.05295944213867
2011-04-08,38.36601257324219
2011-04-11,38.29087829589844
2011-04-12,37.93402099609375
2011-04-13,38.04671096801758
2011-04-14,38.21575164794922
2011-04-15,38.15940856933594
2011-04-18,37.37680435180664
2011-04-19,37.65228271484375
2011-04-20,38.61019515991211
2011-04-21,38.8606071472168
2011-04-25,38.8606071472168
2011-04-26,39.16112518310547
2011-04-27,39.64947509765625
2011-04-28,39.91868209838867
2011-04-29,39.73085021972656
2011-05-02,39.987548828125
2011-05-03,39.6619873046875
2011-05-04,39.323909759521484
2011-05-05,38.54757308959961
2011-05-06,38.56634521484375
2011-05-09,38.84182357788086
2011-05-10,39.21120834350586
2011-05-11,38.422359466552734
2011-05-12,38.54757308959961
2011-05-13,37.946537017822266
2011-05-16,37.87766647338867
2011-05-17,37.95905303955078
2011-05-18,38.190704345703125
2011-05-19,38.40983963012695
2011-05-20,37.865142822265625
2011-05-23,36.9886474609375
2011-05-24,37.20149230957031
2011-05-25,37.439414978027344
2011-05-26,37.790016174316406
2011-05-27,38.06549072265625
2011-05-31,38.85435104370117
2011-06-01,37.93402099609375
2011-06-02,38.128108978271484
2011-06-03,38.146881103515625
2011-06-06,37.65228271484375
2011-06-07,37.996620178222656
2011-06-08,37.50828170776367
2011-06-09,37.89645767211914
2011-06-10,37.019935607910156
2011-06-13,37.0762825012207
2011-06-14,37.733665466308594
2011-06-15,36.49403762817383
2011-06-16,36.36882019042969
2011-06-17,36.72568130493164
2011-06-20,36.681861877441406
2011-06-21,37.47697830200195
2011-06-22,37.11381912231445
2011-06-23,36.79469299316406
2011-06-24,36.44366455078125
2011-06-27,36.74363708496094
2011-06-28,37.184017181396484
2011-06-29,37.83503723144531
2011-06-30,38.3839225769043
2011-07-01,38.80515670776367
2011-07-05,38.57539749145508
2011-07-06,38.33286666870117
2011-07-07,38.66474914550781
2011-07-08,38.186065673828125
2011-07-11,37.03084945678711
2011-07-12,36.78194046020508
2011-07-13,37.33082962036133
2011-07-14,37.00532150268555
2011-07-15,37.13296890258789
2011-07-18,36.58407974243164
2011-07-19,37.13296890258789
2011-07-20,37.5733528137207
2011-07-21,38.37114715576172
2011-07-22,38.409446716308594
2011-07-25,38.16691970825195
2011-07-26,38.39668273925781
2011-07-27,37.46485137939453
2011-07-28,37.375484466552734
2011-07-29,37.47123336791992
2011-08-01,36.99892807006836
2011-08-02,36.02242660522461
2011-08-03,36.233036041259766
2011-08-04,33.70560073852539
2011-08-05,34.29917526245117
2011-08-08,31.73982048034668
2011-08-09,33.877925872802734
2011-08-10,31.854690551757812
2011-08-11,33.38010787963867
2011-08-12,33.7630500793457
2011-08-15,34.548091888427734
2011-08-16,34.04386901855469
2011-08-17,34.241722106933594
2011-08-18,32.575904846191406
2011-08-19,32.02064514160156
2011-08-22,32.22488021850586
2011-08-23,33.27159881591797
2011-08-24,33.284366607666016
2011-08-25,32.48017883300781
2011-08-26,32.99076843261719
2011-08-29,33.77579879760742
2011-08-30,33.577945709228516
2011-08-31,34.19066619873047
2011-09-01,33.76942825317383
2011-09-02,33.016300201416016
2011-09-06,31.931293487548828
2011-09-07,32.88227462768555
2011-09-08,32.23126220703125
2011-09-09,31.114337921142578
2011-09-12,30.980310440063477
2011-09-13,31.31218910217285
2011-09-14,31.78449058532715
2011-09-15,32.47379684448242
2011-09-16,32.4865608215332
2011-09-19,31.5930233001709
2011-09-20,31.720666885375977
2011-09-21,30.77605628967285
2011-09-22,29.780410766601562
2011-09-23,30.11867904663086
2011-09-26,30.737775802612305
2011-09-27,31.497285842895508
2011-09-28,30.961158752441406
2011-09-29,31.567489624023438
2011-09-30,30.495243072509766
2011-10-03,29.69105339050293
2011-10-04,30.18888282775879
2011-10-05,30.654804229736328
2011-10-06,31.478132247924805
2011-10-07,31.261133193969727
2011-10-10,32.454647064208984
2011-10-11,32.39719772338867
2011-10-12,32.869503021240234
2011-10-13,32.88227462768555
2011-10-14,33.265220642089844
2011-10-17,32.49932098388672
2011-10-18,32.96524429321289
2011-10-19,32.371673583984375
2011-10-20,32.454647064208984
2011-10-21,33.23968505859375
2011-10-24,33.73751449584961
2011-10-25,33.156707763671875
2011-10-26,33.609859466552734
2011-10-27,35.4671516418457
2011-10-28,35.262908935546875
2011-10-31,33.43116760253906
2011-11-01,32.384437561035156
2011-11-02,32.65888214111328
2011-11-03,33.482208251953125
2011-11-04,33.06097412109375
2011-11-07,33.20139694213867
2011-11-08,33.603485107421875
2011-11-09,31.880224227905273
2011-11-10,32.25679016113281
2011-11-11,33.06097412109375
2011-11-14,32.47379684448242
2011-11-15,32.384437561035156
2011-11-16,31.765352249145508
2011-11-17,31.420686721801758
2011-11-18,31.529186248779297
2011-11-21,30.731401443481445
2011-11-22,30.642032623291016
2011-11-23,29.799549102783203
2011-11-25,29.646381378173828
2011-11-28,30.910099029541016
2011-11-29,31.114337921142578
2011-11-30,32.70355987548828
2011-12-01,32.422725677490234
2011-12-02,32.41635513305664
2011-12-05,32.786529541015625
2011-12-06,32.63335418701172
2011-12-07,32.86311721801758
2011-12-08,31.78449058532715
2011-12-09,32.575904846191406
2011-12-12,31.624923706054688
2011-12-13,31.197309494018555
2011-12-14,30.827123641967773
2011-12-15,30.980310440063477
2011-12-16,30.852657318115234
2011-12-19,30.565448760986328
2011-12-20,31.643474578857422
2011-12-21,31.475540161132812
2011-12-22,31.75974464416504
2011-12-23,31.979366302490234
2011-12-27,31.837265014648438
2011-12-28,31.26239585876465
2011-12-29,31.837265014648438
2011-12-30,31.992279052734375
2012-01-03,32.8642692565918
2012-01-04,32.670501708984375
2012-01-05,32.18606185913086
2012-01-06,31.746835708618164
2012-01-09,31.869558334350586
2012-01-10,32.35398864746094
2012-01-11,32.250648498535156
2012-01-12,32.38629150390625
2012-01-13,32.0374870300293
2012-01-17,32.4185791015625
2012-01-18,32.961158752441406
2012-01-19,33.36807632446289
2012-01-20,33.54248809814453
2012-01-23,33.671669006347656
2012-01-24,33.48434829711914
2012-01-25,33.833152770996094
2012-01-26,33.84606170654297
2012-01-27,33.90419387817383
2012-01-30,33.50373077392578
2012-01-31,33.67811965942383
2012-02-01,34.2077751159668
2012-02-02,34.27882385253906
2012-02-03,34.81493377685547
2012-02-06,34.64700698852539
2012-02-07,34.86015319824219
2012-02-08,34.98286819458008
2012-02-09,35.073307037353516
2012-02-10,34.40800094604492
2012-02-13,34.80202102661133
2012-02-14,34.54365539550781
2012-02-15,34.5824089050293
2012-02-16,35.06037902832031
2012-02-17,35.21541213989258
2012-02-21,35.22186279296875
2012-02-22,35.1185188293457
2012-02-23,35.409183502197266
2012-02-24,35.62234115600586
2012-02-27,35.44148254394531
2012-02-28,35.770896911621094
2012-02-29,35.30583190917969
2012-03-01,35.706295013427734
2012-03-02,35.37688446044922
2012-03-05,35.1895637512207
2012-03-06,34.065673828125
2012-03-07,34.48551559448242
2012-03-08,35.22832489013672
2012-03-09,35.112064361572266
2012-03-12,35.021629333496094
2012-03-13,35.59003448486328
2012-03-14,35.273536682128906
2012-03-15,35.60941696166992
2012-03-16,35.85486602783203
2012-03-19,36.04218292236328
2012-03-20,35.61587905883789
2012-03-21,35.38334655761719
2012-03-22,35.13789367675781
2012-03-23,35.38334655761719
2012-03-26,35.83549118041992
2012-03-27,35.60941696166992
2012-03-28,35.36396789550781
2012-03-29,35.13789367675781
2012-03-30,35.45438766479492
2012-04-02,35.86778259277344
2012-04-03,35.24124526977539
2012-04-04,34.453224182128906
2012-04-05,34.24652862548828
2012-04-09,34.09797286987305
2012-04-10,33.36807632446289
2012-04-11,33.833152770996094
2012-04-12,34.453224182128906
2012-04-13,33.79438018798828
2012-04-16,34.03984069824219
2012-04-17,34.5824089050293
2012-04-18,34.40154266357422
2012-04-19,34.19485855102539
2012-04-20,34.52427673339844
2012-04-23,33.833152770996094
2012-04-24,34.10442352294922
2012-04-25,34.569488525390625
2012-04-26,34.77618408203125
2012-04-27,34.91829299926758
2012-04-30,34.71805191040039
2012-05-01,34.86015319824219
2012-05-02,34.588863372802734
2012-05-03,34.285282135009766
2012-05-04,33.76209259033203
2012-05-07,34.00754165649414
2012-05-08,33.48434829711914
2012-05-09,33.096797943115234
2012-05-10,33.25181198120117
2012-05-11,33.04512405395508
2012-05-14,32.41212844848633
2012-05-15,32.005191802978516
2012-05-16,31.688695907592773
2012-05-17,31.301149368286133
2012-05-18,31.0750675201416
2012-05-21,31.75974464416504
2012-05-22,31.643474578857422
2012-05-23,31.385108947753906
2012-05-24,31.178417205810547
2012-05-25,31.068614959716797
2012-05-29,31.46263313293457
2012-05-30,30.719820022583008
2012-05-31,30.849002838134766
2012-06-01,30.06744384765625
2012-06-04,30.319351196289062
2012-06-05,30.53896141052246
2012-06-06,31.39158058166504
2012-06-07,31.436786651611328
2012-06-08,31.333444595336914
2012-06-11,31.02986717224121
2012-06-12,31.546600341796875
2012-06-13,31.294687271118164
2012-06-14,31.5272216796875
2012-06-15,31.9729061126709
2012-06-18,31.882465362548828
2012-06-19,32.41212844848633
2012-06-20,32.59944152832031
2012-06-21,31.746129989624023
2012-06-22,32.01714324951172
2012-06-25,31.30329132080078
2012-06-26,31.50818634033203
2012-06-27,31.805625915527344
2012-06-28,31.871719360351562
2012-06-29,33.02180099487305
2012-07-02,33.23991012573242
2012-07-03,33.543949127197266
2012-07-05,32.98875427246094
2012-07-06,32.67808532714844
2012-07-09,32.60538864135742
2012-07-10,32.387271881103516
2012-07-11,32.48640823364258
2012-07-12,32.16254425048828
2012-07-13,32.61861038208008
2012-07-16,32.61199951171875
2012-07-17,32.70453643798828
2012-07-18,32.96229934692383
2012-07-19,33.26633834838867
2012-07-20,32.48640823364258
2012-07-23,31.818836212158203
2012-07-24,31.475139617919922
2012-07-25,31.640380859375
2012-07-26,32.60538864135742
2012-07-27,33.292789459228516
2012-07-30,33.253135681152344
2012-07-31,33.04823303222656
2012-08-01,33.05484390258789
2012-08-02,32.592166900634766
2012-08-03,33.702598571777344
2012-08-06,33.9405403137207
2012-08-07,34.224754333496094
2012-08-08,34.20492172241211
2012-08-09,34.224754333496094
2012-08-10,34.28424072265625
2012-08-13,34.11899185180664
2012-08-14,34.19831848144531
2012-08-15,34.09917068481445
2012-08-16,34.522193908691406
2012-08-17,34.568458557128906
2012-08-20,34.528804779052734
2012-08-21,34.72708511352539
2012-08-22,34.68743133544922
2012-08-23,34.48914337158203
2012-08-24,34.4362678527832
2012-08-27,34.456092834472656
2012-08-28,34.42304992675781
2012-08-29,34.31727600097656
2012-08-30,33.808345794677734
2012-08-31,34.10578536987305
2012-09-04,33.93393325805664
2012-09-05,33.84138870239258
2012-09-06,34.680816650390625
2012-09-07,35.20297622680664
2012-09-10,34.92536163330078
2012-09-11,35.321956634521484
2012-09-12,35.55328369140625
2012-09-13,36.09527587890625
2012-09-14,36.45220184326172
2012-09-17,36.260528564453125
2012-09-18,36.10849380493164
2012-09-19,36.260528564453125
2012-09-20,36.02918243408203
2012-09-21,36.04901885986328
2012-09-24,35.92343521118164
2012-09-25,35.672264099121094
2012-09-26,35.31535339355469
2012-09-27,35.738365173339844
2012-09-28,35.03113555908203
2012-10-01,35.31535339355469
2012-10-02,35.45415115356445
2012-10-03,35.30873107910156
2012-10-04,35.738365173339844
2012-10-05,35.784629821777344
2012-10-08,35.5731201171875
2012-10-09,35.05756759643555
2012-10-10,34.95842742919922
2012-10-11,35.18315124511719
2012-10-12,35.14349365234375
2012-10-15,35.48719024658203
2012-10-16,36.07545471191406
2012-10-17,36.41254425048828
2012-10-18,36.273746490478516
2012-10-19,35.784629821777344
2012-10-22,36.035804748535156
2012-10-23,35.2624626159668
2012-10-24,35.28229522705078
2012-10-25,35.49380874633789
2012-10-26,35.44093704223633
2012-10-31,35.414493560791016
2012-11-01,35.83089065551758
2012-11-02,35.48719024658203
2012-11-05,35.40127182006836
2012-11-06,35.738365173339844
2012-11-07,35.20297622680664
2012-11-08,34.885719299316406
2012-11-09,34.89893341064453
2012-11-12,34.87251663208008
2012-11-13,34.700645446777344
2012-11-14,34.33711242675781
2012-11-15,34.44948196411133
2012-11-16,34.429649353027344
2012-11-19,35.17654037475586
2012-11-20,35.22941970825195
2012-11-21,35.288902282714844
2012-11-23,36.04901885986328
2012-11-26,35.96309280395508
2012-11-27,35.784629821777344
2012-11-28,36.042396545410156
2012-11-29,36.35306167602539
2012-11-30,36.399330139160156
2012-12-03,36.445594787597656
2012-12-04,36.53812789916992
2012-12-05,36.591007232666016
2012-12-06,36.66371154785156
2012-12-07,36.67692947387695
2012-12-10,36.716590881347656
2012-12-11,36.9281005859375
2012-12-12,37.04706954956055
2012-12-13,36.93470764160156
2012-12-14,37.066898345947266
2012-12-17,37.218929290771484
2012-12-18,37.606483459472656
2012-12-19,37.74012756347656
2012-12-20,37.99403762817383
2012-12-21,37.760162353515625
2012-12-24,37.65993118286133
2012-12-26,37.65325927734375
2012-12-27,37.82699203491211
2012-12-28,37.426063537597656
2012-12-31,37.99403762817383
2013-01-02,38.582054138183594
2013-01-03,38.2078742980957
2013-01-04,38.401649475097656
2013-01-07,38.23459243774414
2013-01-08,38.0207633972168
2013-01-09,38.21454620361328
2013-01-10,38.70233154296875
2013-01-11,38.78251647949219
2013-01-14,38.829288482666016
2013-01-15,38.76915740966797
2013-01-16,38.582054138183594
2013-01-17,38.8961067199707
2013-01-18,38.85602951049805
2013-01-22,38.87607192993164
2013-01-23,38.835975646972656
2013-01-24,39.0230712890625
2013-01-25,39.44404602050781
2013-01-28,39.25026321411133
2013-01-29,39.51753616333008
2013-01-30,39.557640075683594
2013-01-31,39.4106330871582
2013-02-01,39.72468566894531
2013-02-04,39.009708404541016
2013-02-05,39.190128326416016
2013-02-06,39.183433532714844
2013-02-07,38.862701416015625
2013-02-08,39.10993194580078
2013-02-11,39.06985092163086
2013-02-12,39.26362991333008
2013-02-13,39.357173919677734
2013-02-14,39.14335250854492
2013-02-15,39.04311752319336
2013-02-19,39.504180908203125
2013-02-20,39.11661911010742
2013-02-21,38.52859878540039
2013-02-22,39.08321762084961
2013-02-25,38.147727966308594
2013-02-26,38.455101013183594
2013-02-27,38.9428825378418
2013-02-28,38.90279006958008
2013-03-01,38.82260513305664
2013-03-04,38.98965835571289
2013-03-05,39.37721633911133
2013-03-06,39.477447509765625
2013-03-07,39.59103775024414
2013-03-08,39.67790603637695
2013-03-11,39.79819107055664
2013-03-12,39.59772491455078
2013-03-13,39.537593841552734
2013-03-14,39.92514419555664
2013-03-15,40.00532531738281
2013-03-18,39.56431579589844
2013-03-19,39.44404602050781
2013-03-20,39.68459701538086
2013-03-21,39.32375717163086
2013-03-22,39.664546966552734
2013-03-25,39.17007827758789
2013-03-26,39.417320251464844
2013-03-27,39.223541259765625
2013-03-28,39.4106330871582
2013-04-01,38.88274383544922
2013-04-02,39.29703903198242
2013-04-03,39.10326385498047
2013-04-04,39.45072555541992
2013-04-05,39.27030563354492
2013-04-08,39.42399978637695
2013-04-09,39.56431579589844
2013-04-10,40.15233612060547
2013-04-11,40.46639633178711
2013-04-12,40.36616134643555
2013-04-15,39.57100296020508
2013-04-16,40.13228988647461
2013-04-17,39.29703903198242
2013-04-18,39.1767578125
2013-04-19,39.490814208984375
2013-04-22,39.65785598754883
2013-04-23,40.21916580200195
2013-04-24,40.566619873046875
2013-04-25,40.780452728271484
2013-04-26,40.81385803222656
2013-04-29,41.33506393432617
2013-04-30,41.388511657714844
2013-05-01,41.14128112792969
2013-05-02,41.26823043823242
2013-05-03,41.796112060546875
2013-05-06,41.74266815185547
2013-05-07,41.809486389160156
2013-05-08,42.250492095947266
2013-05-09,41.842891693115234
2013-05-10,41.88966751098633
2013-05-13,41.86961364746094
2013-05-14,41.949806213378906
2013-05-15,42.130226135253906
2013-05-16,41.842891693115234
2013-05-17,42.130226135253906
2013-05-20,42.364097595214844
2013-05-21,42.450950622558594
2013-05-22,42.02330780029297
2013-05-23,41.42192459106445
2013-05-24,41.06109619140625
2013-05-28,41.168006896972656
2013-05-29,40.77376937866211
2013-05-30,40.93413162231445
2013-05-31,40.13897705078125
2013-06-03,40.292659759521484
2013-06-04,40.439666748046875
2013-06-05,39.537593841552734
2013-06-06,39.75809860229492
2013-06-07,40.292659759521484
2013-06-10,40.33275604248047
2013-06-11,39.83829116821289
2013-06-12,39.791507720947266
2013-06-13,40.39957046508789
2013-06-14,39.958553314208984
2013-06-17,40.53321838378906
2013-06-18,40.82054138183594
2013-06-19,40.05879211425781
2013-06-20,38.588741302490234
2013-06-21,38.715702056884766
2013-06-24,38.10763168334961
2013-06-25,38.59541702270508
2013-06-26,38.74911117553711
2013-06-27,39.139076232910156
2013-06-28,39.0640754699707
2013-07-01,39.432220458984375
2013-07-02,39.2345085144043
2013-07-03,39.248146057128906
2013-07-05,39.432220458984375
2013-07-08,39.677650451660156
2013-07-09,39.895809173583984
2013-07-10,40.011695861816406
2013-07-11,41.04795837402344
2013-07-12,40.77526092529297
2013-07-15,41.02751922607422
2013-07-16,41.000240325927734
2013-07-17,41.12294006347656
2013-07-18,41.3956413269043
2013-07-19,41.36156463623047
2013-07-22,41.59334945678711
2013-07-23,41.681976318359375
2013-07-24,41.6274528503418
2013-07-25,41.70925521850586
2013-07-26,41.45018768310547
2013-07-29,41.05477523803711
2013-07-30,41.04795837402344
2013-07-31,41.14340591430664
2013-08-01,41.70243453979492
2013-08-02,42.04330825805664
2013-08-05,41.95468521118164
2013-08-06,41.89332580566406
2013-08-07,41.70925521850586
2013-08-08,42.08421325683594
2013-08-09,42.15920639038086
2013-08-12,42.04330825805664
2013-08-13,42.316009521484375
2013-08-14,42.33646011352539
2013-08-15,41.981964111328125
2013-08-16,42.05694580078125
2013-08-19,41.756980895996094
2013-08-20,41.70243453979492
2013-08-21,41.211585998535156
2013-08-22,41.61382293701172
2013-08-23,41.97513961791992
2013-08-26,41.66834259033203
2013-08-27,40.95933532714844
2013-08-28,40.9116096496582
2013-08-29,40.843441009521484
2013-08-30,40.33893585205078
2013-09-03,41.11613464355469
2013-09-04,41.484283447265625
2013-09-05,41.45018768310547
2013-09-06,41.675167083740234
2013-09-09,42.247833251953125
2013-09-10,42.72505187988281
2013-09-11,42.875038146972656
2013-09-12,42.629615783691406
2013-09-13,42.83414077758789
2013-09-16,43.16819381713867
2013-09-17,43.195465087890625
2013-09-18,44.347625732421875
2013-09-19,44.136268615722656
2013-09-20,43.81584548950195
2013-09-23,43.80221939086914
2013-09-24,43.734039306640625
2013-09-25,43.781761169433594
2013-09-26,43.96583938598633
2013-09-27,43.809024810791016
2013-09-30,43.49544143676758
2013-10-01,43.727230072021484
2013-10-02,43.713592529296875
2013-10-03,43.42725372314453
2013-10-04,43.529518127441406
2013-10-07,43.079559326171875
2013-10-08,42.74550247192383
2013-10-09,42.92958068847656
2013-10-10,43.699954986572266
2013-10-11,43.9317512512207
2013-10-14,44.08173751831055
2013-10-15,43.87038803100586
2013-10-16,44.1976318359375
2013-10-17,44.783939361572266
2013-10-18,45.04981994628906
2013-10-21,45.11798095703125
2013-10-22,45.56793975830078
2013-10-23,45.12480545043945
2013-10-24,45.43840026855469
2013-10-25,45.30888366699219
2013-10-28,45.23387908935547
2013-10-29,45.329322814941406
2013-10-30,45.16569900512695
2013-10-31,44.9134635925293
2013-11-01,44.6953010559082
2013-11-04,44.9134635925293
2013-11-05,44.52487564086914
2013-11-06,44.9134635925293
2013-11-07,44.204444885253906
2013-11-08,44.4635124206543
2013-11-11,44.558956146240234
2013-11-12,44.40897750854492
2013-11-13,44.5521354675293
2013-11-14,44.75666427612305
2013-11-15,45.11798095703125
2013-11-18,45.11798095703125
2013-11-19,45.00208282470703
2013-11-20,44.68849182128906
2013-11-21,44.96800231933594
2013-11-22,45.0975341796875
2013-11-25,44.961177825927734
2013-11-26,44.961177825927734
2013-11-27,45.07027053833008
2013-11-29,45.158878326416016
2013-12-02,44.8248405456543
2013-12-03,44.51123046875
2013-12-04,44.27261734008789
2013-12-05,44.020381927490234
2013-12-06,44.56577682495117
2013-12-09,44.51804733276367
2013-12-10,44.44306564331055
2013-12-11,44.02719497680664
2013-12-12,43.70676803588867
2013-12-13,43.679500579833984
2013-12-16,43.993106842041016
2013-12-17,43.80221939086914
2013-12-18,44.49124526977539
2013-12-19,44.49124526977539
2013-12-20,44.74567794799805
2013-12-23,45.20640563964844
2013-12-24,45.295799255371094
2013-12-26,45.543365478515625
2013-12-27,45.77716827392578
2013-12-30,45.96969985961914
2013-12-31,46.141624450683594
2014-01-02,45.32330322265625
2014-01-03,45.37144470214844
2014-01-06,45.316429138183594
2014-01-07,45.57086181640625
2014-01-08,45.557106018066406
2014-01-09,45.52272415161133
2014-01-10,45.94219970703125
2014-01-13,45.543365478515625
2014-01-14,45.907806396484375
2014-01-15,46.10035705566406
2014-01-16,46.0797233581543
2014-01-17,45.94219970703125
2014-01-21,46.16225051879883
2014-01-22,46.16225051879883
2014-01-23,45.85279846191406
2014-01-24,44.594390869140625
2014-01-27,44.38810348510742
2014-01-28,44.773189544677734
2014-01-29,44.27119064331055
2014-01-30,44.49812316894531
2014-01-31,43.741703033447266
2014-02-03,42.84775924682617
2014-02-04,43.34286117553711
2014-02-05,43.43225860595703
2014-02-06,44.202430725097656
2014-02-07,44.780059814453125
2014-02-10,44.62877655029297
2014-02-11,45.33705139160156
2014-02-12,45.41270065307617
2014-02-13,45.55022430419922
2014-02-14,45.722137451171875
2014-02-18,46.11410903930664
2014-02-19,45.80466079711914
2014-02-20,45.96281814575195
2014-02-21,46.052223205566406
2014-02-24,46.4510612487793
2014-02-25,46.34104537963867
2014-02-26,46.18287658691406
2014-02-27,46.34104537963867
2014-02-28,46.42355728149414
2014-03-03,45.440208435058594
2014-03-04,46.34104537963867
2014-03-05,46.299766540527344
2014-03-06,46.78112030029297
2014-03-07,46.52670669555664
2014-03-10,46.23788833618164
2014-03-11,45.900943756103516
2014-03-12,45.72903060913086
2014-03-13,44.87633514404297
2014-03-14,44.780059814453125
2014-03-17,45.34393310546875
2014-03-18,45.62587356567383
2014-03-19,45.06887435913086
2014-03-20,44.8969612121582
2014-03-21,44.80757522583008
2014-03-24,44.924476623535156
2014-03-25,45.41270065307617
2014-03-26,45.40583038330078
2014-03-27,45.63274383544922
2014-03-28,45.97658157348633
2014-03-31,46.210384368896484
2014-04-01,46.506065368652344
2014-04-02,46.59547805786133
2014-04-03,46.464813232421875
2014-04-04,46.32040023803711
2014-04-07,46.10035705566406
2014-04-08,46.07284927368164
2014-04-09,46.66423797607422
2014-04-10,45.83905792236328
2014-04-11,45.56399917602539
2014-04-14,45.825294494628906
2014-04-15,45.63274383544922
2014-04-16,46.196632385253906
2014-04-17,46.43730163574219
2014-04-21,46.499202728271484
2014-04-22,46.691734313964844
2014-04-23,46.58171463012695
2014-04-24,46.57484436035156
2014-04-25,46.347904205322266
2014-04-28,46.4923210144043
2014-04-29,46.79488754272461
2014-04-30,46.98054504394531
2014-05-01,47.1112174987793
2014-05-02,47.03557205200195
2014-05-05,47.00117111206055
2014-05-06,46.91865921020508
2014-05-07,46.97366714477539
2014-05-08,46.98054504394531
2014-05-09,46.91178894042969
2014-05-12,47.22123336791992
2014-05-13,47.290000915527344
2014-05-14,47.200599670410156
2014-05-15,46.99430847167969
2014-05-16,47.097450256347656
2014-05-19,47.00117111206055
2014-05-20,46.70549011230469
2014-05-21,47.0699348449707
2014-05-22,47.131832122802734
2014-05-23,47.255611419677734
2014-05-27,47.592567443847656
2014-05-28,47.434417724609375
2014-05-29,47.72321701049805
2014-05-30,47.730098724365234
2014-06-02,47.82637405395508
2014-06-03,47.70947265625
2014-06-04,47.69571304321289
2014-06-05,48.02579116821289
2014-06-06,48.287109375
2014-06-09,48.23895263671875
2014-06-10,48.13581466674805
2014-06-11,47.89513397216797
2014-06-12,47.90888595581055
2014-06-13,47.94327926635742
2014-06-16,47.95701599121094
2014-06-17,47.922645568847656
2014-06-18,48.33522415161133
2014-06-19,48.59653854370117
2014-06-20,48.51402282714844
2014-06-23,48.383365631103516
2014-06-24,48.080810546875
2014-06-25,48.06388473510742
2014-06-26,48.099124908447266
2014-06-27,48.12729263305664
2014-06-30,48.16957473754883
2014-07-01,48.592308044433594
2014-07-02,48.669803619384766
2014-07-03,48.7684326171875
2014-07-07,48.38798522949219
2014-07-08,47.880706787109375
2014-07-09,48.035709381103516
2014-07-10,47.50730895996094
2014-07-11,47.53548049926758
2014-07-14,47.887760162353516
2014-07-15,47.76799011230469
2014-07-16,48.06388473510742
2014-07-17,47.450950622558594
2014-07-18,47.82434844970703
2014-07-21,47.64820098876953
2014-07-22,47.859580993652344
2014-07-23,47.95820999145508
2014-07-24,48.07093048095703
2014-07-25,47.87366485595703
2014-07-28,47.880706787109375
2014-07-29,47.78207015991211
2014-07-30,47.71161651611328
2014-07-31,46.91548156738281
2014-08-01,46.591392517089844
2014-08-04,46.8098030090332
2014-08-05,46.2109375
2014-08-06,46.09822463989258
2014-08-07,45.72481155395508
2014-08-08,45.992530822753906
2014-08-11,46.168670654296875
2014-08-12,46.133445739746094
2014-08-13,46.394126892089844
2014-08-14,46.64071273803711
2014-08-15,46.591392517089844
2014-08-18,46.894351959228516
2014-08-19,47.007080078125
2014-08-20,46.8591194152832
2014-08-21,47.056400299072266
2014-08-22,46.83094787597656
2014-08-25,47.13389205932617
2014-08-26,47.14094543457031
2014-08-27,47.23252868652344
2014-08-28,47.021175384521484
2014-08-29,47.00003433227539
2014-09-02,47.09162139892578
2014-09-03,47.42275619506836
2014-09-04,47.197296142578125
2014-09-05,47.204349517822266
2014-09-08,46.704124450683594
2014-09-09,46.57026290893555
2014-09-10,46.837989807128906
2014-09-11,46.57731628417969
2014-09-12,46.51389694213867
2014-09-15,46.41525650024414
2014-09-16,46.612548828125
2014-09-17,46.281402587890625
2014-09-18,46.64071273803711
2014-09-19,46.478675842285156
2014-09-22,46.274356842041016
2014-09-23,45.88684844970703
2014-09-24,46.119354248046875
2014-09-25,45.4429931640625
2014-09-26,45.633216857910156
2014-09-29,45.210487365722656
2014-09-30,45.17526626586914
2014-10-01,44.63981628417969
2014-10-02,44.16072463989258
2014-10-03,44.16072463989258
2014-10-06,44.442535400390625
2014-10-07,43.68868637084961
2014-10-08,44.37913513183594
2014-10-09,43.18846130371094
2014-10-10,42.540283203125
2014-10-13,42.48392105102539
2014-10-14,42.5896110534668
2014-10-15,42.33596420288086
2014-10-16,41.94140625
2014-10-17,42.723453521728516
2014-10-20,42.991180419921875
2014-10-21,43.505496978759766
2014-10-22,43.18846130371094
2014-10-23,43.60413360595703
2014-10-24,43.84368133544922
2014-10-27,43.597084045410156
2014-10-28,44.259368896484375
2014-10-29,43.92118453979492
2014-10-30,44.23822784423828
2014-10-31,45.05549621582031
2014-11-03,44.66799545288086
2014-11-04,44.41436004638672
2014-11-05,44.49890899658203
2014-11-06,44.259368896484375
2014-11-07,44.28049850463867
2014-11-10,44.4777717590332
2014-11-11,44.74549865722656
2014-11-12,44.36503982543945
2014-11-13,44.57640838623047
2014-11-14,44.63981628417969
2014-11-17,44.463680267333984
2014-11-18,44.94981002807617
2014-11-19,44.815948486328125
2014-11-20,44.548221588134766
2014-11-21,44.93572235107422
2014-11-24,45.196407318115234
2014-11-25,45.27390670776367
2014-11-26,45.45003128051758
2014-11-28,45.08367919921875
2014-12-01,45.04140090942383
2014-12-02,45.16822052001953
2014-12-03,45.11186218261719
2014-12-04,44.963905334472656
2014-12-05,45.06254196166992
2014-12-08,44.66799545288086
2014-12-09,44.4284553527832
2014-12-10,43.86481475830078
2014-12-11,43.8084602355957
2014-12-12,42.9630012512207
2014-12-15,42.25141525268555
2014-12-16,42.55437469482422
2014-12-17,43.063045501708984
2014-12-18,43.831398010253906
2014-12-19,43.895423889160156
2014-12-22,44.10885238647461
2014-12-23,43.9665641784668
2014-12-24,44.165767669677734
2014-12-26,44.27959442138672
2014-12-29,43.95944595336914
2014-12-30,43.55392837524414
2014-12-31,43.283592224121094
2015-01-02,43.0986213684082
2015-01-05,42.08127212524414
2015-01-06,41.6046028137207
2015-01-07,42.067039489746094
2015-01-08,42.63618087768555
2015-01-09,42.429866790771484
2015-01-12,42.33026123046875
2015-01-13,42.54369354248047
2015-01-14,42.42275619506836
2015-01-15,42.6931037902832
2015-01-16,43.248016357421875
2015-01-20,43.39741897583008
2015-01-21,43.7389030456543
2015-01-22,43.902530670166016
2015-01-23,43.65353012084961
2015-01-26,44.25114440917969
2015-01-27,44.315162658691406
2015-01-28,43.65353012084961
2015-01-29,44.25114440917969
2015-01-30,43.55392837524414
2015-02-02,44.08039855957031
2015-02-03,44.784725189208984
2015-02-04,44.414772033691406
2015-02-05,45.0265998840332
2015-02-06,44.464569091796875
2015-02-09,44.25114440917969
2015-02-10,44.65665817260742
2015-02-11,44.414772033691406
2015-02-12,45.1048583984375
2015-02-13,45.40365982055664
2015-02-17,45.510379791259766
2015-02-18,45.780723571777344
2015-02-19,45.83763122558594
2015-02-20,46.26448059082031
2015-02-23,46.10087585449219
2015-02-24,46.385433197021484
2015-02-25,46.42101287841797
2015-02-26,46.29294967651367
2015-02-27,46.314292907714844
2015-03-02,46.385433197021484
2015-03-03,46.10087585449219
2015-03-04,45.91590118408203
2015-03-05,46.02260971069336
2015-03-06,45.39653778076172
2015-03-09,45.467681884765625
2015-03-10,44.47880172729492
2015-03-11,44.59262466430664
2015-03-12,45.147544860839844
2015-03-13,44.884315490722656
2015-03-16,45.38943862915039
2015-03-17,45.275596618652344
2015-03-18,46.2431526184082
2015-03-19,45.70245361328125
2015-03-20,46.71269607543945
2015-03-23,46.94747543334961
2015-03-24,46.84786605834961
2015-03-25,46.627315521240234
2015-03-26,46.22180938720703
2015-03-27,46.34275436401367
2015-03-30,46.37120819091797
2015-03-31,45.652652740478516
2015-04-01,45.979923248291016
2015-04-02,46.378326416015625
2015-04-06,46.84786605834961
2015-04-07,46.783843994140625
2015-04-08,46.98303985595703
2015-04-09,47.04707336425781
2015-04-10,47.139556884765625
2015-04-13,46.84075164794922
2015-04-14,47.189353942871094
2015-04-15,47.40278244018555
2015-04-16,47.530845642089844
2015-04-17,46.93324661254883
2015-04-20,46.98303985595703
2015-04-21,47.40278244018555
2015-04-22,47.495277404785156
2015-04-23,47.67313766479492
2015-04-24,47.95058059692383
2015-04-27,48.185367584228516
2015-04-28,48.24228286743164
2015-04-29,47.82252883911133
2015-04-30,47.317413330078125
2015-05-01,47.84388732910156
2015-05-04,47.79408264160156
2015-05-05,47.082645416259766
2015-05-06,47.203582763671875
2015-05-07,47.04707336425781
2015-05-08,48.13557052612305
2015-05-11,47.71581268310547
2015-05-12,47.687355041503906
2015-05-13,48.04307174682617
2015-05-14,48.61934280395508
2015-05-15,48.676246643066406
2015-05-18,48.51262664794922
2015-05-19,48.3276481628418
2015-05-20,48.420135498046875
2015-05-21,48.676246643066406
2015-05-22,48.36323165893555
2015-05-26,47.495277404785156
2015-05-27,47.957706451416016
2015-05-28,47.87232971191406
2015-05-29,47.4099006652832
2015-06-01,47.28184127807617
2015-06-02,47.502384185791016
2015-06-03,47.76560592651367
2015-06-04,47.25338363647461
2015-06-05,46.691349029541016
2015-06-08,46.627315521240234
2015-06-09,46.37120819091797
2015-06-10,47.34587478637695
2015-06-11,47.47393035888672
2015-06-12,47.09687042236328
2015-06-15,46.81230545043945
2015-06-16,46.798072814941406
2015-06-17,46.691349029541016
2015-06-18,47.11109924316406
2015-06-19,46.99726867675781
2015-06-22,47.886566162109375
2015-06-23,48.01462936401367
2015-06-24,47.601993560791016
2015-06-25,47.58101272583008
2015-06-26,47.559295654296875
2015-06-29,46.09793472290039
2015-06-30,45.93155288696289
2015-07-01,46.22816848754883
2015-07-02,46.286041259765625
2015-07-06,45.35279846191406
2015-07-07,45.36726379394531
2015-07-08,44.311038970947266
2015-07-09,45.041717529296875
2015-07-10,46.51754379272461
2015-07-13,46.6911735534668
2015-07-14,47.08182907104492
2015-07-15,46.9081916809082
2015-07-16,47.313331604003906
2015-07-17,47.23375701904297
2015-07-20,47.35673904418945
2015-07-21,47.21928405761719
2015-07-22,46.85755157470703
2015-07-23,46.73457336425781
2015-07-24,46.22092819213867
2015-07-27,45.88091278076172
2015-07-28,46.45967483520508
2015-07-29,46.626060485839844
2015-07-30,46.58988952636719
2015-07-31,46.86479568481445
2015-08-03,46.7418098449707
2015-08-04,46.777984619140625
2015-08-05,47.023948669433594
2015-08-06,46.82863235473633
2015-08-07,46.7418098449707
2015-08-10,47.313331604003906
2015-08-11,46.58988952636719
2015-08-12,46.25709915161133
2015-08-13,46.22816848754883
2015-08-14,46.300506591796875
2015-08-17,46.21369171142578
2015-08-18,45.8664436340332
2015-08-19,45.4613151550293
2015-08-20,44.361671447753906
2015-08-21,43.34885025024414
2015-08-24,41.851318359375
2015-08-25,42.24921798706055
2015-08-26,43.24756622314453
2015-08-27,43.77568435668945
2015-08-28,43.710575103759766
2015-08-31,43.38502502441406
2015-09-01,41.93089294433594
2015-09-02,42.55306625366211
2015-09-03,42.65434646606445
2015-09-04,41.67768478393555
2015-09-08,42.90031051635742
2015-09-09,42.7266845703125
2015-09-10,43.00883102416992
2015-09-11,43.0015983581543
2015-09-14,42.676048278808594
2015-09-15,42.96541213989258
2015-09-16,43.62377166748047
2015-09-17,43.64546203613281
2015-09-18,42.55306625366211
2015-09-21,42.53135681152344
2015-09-22,41.51853561401367
2015-09-23,41.323204040527344
2015-09-24,41.207454681396484
2015-09-25,41.56917190551758
2015-09-28,40.75168228149414
2015-09-29,40.69380187988281
2015-09-30,41.4678840637207
2015-10-01,41.598106384277344
2015-10-02,42.307090759277344
2015-10-05,43.14628601074219
2015-10-06,43.196922302246094
2015-10-07,43.7395133972168
2015-10-08,44.086761474609375
2015-10-09,44.16634750366211
2015-10-12,44.07953643798828
2015-10-13,43.52247619628906
2015-10-14,43.60927963256836
2015-10-15,44.35443878173828
2015-10-16,44.318260192871094
2015-10-19,44.16634750366211
2015-10-20,43.98548126220703
2015-10-21,43.96377944946289
2015-10-22,44.45573043823242
2015-10-23,44.89703369140625
2015-10-26,44.730628967285156
2015-10-27,44.3399658203125
2015-10-28,44.62934875488281
2015-10-29,44.30379867553711
2015-10-30,44.209747314453125
2015-11-02,44.62934875488281
2015-11-03,44.6148796081543
2015-11-04,44.368919372558594
2015-11-05,44.289337158203125
2015-11-06,44.086761474609375
2015-11-09,43.63100051879883
2015-11-10,43.60205841064453
2015-11-11,43.826324462890625
2015-11-12,43.25480651855469
2015-11-13,42.89308547973633
2015-11-16,43.435665130615234
2015-11-17,43.55141830444336
2015-11-18,43.949317932128906
2015-11-19,44.173580169677734
2015-11-20,44.072296142578125
2015-11-23,43.797393798828125
2015-11-24,43.80461883544922
2015-11-25,43.90590286254883
2015-11-27,43.91313934326172
2015-11-30,43.87697219848633
2015-12-01,44.3399658203125
2015-12-02,43.86973571777344
2015-12-03,43.65993118286133
2015-12-04,44.01442337036133
2015-12-07,43.73227310180664
2015-12-08,43.08841323852539
2015-12-09,42.89308547973633
2015-12-10,42.90031051635742
2015-12-11,42.082820892333984
2015-12-14,42.14792251586914
2015-12-15,42.35772705078125
2015-12-16,43.211395263671875
2015-12-17,42.66157150268555
2015-12-18,42.213043212890625
2015-12-21,42.40863037109375
2015-12-22,42.72974395751953
2015-12-23,43.44493865966797
2015-12-24,43.37196350097656
2015-12-28,43.269798278808594
2015-12-29,43.70037078857422
2015-12-30,43.43764114379883
2015-12-31,42.85380172729492
2016-01-04,42.19698715209961
2016-01-05,42.131309509277344
2016-01-06,41.43799591064453
2016-01-07,40.57682418823242
2016-01-08,40.08786392211914
2016-01-11,40.25571823120117
2016-01-12,40.445472717285156
2016-01-13,39.817832946777344
2016-01-14,40.32869338989258
2016-01-15,38.86909866333008
2016-01-19,39.22670364379883
2016-01-20,38.336341857910156
2016-01-21,38.62096405029297
2016-01-22,39.759456634521484
2016-01-25,39.22670364379883
2016-01-26,39.927310943603516
2016-01-27,39.671878814697266
2016-01-28,39.78864669799805
2016-01-29,40.489253997802734
2016-02-01,40.445472717285156
2016-02-02,39.5040283203125
2016-02-03,39.83244705200195
2016-02-04,39.88351821899414
2016-02-05,39.27048110961914
2016-02-08,38.54069137573242
2016-02-09,38.09551239013672
2016-02-10,38.05172348022461
2016-02-11,37.4970817565918
2016-02-12,38.153892517089844
2016-02-16,38.9274787902832
2016-02-17,39.598907470703125
2016-02-18,39.394554138183594
2016-02-19,39.35076904296875
2016-02-22,39.79594802856445
2016-02-23,39.14643478393555
2016-02-24,39.00775909423828
2016-02-25,39.4748420715332
2016-02-26,39.37266159057617
2016-02-29,39.139129638671875
2016-03-01,40.16084289550781
2016-03-02,40.438175201416016
2016-03-03,40.8322639465332
2016-03-04,41.131473541259766
2016-03-07,41.08039093017578
2016-03-08,40.67900848388672
2016-03-09,40.8322639465332
2016-03-10,40.766578674316406
2016-03-11,41.83208465576172
2016-03-14,41.7445068359375
2016-03-15,41.35041427612305
2016-03-16,41.7153205871582
2016-03-17,42.03641891479492
2016-03-18,41.96344757080078
2016-03-21,41.89777374267578
2016-03-22,41.82479476928711
2016-03-23,41.40150833129883
2016-03-24,41.12417221069336
2016-03-28,41.372310638427734
2016-03-29,41.81749725341797
2016-03-30,42.131309509277344
2016-03-31,41.7153205871582
2016-04-01,41.2701416015625
2016-04-04,41.18256759643555
2016-04-05,40.37248992919922
2016-04-06,41.02931213378906
2016-04-07,40.430877685546875
2016-04-08,41.204463958740234
2016-04-11,41.22636032104492
2016-04-12,41.839378356933594
2016-04-13,42.50349807739258
2016-04-14,42.64216232299805
2016-04-15,42.54728317260742
2016-04-18,42.912193298339844
2016-04-19,43.656578063964844
2016-04-20,43.69306945800781
2016-04-21,43.43033981323242
2016-04-22,43.452232360839844
2016-04-25,43.233299255371094
2016-04-26,43.38656234741211
2016-04-27,43.41575241088867
2016-04-28,42.824615478515625
2016-04-29,42.64216232299805
2016-05-02,43.043556213378906
2016-05-03,42.33565139770508
2016-05-04,41.8466796875
2016-05-05,41.75910568237305
2016-05-06,41.87586975097656
2016-05-09,41.78829574584961
2016-05-10,42.3867301940918
2016-05-11,42.02183532714844
2016-05-12,42.00724411010742
2016-05-13,41.57666015625
2016-05-16,42.07292175292969
2016-05-17,41.76640319824219
2016-05-18,41.78099822998047
2016-05-19,41.481781005859375
2016-05-20,41.82479476928711
2016-05-23,41.686126708984375
2016-05-24,42.291866302490234
2016-05-25,42.73704528808594
2016-05-26,42.85380172729492
2016-05-27,42.81001663208008
2016-05-31,42.605682373046875
2016-06-01,42.569183349609375
2016-06-02,42.569183349609375
2016-06-03,42.846500396728516
2016-06-06,43.087345123291016
2016-06-07,43.401153564453125
2016-06-08,43.48873519897461
2016-06-09,42.95597457885742
2016-06-10,41.7080192565918
2016-06-13,41.10228729248047
2016-06-14,40.445472717285156
2016-06-15,40.715492248535156
2016-06-16,40.803077697753906
2016-06-17,41.204463958740234
2016-06-20,42.226173400878906
2016-06-21,42.569183349609375
2016-06-22,42.543113708496094
2016-06-23,43.719905853271484
2016-06-24,39.96609878540039
2016-06-27,39.19894790649414
2016-06-28,40.226776123046875
2016-06-29,40.964134216308594
2016-06-30,41.57486343383789
2016-07-01,41.57486343383789
2016-07-05,40.770477294921875
2016-07-06,40.69599914550781
2016-07-07,40.53213882446289
2016-07-08,41.150333404541016
2016-07-11,41.753623962402344
2016-07-12,42.319679260253906
2016-07-13,42.27498245239258
2016-07-14,42.63993453979492
2016-07-15,42.4239501953125
2016-07-18,42.52821350097656
2016-07-19,42.19306564331055
2016-07-20,42.57291030883789
2016-07-21,42.40159606933594
2016-07-22,42.483524322509766
2016-07-25,42.43138885498047
2016-07-26,42.61015319824219
2016-07-27,42.76655197143555
2016-07-28,42.721866607666016
2016-07-29,43.22833251953125
2016-08-01,42.94530487060547
2016-08-02,42.729312896728516
2016-08-03,42.58034896850586
2016-08-04,42.82613754272461
2016-08-05,43.0197868347168
2016-08-08,43.109169006347656
2016-08-09,43.451778411865234
2016-08-10,43.60073471069336
2016-08-11,43.91354751586914
2016-08-12,43.80183029174805
2016-08-15,43.973140716552734
2016-08-16,43.906105041503906
2016-08-17,43.891204833984375
2016-08-18,44.114654541015625
2016-08-19,43.78693771362305
2016-08-22,43.83161926269531
2016-08-23,44.017826080322266
2016-08-24,43.91354751586914
2016-08-25,43.73479080200195
2016-08-26,43.4741096496582
2016-08-29,43.608184814453125
2016-08-30,43.54859924316406
2016-08-31,43.4592170715332
2016-09-01,43.75714111328125
2016-09-02,44.263607025146484
2016-09-06,44.56153869628906
2016-09-07,44.58386993408203
2016-09-08,44.457252502441406
2016-09-09,43.59327697753906
2016-09-12,43.95078659057617
2016-09-13,43.064476013183594
2016-09-14,43.00489044189453
2016-09-15,43.37729263305664
2016-09-16,42.81869125366211
2016-09-19,43.04213333129883
2016-09-20,43.30281448364258
2016-09-21,44.06251525878906
2016-09-22,44.50939178466797
2016-09-23,44.13698959350586
2016-09-26,43.727352142333984
2016-09-27,43.93589782714844
2016-09-28,44.248714447021484
2016-09-29,43.69755554199219
2016-09-30,44.04016876220703
2016-10-03,43.92100143432617
2016-10-04,43.91354751586914
2016-10-05,44.09230041503906
2016-10-06,43.853965759277344
2016-10-07,43.63052749633789
2016-10-10,43.75714111328125
2016-10-11,43.13896179199219
2016-10-12,43.04213333129883
2016-10-13,42.87826919555664
2016-10-14,42.95275115966797
2016-10-17,42.82613754272461
2016-10-18,43.25068283081055
2016-10-19,43.36984634399414
2016-10-20,43.43687057495117
2016-10-21,43.340049743652344
2016-10-24,43.33259582519531
2016-10-25,43.30281448364258
2016-10-26,43.109169006347656
2016-10-27,43.057029724121094
2016-10-28,43.04213333129883
2016-10-31,43.064476013183594
2016-11-01,42.87826919555664
2016-11-02,42.587806701660156
2016-11-03,42.543113708496094
2016-11-04,42.13347625732422
2016-11-07,42.714420318603516
2016-11-08,42.83358383178711
2016-11-09,42.8708381652832
2016-11-10,42.75165939331055
2016-11-11,42.49098205566406
2016-11-14,42.26008987426758
2016-11-15,42.4462890625
2016-11-16,41.999412536621094
2016-11-17,42.319679260253906
2016-11-18,41.85790252685547
2016-11-21,42.21540451049805
2016-11-22,42.319679260253906
2016-11-23,42.17071533203125
2016-11-25,42.297332763671875
2016-11-28,42.073890686035156
2016-11-29,42.342010498046875
2016-11-30,42.297332763671875
2016-12-01,42.13347625732422
2016-12-02,42.23774719238281
2016-12-05,42.65483474731445
2016-12-06,42.94530487060547
2016-12-07,43.58583068847656
2016-12-08,43.54859924316406
2016-12-09,43.73479080200195
2016-12-12,43.54114532470703
2016-12-13,44.0103759765625
2016-12-14,43.36240005493164
2016-12-15,43.26557159423828
2016-12-16,43.29536437988281
2016-12-19,43.22833251953125
2016-12-20,43.37729263305664
2016-12-21,43.38933563232422
2016-12-22,43.291500091552734
2016-12-23,43.404380798339844
2016-12-27,43.35171127319336
2016-12-28,43.186161041259766
2016-12-29,43.291500091552734
2016-12-30,43.4420051574707
2017-01-03,43.71290969848633
2017-01-04,44.209564208984375
2017-01-05,44.585811614990234
2017-01-06,44.43531036376953
2017-01-09,44.36758804321289
2017-01-10,44.37511444091797
2017-01-11,44.6083869934082
2017-01-12,44.67611312866211
2017-01-13,44.8416633605957
2017-01-17,44.67611312866211
2017-01-18,44.548187255859375
2017-01-19,44.43531036376953
2017-01-20,44.691165924072266
2017-01-23,44.804039001464844
2017-01-24,44.91691970825195
2017-01-25,45.38346481323242
2017-01-26,45.20286560058594
2017-01-27,45.12761306762695
2017-01-30,44.804039001464844
2017-01-31,44.871761322021484
2017-02-01,45.05236053466797
2017-02-02,45.07494354248047
2017-02-03,45.25554275512695
2017-02-06,44.931968688964844
2017-02-07,44.886817932128906
2017-02-08,44.962059020996094
2017-02-09,45.15019226074219
2017-02-10,45.25554275512695
2017-02-13,45.43614196777344
2017-02-14,45.368412017822266
2017-02-15,45.54148864746094
2017-02-16,45.64684295654297
2017-02-17,45.52643966674805
2017-02-21,45.67694854736328
2017-02-22,45.67694854736328
2017-02-23,45.7747688293457
2017-02-24,45.443660736083984
2017-02-27,45.4737663269043
2017-02-28,45.406036376953125
2017-03-01,45.8801155090332
2017-03-02,45.5791130065918
2017-03-03,45.85001754760742
2017-03-06,45.70703887939453
2017-03-07,45.549015045166016
2017-03-08,45.38346481323242
2017-03-09,45.556541442871094
2017-03-10,45.94032287597656
2017-03-13,46.181121826171875
2017-03-14,45.82745361328125
2017-03-15,46.482120513916016
2017-03-16,46.70786666870117
2017-03-17,46.82826232910156
2017-03-20,46.73044967651367
2017-03-21,46.51974868774414
2017-03-22,46.52727508544922
2017-03-23,46.63262176513672
2017-03-24,46.76054382324219
2017-03-27,46.880943298339844
2017-03-28,47.1067008972168
2017-03-29,47.1067008972168
2017-03-30,46.9411506652832
2017-03-31,46.87342071533203
2017-04-03,46.805694580078125
2017-04-04,46.7906494140625
2017-04-05,46.54231643676758
2017-04-06,46.54984664916992
2017-04-07,46.51974868774414
2017-04-10,46.467071533203125
2017-04-11,46.685302734375
2017-04-12,46.64767074584961
2017-04-13,46.346675872802734
2017-04-17,46.63262176513672
2017-04-18,46.42192077636719
2017-04-19,46.23379898071289
2017-04-20,46.60251998901367
2017-04-21,46.63262176513672
2017-04-24,47.814048767089844
2017-04-25,48.152679443359375
2017-04-26,48.01722717285156
2017-04-27,48.062381744384766
2017-04-28,48.009700775146484
2017-05-01,48.205352783203125
2017-05-02,48.45368194580078
2017-05-03,48.355857849121094
2017-05-04,48.81489181518555
2017-05-05,49.35668182373047
2017-05-08,48.98796081542969
2017-05-09,48.8675537109375
2017-05-10,48.94281005859375
2017-05-11,48.82240676879883
2017-05-12,49.093299865722656
2017-05-15,49.341636657714844
2017-05-16,49.65767288208008
2017-05-17,49.093299865722656
2017-05-18,49.17608642578125
2017-05-19,49.747982025146484
2017-05-22,49.808197021484375
2017-05-23,49.81570053100586
2017-05-24,49.84580612182617
2017-05-25,49.84580612182617
2017-05-26,49.70283508300781
2017-05-30,49.650169372558594
2017-05-31,49.71035385131836
2017-06-01,50.033935546875
2017-06-02,50.58326721191406
2017-06-05,50.304840087890625
2017-06-06,50.161865234375
2017-06-07,50.176910400390625
2017-06-08,50.08660888671875
2017-06-09,49.89848327636719
2017-06-12,49.71035385131836
2017-06-13,50.0941276550293
2017-06-14,50.05651092529297
2017-06-15,49.53728485107422
2017-06-16,49.95868682861328
2017-06-19,50.161865234375
2017-06-20,49.75810241699219
2017-06-21,49.69694137573242
2017-06-22,49.689292907714844
2017-06-23,49.8116340637207
2017-06-26,49.895751953125
2017-06-27,49.888099670410156
2017-06-28,50.323974609375
2017-06-29,49.82693099975586
2017-06-30,49.857513427734375
2017-07-03,49.79634475708008
2017-07-05,49.79634475708008
2017-07-06,49.574581146240234
2017-07-07,49.58222579956055
2017-07-10,49.7045783996582
2017-07-11,49.81928634643555
2017-07-12,50.216915130615234
2017-07-13,50.362205505371094
2017-07-14,50.713966369628906
2017-07-17,50.614559173583984
2017-07-18,50.660438537597656
2017-07-19,50.8821907043457
2017-07-20,51.088661193847656
2017-07-21,50.88984680175781
2017-07-24,50.75220489501953
2017-07-25,50.821022033691406
2017-07-26,51.134552001953125
2017-07-27,51.01984786987305
2017-07-28,51.073368072509766
2017-07-31,51.180419921875
2017-08-01,51.46336364746094
2017-08-02,51.48629379272461
2017-08-03,51.51689529418945
2017-08-04,51.5857048034668
2017-08-07,51.6086540222168
2017-08-08,51.33335876464844
2017-08-09,51.24924850463867
2017-08-10,50.52280807495117
2017-08-11,50.431034088134766
2017-08-14,50.79808044433594
2017-08-15,50.75984573364258
2017-08-16,51.0504264831543
2017-08-17,50.47691345214844
2017-08-18,50.614559173583984
2017-08-21,50.59925842285156
2017-08-22,50.843963623046875
2017-08-23,50.85160827636719
2017-08-24,50.736907958984375
2017-08-25,51.042781829833984
2017-08-28,51.042781829833984
2017-08-29,50.83631896972656
2017-08-30,50.76749038696289
2017-08-31,51.15748977661133
2017-09-01,51.226314544677734
2017-09-05,50.8821907043457
2017-09-06,51.195716857910156
2017-09-07,51.616294860839844
2017-09-08,51.623939514160156
2017-09-11,52.02922439575195
2017-09-12,52.189815521240234
2017-09-13,51.9068717956543
2017-09-14,51.99863815307617
2017-09-15,52.044517517089844
2017-09-18,52.113338470458984
2017-09-19,52.358036041259766
2017-09-20,52.24333190917969
2017-09-21,52.13627624511719
2017-09-22,52.2968635559082
2017-09-25,51.99863815307617
2017-09-26,51.88393783569336
2017-09-27,51.92216491699219
2017-09-28,52.059810638427734
2017-09-29,52.365684509277344
2017-10-02,52.319801330566406
2017-10-03,52.49568557739258
2017-10-04,52.396270751953125
2017-10-05,52.365684509277344
2017-10-06,52.327457427978516
2017-10-09,52.34273910522461
2017-10-10,52.83979034423828
2017-10-11,52.96978759765625
2017-10-12,52.92390441894531
2017-10-13,53.199195861816406
2017-10-16,53.16096115112305
2017-10-17,53.0233039855957
2017-10-18,53.1762580871582
2017-10-19,53.092132568359375
2017-10-20,53.0233039855957
2017-10-23,52.90861511230469
2017-10-24,52.992740631103516
2017-10-25,52.7862663269043
2017-10-26,52.77861785888672
2017-10-27,52.900970458984375
2017-10-30,53.0233039855957
2017-10-31,53.24505615234375
2017-11-01,53.29861831665039
2017-11-02,53.459190368652344
2017-11-03,53.37507629394531
2017-11-06,53.451541900634766
2017-11-07,53.252723693847656
2017-11-08,53.42860794067383
2017-11-09,53.12272644042969
2017-11-10,52.97743225097656
2017-11-13,52.75567626953125
2017-11-14,52.71744155883789
2017-11-15,52.465110778808594
2017-11-16,52.88567352294922
2017-11-17,52.69450378417969
2017-11-20,52.809200286865234
2017-11-21,53.20685958862305
2017-11-22,53.352134704589844
2017-11-24,53.78800964355469
2017-11-27,53.466835021972656
2017-11-28,53.772701263427734
2017-11-29,53.55859375
2017-11-30,53.61212921142578
2017-12-01,53.39801025390625
2017-12-04,53.20685958862305
2017-12-05,53.092132568359375
2017-12-06,52.985084533691406
2017-12-07,53.12272644042969
2017-12-08,53.40565490722656
2017-12-11,53.54330062866211
2017-12-12,53.61212921142578
2017-12-13,53.8185920715332
2017-12-14,53.52035140991211
2017-12-15,53.50506591796875
2017-12-18,54.1397590637207
2017-12-19,53.941158294677734
2017-12-20,53.848419189453125
2017-12-21,54.04160690307617
2017-12-22,54.18071746826172
2017-12-26,54.165260314941406
2017-12-27,54.265724182128906
2017-12-28,54.2966423034668
2017-12-29,54.335269927978516
2018-01-02,54.73712921142578
2018-01-03,54.99987030029297
2018-01-04,55.60264587402344
2018-01-05,55.91178512573242
2018-01-08,55.89632797241211
2018-01-09,55.95815658569336
2018-01-10,55.849952697753906
2018-01-11,56.23635482788086
2018-01-12,56.80050277709961
2018-01-16,56.746395111083984
2018-01-17,57.040061950683594
2018-01-18,56.97051239013672
2018-01-19,57.287357330322266
2018-01-22,57.581016540527344
2018-01-23,57.76649475097656
2018-01-24,57.86695098876953
2018-01-25,57.642845153808594
2018-01-26,58.15289306640625
2018-01-29,57.619659423828125
2018-01-30,57.140533447265625
2018-01-31,57.063255310058594
2018-02-01,57.22553253173828
2018-02-02,56.06633758544922
2018-02-05,53.717041015625
2018-02-06,54.77576446533203
2018-02-07,54.1961669921875
2018-02-08,52.78196334838867
2018-02-09,53.00606918334961
2018-02-12,53.8175048828125
2018-02-13,53.655208587646484
2018-02-14,54.60575866699219
2018-02-15,54.94579315185547
2018-02-16,55.19308853149414
2018-02-20,54.67530059814453
2018-02-21,54.41255187988281
2018-02-22,54.6984977722168
2018-02-23,55.13125228881836
2018-02-26,55.64902877807617
2018-02-27,54.8221321105957
2018-02-28,54.30436325073242
2018-03-01,53.3924560546875
2018-03-02,53.64748001098633
2018-03-05,53.93342208862305
2018-03-06,54.2502555847168
2018-03-07,54.23481750488281
2018-03-08,54.350730895996094
2018-03-09,54.6984977722168
2018-03-12,54.76031494140625
2018-03-13,54.39710235595703
2018-03-14,54.528465270996094
2018-03-15,54.49756622314453
2018-03-16,54.45892333984375
2018-03-19,54.018436431884766
2018-03-20,54.01070785522461
2018-03-21,54.095706939697266
2018-03-22,53.091068267822266
2018-03-23,52.50374984741211
2018-03-26,53.44655990600586
2018-03-27,53.05243682861328
2018-03-28,53.361549377441406
2018-03-29,53.848419189453125
2018-04-02,53.10653305053711
2018-04-03,53.44655990600586
2018-04-04,53.632041931152344
2018-04-05,53.987525939941406
2018-04-06,53.632041931152344
2018-04-09,54.07252502441406
2018-04-10,54.65212631225586
2018-04-11,54.44347381591797
2018-04-12,54.65212631225586
2018-04-13,54.70622253417969
2018-04-16,54.791229248046875
2018-04-17,55.03853225708008
2018-04-18,55.32445526123047
2018-04-19,55.11580276489258
2018-04-20,54.90713882446289
2018-04-23,54.83759307861328
2018-04-24,54.61347961425781
2018-04-25,54.52075958251953
2018-04-26,54.791229248046875
2018-04-27,54.845314025878906
2018-04-30,54.66757583618164
2018-05-01,54.47437286376953
2018-05-02,54.45120620727539
2018-05-03,54.621212005615234
2018-05-04,54.81441116333008
2018-05-07,54.8221321105957
2018-05-08,54.829872131347656
2018-05-09,54.961246490478516
2018-05-10,55.316734313964844
2018-05-11,55.46355438232422
2018-05-14,55.56402587890625
2018-05-15,55.162166595458984
2018-05-16,55.23944091796875
2018-05-17,55.32445526123047
2018-05-18,55.123538970947266
2018-05-21,55.471282958984375
2018-05-22,55.40174102783203
2018-05-23,54.791229248046875
2018-05-24,54.621212005615234
2018-05-25,54.265724182128906
2018-05-29,53.16061782836914
2018-05-30,53.97205352783203
2018-05-31,53.632041931152344
2018-06-01,54.095706939697266
2018-06-04,54.25799560546875
2018-06-05,54.1729736328125
2018-06-06,54.659854888916016
2018-06-07,54.350730895996094
2018-06-08,54.41255187988281
2018-06-11,54.76031494140625
2018-06-12,54.41255187988281
2018-06-13,54.489837646484375
2018-06-14,54.373924255371094
2018-06-15,54.095706939697266
2018-06-18,53.70931625366211
2018-06-19,53.21592712402344
2018-06-20,53.25533676147461
2018-06-21,52.87702941894531
2018-06-22,53.436614990234375
2018-06-25,52.69575119018555
2018-06-26,52.79032897949219
2018-06-27,52.293792724609375
2018-06-28,52.49082565307617
2018-06-29,52.78245162963867
2018-07-02,52.30167770385742
2018-07-03,52.45929718017578
2018-07-05,52.9794921875
2018-07-06,53.263206481933594
2018-07-09,53.7755241394043
2018-07-10,53.75186538696289
2018-07-11,52.85337448120117
2018-07-12,53.263206481933594
2018-07-13,53.42873764038086
2018-07-16,53.40509033203125
2018-07-17,53.49966049194336
2018-07-18,53.507545471191406
2018-07-19,53.397212982177734
2018-07-20,53.64940643310547
2018-07-23,53.64940643310547
2018-07-24,53.964664459228516
2018-07-25,54.36662673950195
2018-07-26,54.12229919433594
2018-07-27,54.224769592285156
2018-07-30,54.21686553955078
2018-07-31,54.287811279296875
2018-08-01,54.011959075927734
2018-08-02,53.657291412353516
2018-08-03,53.68882751464844
2018-08-06,53.46025848388672
2018-08-07,53.877986907958984
2018-08-08,53.83069610595703
2018-08-09,53.67304992675781
2018-08-10,52.60116958618164
2018-08-13,52.412017822265625
2018-08-14,52.40413284301758
2018-08-15,51.64751434326172
2018-08-16,52.01004409790039
2018-08-17,52.31743621826172
2018-08-20,52.60116958618164
2018-08-21,52.924320220947266
2018-08-22,53.12923812866211
2018-08-23,52.75092315673828
2018-08-24,53.05830383300781
2018-08-27,53.76763153076172
2018-08-28,53.7203483581543
2018-08-29,54.011959075927734
2018-08-30,53.49966049194336
2018-08-31,53.07406234741211
2018-09-04,52.62480545043945
2018-09-05,52.14405059814453
2018-09-06,51.98640823364258
2018-09-07,51.568687438964844
2018-09-10,51.883949279785156
2018-09-11,51.931236267089844
2018-09-12,52.151920318603516
2018-09-13,52.538116455078125
2018-09-14,52.6169319152832
2018-09-17,52.664222717285156
2018-09-18,53.21592712402344
2018-09-19,53.40509033203125
2018-09-20,54.06713104248047
2018-09-21,54.090782165527344
2018-09-24,53.8464469909668
2018-09-25,54.11442565917969
2018-09-26,54.1380615234375
2018-09-27,54.02772903442383
2018-09-28,53.586368560791016
2018-10-01,53.64940643310547
2018-10-02,53.373565673828125
2018-10-03,53.27898025512695
2018-10-04,52.656333923339844
2018-10-05,52.34108352661133
2018-10-08,52.0888671875
2018-10-09,51.95488739013672
2018-10-10,50.85147476196289
2018-10-11,50.14214324951172
2018-10-12,50.323421478271484
2018-10-15,50.2051887512207
2018-10-16,51.06428527832031
2018-10-17,50.77266311645508
2018-10-18,49.95299530029297
2018-10-19,50.236724853515625
2018-10-22,50.01603698730469
2018-10-23,49.543148040771484
2018-10-24,48.140235900878906
2018-10-25,48.74711227416992
2018-10-26,48.41609573364258
2018-10-29,48.282108306884766
2018-10-30,48.86534118652344
2018-10-31,49.22789001464844
2018-11-01,49.8583984375
2018-11-02,49.92934799194336
2018-11-05,49.92934799194336
2018-11-06,50.134254455566406
2018-11-07,50.8041877746582
2018-11-08,50.307647705078125
2018-11-09,49.976627349853516
2018-11-12,49.156951904296875
2018-11-13,49.36975860595703
2018-11-14,49.409156799316406
2018-11-15,49.56679153442383
2018-11-16,49.6219596862793
2018-11-19,49.18848419189453
2018-11-20,48.337276458740234
2018-11-21,49.01508331298828
2018-11-23,48.69194412231445
2018-11-26,49.424922943115234
2018-11-27,49.23576354980469
2018-11-28,49.93722152709961
2018-11-29,49.68501281738281
2018-11-30,49.47221374511719
2018-12-03,50.126373291015625
2018-12-04,48.825927734375
2018-12-06,48.36880111694336
2018-12-07,47.880149841308594
2018-12-10,47.50971984863281
2018-12-11,47.65946578979492
2018-12-12,48.360923767089844
2018-12-13,48.27422332763672
2018-12-14,47.651580810546875
2018-12-17,47.27326965332031
2018-12-18,47.3115119934082
2018-12-19,46.857425689697266
2018-12-20,46.6662483215332
2018-12-21,45.85368728637695
2018-12-24,45.319950103759766
2018-12-26,46.37150192260742
2018-12-27,46.506927490234375
2018-12-28,46.75387191772461
2018-12-31,46.82556915283203
2019-01-02,46.72997283935547
2019-01-03,46.307762145996094
2019-01-04,47.72575378417969
2019-01-07,47.908973693847656
2019-01-08,48.219661712646484
2019-01-09,48.76137161254883
2019-01-10,48.952552795410156
2019-01-11,48.61797332763672
2019-01-14,48.394920349121094
2019-01-15,48.649837493896484
2019-01-16,48.78527069091797
2019-01-17,48.96052551269531
2019-01-18,49.45443344116211
2019-01-22,48.68967056274414
2019-01-23,48.912723541259766
2019-01-24,48.96848678588867
2019-01-25,49.526119232177734
2019-01-28,49.25527572631836
2019-01-29,49.36680603027344
2019-01-30,49.908504486083984
2019-01-31,49.932403564453125
2019-02-01,49.91646957397461
2019-02-04,50.09969711303711
2019-02-05,50.490047454833984
2019-02-06,50.2351188659668
2019-02-07,49.56595993041992
2019-02-08,49.406639099121094
2019-02-11,49.35883331298828
2019-02-12,49.932403564453125
2019-02-13,49.94036865234375
2019-02-14,49.956298828125
2019-02-15,50.68123245239258
2019-02-19,50.87241744995117
2019-02-20,51.01580810546875
2019-02-21,50.91224670410156
2019-02-22,51.07954788208008
2019-02-25,51.23090362548828
2019-02-26,51.47786331176758
2019-02-27,51.27073669433594
2019-02-28,51.19902801513672
2019-03-01,51.47786331176758
2019-03-04,51.28667068481445
2019-03-05,51.33446502685547
2019-03-06,51.207000732421875
2019-03-07,50.55377197265625
2019-03-08,50.56173324584961
2019-03-11,50.9998779296875
2019-03-12,50.968013763427734
2019-03-13,51.406150817871094
2019-03-14,51.398189544677734
2019-03-15,51.95582962036133
2019-03-18,52.13904571533203
2019-03-19,52.24261474609375
2019-03-20,52.266517639160156
2019-03-21,52.234649658203125
2019-03-22,51.23090362548828
2019-03-25,51.30259704589844
2019-03-26,51.55752182006836
2019-03-27,51.58141326904297
2019-03-28,51.45396041870117
2019-03-29,51.669044494628906
2019-04-01,52.33024978637695
2019-04-02,52.346168518066406
2019-04-03,52.7524528503418
2019-04-04,52.64093017578125
2019-04-05,52.77635192871094
2019-04-08,52.8082160949707
2019-04-09,52.47364044189453
2019-04-10,52.67280197143555
2019-04-11,52.561275482177734
2019-04-12,52.92771530151367
2019-04-15,52.95161056518555
2019-04-16,52.991432189941406
2019-04-17,53.14279556274414
2019-04-18,53.110931396484375
2019-04-22,53.02330017089844
2019-04-23,53.126869201660156
2019-04-24,52.76042556762695
2019-04-25,52.72059631347656
2019-04-26,52.9356803894043
2019-04-29,53.15077590942383
2019-04-30,53.18262481689453
2019-05-01,52.879913330078125
2019-05-02,52.80025100708008
2019-05-03,53.3658561706543
2019-05-06,52.76042556762695
2019-05-07,51.83633804321289
2019-05-08,51.90007019042969
2019-05-09,51.66107940673828
2019-05-10,52.043460845947266
2019-05-13,50.83259201049805
2019-05-14,51.3424186706543
2019-05-15,51.52565383911133
2019-05-16,51.93989562988281
2019-05-17,51.59734344482422
2019-05-20,51.390228271484375
2019-05-21,51.7327766418457
2019-05-22,51.52565383911133
2019-05-23,51.055641174316406
2019-05-24,51.605308532714844
2019-05-28,51.10343933105469
2019-05-29,50.77683639526367
2019-05-30,50.968013763427734
2019-05-31,50.5059700012207
2019-06-03,50.80072784423828
2019-06-04,51.38225555419922
2019-06-05,51.366329193115234
2019-06-06,51.573448181152344
2019-06-07,52.226680755615234
2019-06-10,52.37006759643555
2019-06-11,52.63296890258789
2019-06-12,52.24261474609375
2019-06-13,52.29042053222656
2019-06-14,51.90803909301758
2019-06-17,51.945465087890625
2019-06-18,52.63720703125
2019-06-19,52.96273422241211
2019-06-20,53.42660903930664
2019-06-21,53.198734283447266
2019-06-24,53.31267547607422
2019-06-25,52.995277404785156
2019-06-26,53.060386657714844
2019-06-27,53.19059371948242
2019-06-28,53.4917106628418
2019-07-01,53.743988037109375
2019-07-02,53.898616790771484
2019-07-03,54.26483154296875
2019-07-05,53.84978485107422
2019-07-08,53.54053497314453
2019-07-09,53.31267547607422
2019-07-10,53.499847412109375
2019-07-11,53.48357009887695
2019-07-12,53.54867172241211
2019-07-15,53.59750747680664
2019-07-16,53.377769470214844
2019-07-17,53.30453109741211
2019-07-18,53.46729278564453
2019-07-19,53.31267547607422
2019-07-22,53.369632720947266
2019-07-23,53.70329666137695
2019-07-24,53.743988037109375
2019-07-25,53.198734283447266
2019-07-26,53.30453109741211
2019-07-29,53.418460845947266
2019-07-30,52.799964904785156
2019-07-31,52.450035095214844
2019-08-01,52.30354309082031
2019-08-02,51.83967971801758
2019-08-05,50.54571533203125
2019-08-06,50.887516021728516
2019-08-07,51.08283233642578
2019-08-08,51.57925796508789
2019-08-09,51.22117233276367
2019-08-12,50.81427001953125
2019-08-13,51.29441833496094
2019-08-14,49.886531829833984
2019-08-15,50.057430267333984
2019-08-16,50.65964889526367
2019-08-19,50.968894958496094
2019-08-20,50.79799270629883
2019-08-21,51.15608215332031
2019-08-22,51.05842208862305
2019-08-23,50.42365646362305
2019-08-26,50.838687896728516
2019-08-27,50.79799270629883
2019-08-28,50.79799270629883
2019-08-29,51.237457275390625
2019-08-30,51.4409065246582
2019-09-03,51.343238830566406
2019-09-04,52.06753921508789
2019-09-05,52.344234466552734
2019-09-06,52.515132904052734
2019-09-09,52.669761657714844
2019-09-10,52.759281158447266
2019-09-11,53.052249908447266
2019-09-12,53.36149978637695
2019-09-13,53.6626091003418
2019-09-16,53.18246078491211
2019-09-17,53.36149978637695
2019-09-18,53.29638671875
2019-09-19,53.47542190551758
2019-09-20,53.353363037109375
2019-09-23,53.215003967285156
2019-09-24,53.01155090332031
2019-09-25,52.856937408447266
2019-09-26,53.052249908447266
2019-09-27,52.87321472167969
2019-09-30,53.06852340698242
2019-10-01,52.54768753051758
2019-10-02,51.47345733642578
2019-10-03,51.81526184082031
2019-10-04,52.22216796875
2019-10-07,52.15705490112305
2019-10-08,51.66876983642578
2019-10-09,52.043128967285156
2019-10-10,52.40934371948242
2019-10-11,53.3452262878418
2019-10-14,53.12549591064453
2019-10-15,53.743988037109375
2019-10-16,53.82537078857422
2019-10-17,53.95558547973633
2019-10-18,53.9311637878418
2019-10-21,54.2241325378418
2019-10-22,54.093929290771484
2019-10-23,54.386898040771484
2019-10-24,54.484561920166016
2019-10-25,54.541507720947266
2019-10-28,54.78565979003906
2019-10-29,54.7693977355957
2019-10-30,54.99726104736328
2019-10-31,54.8670539855957
2019-11-01,55.35532760620117
2019-11-04,55.64016342163086
2019-11-05,55.53436279296875
2019-11-06,55.50996780395508
2019-11-07,55.680850982666016
2019-11-08,55.648292541503906
2019-11-11,55.57505798339844
2019-11-12,55.59946823120117
2019-11-13,55.4041633605957
2019-11-14,55.24953842163086
2019-11-15,55.59946823120117
2019-11-18,55.66457748413086
2019-11-19,55.591331481933594
2019-11-20,55.24139404296875
2019-11-21,55.168155670166016
2019-11-22,55.32278823852539
2019-11-25,55.76224136352539
2019-11-26,55.72968673706055
2019-11-27,55.876182556152344
2019-11-29,55.485530853271484
2019-12-02,55.20070266723633
2019-12-03,54.99726104736328
2019-12-04,55.50181198120117
2019-12-05,55.396018981933594
2019-12-06,55.900577545166016
2019-12-09,55.60760498046875
2019-12-10,55.63203430175781
2019-12-11,55.92499923706055
2019-12-12,56.29935836791992
2019-12-13,56.68998718261719
2019-12-16,57.29569625854492
2019-12-17,56.966495513916016
2019-12-18,56.892425537109375
2019-12-19,56.892425537109375
2019-12-20,56.93358612060547
2019-12-23,57.02410125732422
2019-12-24,56.966495513916016
2019-12-26,57.21337890625
2019-12-27,57.31215286254883
2019-12-30,56.88420486450195
2019-12-31,57.14755630493164
2020-01-02,57.723636627197266
2020-01-03,57.00763702392578
2020-01-06,57.2298583984375
2020-01-07,57.073490142822266
2020-01-08,57.23808670043945
2020-01-09,57.3697509765625
2020-01-10,57.15577697753906
2020-01-13,57.45204544067383
2020-01-14,57.50966262817383
2020-01-15,57.50966262817383
2020-01-16,57.74832534790039
2020-01-17,57.921146392822266
2020-01-21,57.46029281616211
2020-01-22,57.57550048828125
2020-01-23,57.43559646606445
2020-01-24,57.188697814941406
2020-01-27,56.00361251831055
2020-01-28,56.53031539916992
2020-01-29,56.538551330566406
2020-01-30,56.48917007446289
2020-01-31,55.53452682495117
2020-02-03,55.66619873046875
2020-02-04,56.596160888671875
2020-02-05,57.13933181762695
2020-02-06,57.29569625854492
2020-02-07,56.75252151489258
2020-02-10,56.86772537231445
2020-02-11,57.254539489746094
2020-02-12,57.45204544067383
2020-02-13,57.048797607421875
2020-02-14,56.950035095214844
2020-02-18,56.58793640136719
2020-02-19,56.777217864990234
2020-02-20,56.439796447753906
2020-02-21,56.17644500732422
2020-02-24,53.929710388183594
2020-02-25,53.040897369384766
2020-02-26,53.10673904418945
2020-02-27,51.53484344482422
2020-02-28,51.22211837768555
2020-03-02,51.8805046081543
2020-03-03,51.460777282714844
2020-03-04,52.99974822998047
2020-03-05,51.59245300292969
2020-03-06,50.81885528564453
2020-03-09,46.87679672241211
2020-03-10,48.60504913330078
2020-03-11,46.12789535522461
2020-03-12,41.05834197998047
2020-03-13,43.54373550415039
2020-03-16,39.05028533935547
2020-03-17,40.951358795166016
2020-03-18,38.60586929321289
2020-03-19,39.20664978027344
2020-03-20,38.72108840942383
2020-03-23,38.268455505371094
2020-03-24,41.510982513427734
2020-03-25,42.86066818237305
2020-03-26,44.77820587158203
2020-03-27,43.50258255004883
2020-03-30,44.38317108154297
2020-03-31,43.99637222290039
2020-04-01,42.04591369628906
2020-04-02,42.868896484375
2020-04-03,41.88955307006836
2020-04-06,44.11159133911133
2020-04-07,44.358489990234375
2020-04-08,44.72060012817383
2020-04-09,45.73285675048828
2020-04-13,45.29668426513672
2020-04-14,46.103187561035156
2020-04-15,44.662986755371094
2020-04-16,44.68767166137695
2020-04-17,45.872764587402344
2020-04-20,45.189693450927734
2020-04-21,44.309104919433594
2020-04-22,45.05801010131836
2020-04-23,44.91810989379883
2020-04-24,45.43658447265625
2020-04-27,46.037357330322266
2020-04-28,46.38300704956055
2020-04-29,47.54341125488281
2020-04-30,46.55583572387695
2020-05-01,45.543575286865234
2020-05-04,45.5271110534668
2020-05-05,45.609405517578125
2020-05-06,45.31314468383789
2020-05-07,45.99620819091797
2020-05-08,46.77804183959961
2020-05-11,46.73688888549805
2020-05-12,46.14434051513672
2020-05-13,45.790462493896484
2020-05-14,45.354278564453125
2020-05-15,45.39543533325195
2020-05-18,47.230674743652344
2020-05-19,46.58052062988281
2020-05-20,47.551631927490234
2020-05-21,47.000240325927734
2020-05-22,46.868560791015625
2020-05-26,48.21002197265625
2020-05-27,48.794334411621094
2020-05-28,49.25519943237305
2020-05-29,49.082374572753906
2020-06-01,50.17693328857422
2020-06-02,50.646034240722656
2020-06-03,51.855804443359375
2020-06-04,51.633609771728516
2020-06-05,52.52241897583008
2020-06-08,53.20549392700195
2020-06-09,52.514190673828125
2020-06-10,52.39897155761719
2020-06-11,49.592620849609375
2020-06-12,50.448516845703125
2020-06-15,50.65550994873047
2020-06-16,51.2815055847168
2020-06-17,51.47347640991211
2020-06-18,51.19804382324219
2020-06-19,50.94764709472656
2020-06-22,51.55695343017578
2020-06-23,51.84072494506836
2020-06-24,50.51361846923828
2020-06-25,51.2314338684082
2020-06-26,50.488582611083984
2020-06-29,50.89756774902344
2020-06-30,50.80575180053711
2020-07-01,50.99772262573242
2020-07-02,51.55695343017578
2020-07-06,52.39995193481445
2020-07-07,51.63206100463867
2020-07-08,52.06608963012695
2020-07-09,51.47347640991211
2020-07-10,52.02435302734375
2020-07-13,51.690494537353516
2020-07-14,52.45003128051758
2020-07-15,53.04262924194336
2020-07-16,52.70042419433594
2020-07-17,53.009254455566406
2020-07-20,53.26799392700195
2020-07-21,53.376502990722656
2020-07-22,53.51839828491211
2020-07-23,53.09272003173828
2020-07-24,52.80059051513672
2020-07-27,53.49334716796875
2020-07-28,53.151145935058594
2020-07-29,53.71036911010742
2020-07-30,52.91743469238281
2020-07-31,51.7906494140625
2020-08-03,52.80059051513672
2020-08-04,53.09272003173828
2020-08-05,53.26799392700195
2020-08-06,53.3264274597168
2020-08-07,53.109413146972656
2020-08-10,53.28468704223633
2020-08-11,53.476661682128906
2020-08-12,54.66188049316406
2020-08-13,54.419822692871094
2020-08-14,54.085968017578125
2020-08-17,54.49495315551758
2020-08-18,54.46156311035156
2020-08-19,54.219512939453125
2020-08-20,54.044227600097656
2020-08-21,53.768798828125
2020-08-24,54.47824478149414
2020-08-25,54.51164245605469
2020-08-26,54.82881546020508
2020-08-27,54.269588470458984
2020-08-28,54.653533935546875
2020-08-31,54.236209869384766
2020-09-01,54.29463577270508
2020-09-02,55.020782470703125
2020-09-03,53.777137756347656
2020-09-04,53.85224914550781
2020-09-08,53.19287872314453
2020-09-09,54.18612289428711
2020-09-10,53.551788330078125
2020-09-11,54.085968017578125
2020-09-14,54.37809753417969
2020-09-15,54.72865295410156
2020-09-16,54.72865295410156
2020-09-17,54.803775787353516
2020-09-18,54.36140060424805
2020-09-21,52.98421096801758
2020-09-22,52.96751403808594
2020-09-23,52.525150299072266
2020-09-24,52.475074768066406
2020-09-25,52.650352478027344
2020-09-28,53.44327926635742
2020-09-29,53.38485336303711
2020-09-30,53.126102447509766
2020-10-01,53.4349250793457
2020-10-02,53.3264274597168
2020-10-05,54.13604736328125
2020-10-06,53.560123443603516
2020-10-07,54.019195556640625
2020-10-08,54.3947868347168
2020-10-09,54.820465087890625
2020-10-12,55.13763427734375
2020-10-13,54.519989013671875
2020-10-14,54.42818069458008
2020-10-15,53.785484313964844
2020-10-16,54.035888671875
2020-10-19,53.835575103759766
2020-10-20,54.102657318115234
2020-10-21,53.84391784667969
2020-10-22,53.885643005371094
2020-10-23,54.236209869384766
2020-10-26,53.25965118408203
2020-10-27,52.842323303222656
2020-10-28,51.264808654785156
2020-10-29,51.50686264038086
2020-10-30,51.23977279663086
2020-11-02,51.907501220703125
2020-11-03,53.26799392700195
2020-11-04,53.85224914550781
2020-11-05,55.14598083496094
2020-11-06,55.26283645629883
2020-11-09,56.873722076416016
2020-11-10,57.38286209106445
2020-11-11,57.866973876953125
2020-11-12,57.023963928222656
2020-11-13,57.900360107421875
2020-11-16,58.501312255859375
2020-11-17,58.44288635253906
2020-11-18,58.13406753540039
2020-11-19,58.54304885864258
2020-11-20,58.718326568603516
2020-11-23,58.64320373535156
2020-11-24,59.51960372924805
2020-11-25,59.444480895996094
2020-11-27,59.85346603393555
2020-11-30,58.55139923095703
2020-12-01,59.928585052490234
2020-12-02,59.936927795410156
2020-12-03,60.037086486816406
2020-12-04,60.54623031616211
2020-12-07,60.05378723144531
2020-12-08,60.262451171875
2020-12-09,60.34591293334961
2020-12-10,60.42938232421875
2020-12-11,60.24574661254883
2020-12-14,60.2828369140625
2020-12-15,60.898048400878906
2020-12-16,61.13402557373047
2020-12-17,61.56383514404297
2020-12-18,61.243595123291016
2020-12-21,60.459815979003906
2020-12-22,60.30812072753906
2020-12-23,60.95704650878906
2020-12-24,60.98231887817383
2020-12-28,61.479557037353516
2020-12-29,61.875648498535156
2020-12-30,61.959930419921875
2020-12-31,61.48798751831055
2021-01-04,61.80824279785156
2021-01-05,62.44873809814453
2021-01-06,63.16508865356445
2021-01-07,63.23249816894531
2021-01-08,63.822452545166016
2021-01-11,62.98811340332031
2021-01-12,63.274635314941406
2021-01-13,63.19036102294922
2021-01-14,63.69601821899414
2021-01-15,62.701560974121094
2021-01-19,63.15666198730469
2021-01-20,63.586463928222656
2021-01-21,63.637027740478516
2021-01-22,63.33363342285156
2021-01-25,63.257781982421875
2021-01-26,63.350486755371094
2021-01-27,61.90093994140625
2021-01-28,62.29704666137695
2021-01-29,61.007606506347656
2021-02-01,61.732391357421875
2021-02-02,62.35602569580078
2021-02-03,62.507728576660156
2021-02-04,62.57514190673828
2021-02-05,62.962825775146484
2021-02-08,63.40105438232422
2021-02-09,63.74660110473633
2021-02-10,63.5274658203125
2021-02-11,63.957279205322266
2021-02-12,64.31124114990234
2021-02-16,64.77476501464844
2021-02-17,64.39552307128906
2021-02-18,64.07526397705078
2021-02-19,64.26067352294922
2021-02-22,64.10055541992188
2021-02-23,64.15953826904297
2021-02-24,64.36182403564453
2021-02-25,63.26621627807617
2021-02-26,62.37289810180664
2021-03-01,63.54431915283203
2021-03-02,63.47691345214844
2021-03-03,63.08924102783203
2021-03-04,62.49087142944336
2021-03-05,62.89539337158203
2021-03-08,62.676273345947266
2021-03-09,63.51905059814453
2021-03-10,63.788734436035156
2021-03-11,64.12583923339844
2021-03-12,64.28595733642578
2021-03-15,64.33651733398438
2021-03-16,64.44610595703125
2021-03-17,64.82532501220703
2021-03-18,64.23539733886719
2021-03-19,64.4123764038086
2021-03-22,64.47137451171875
2021-03-23,63.578025817871094
2021-03-24,63.257781982421875
2021-03-25,63.729740142822266
2021-03-26,64.5556411743164
2021-03-29,64.30281829833984
2021-03-30,64.21854400634766
2021-03-31,63.9404182434082
2021-04-01,64.77476501464844
2021-04-05,65.7186508178711
2021-04-06,65.0191650390625
2021-04-07,65.15399932861328
2021-04-08,65.52483367919922
2021-04-09,65.72708129882812
2021-04-12,65.36470031738281
2021-04-13,65.74394226074219
2021-04-14,65.79449462890625
2021-04-15,66.3423080444336
2021-04-16,66.82266998291016
2021-04-19,66.70469665527344
2021-04-20,65.50797271728516
2021-04-21,66.18216705322266
2021-04-22,65.96305847167969
2021-04-23,66.63726043701172
2021-04-26,66.68782806396484
2021-04-27,66.46871948242188
2021-04-28,66.63726043701172
2021-04-29,66.66255187988281
2021-04-30,65.82820892333984
2021-05-03,66.55299377441406
2021-05-04,65.56697845458984
2021-05-05,66.46027374267578
2021-05-06,67.00809478759766
2021-05-07,67.7665786743164
2021-05-10,67.40418243408203
2021-05-11,66.5192642211914
2021-05-12,65.45740509033203
2021-05-13,65.94619750976562
2021-05-14,67.05021667480469
2021-05-17,66.92382049560547
2021-05-18,67.06707763671875
2021-05-19,66.47713470458984
2021-05-20,67.3536148071289
2021-05-21,67.44631958007812
2021-05-24,67.85926055908203
2021-05-25,67.87612915039062
2021-05-26,67.833984375
2021-05-27,67.96040344238281
2021-05-28,68.12052917480469
2021-06-01,68.36492156982422
2021-06-02,68.59247589111328
2021-06-03,68.25537872314453
2021-06-04,68.83688354492188
2021-06-07,69.06441497802734
2021-06-08,69.03070068359375
2021-06-09,68.84532165527344
2021-06-10,69.03495788574219
2021-06-11,69.197265625
2021-06-14,69.3168716430664
2021-06-15,69.40229797363281
2021-06-16,68.97515869140625
2021-06-17,68.49675750732422
2021-06-18,67.07865142822266
2021-06-21,67.95855712890625
2021-06-22,67.96708679199219
2021-06-23,67.53141021728516
2021-06-24,68.18065643310547
2021-06-25,68.3259048461914
2021-06-28,67.89021301269531
2021-06-29,67.90729522705078
2021-06-30,67.38618469238281
2021-07-01,67.54849243164062
2021-07-02,67.77914428710938
2021-07-06,67.33492279052734
2021-07-07,67.70226287841797
2021-07-08,66.83089447021484
2021-07-09,67.96708679199219
2021-07-12,68.25756072998047
2021-07-13,67.89877319335938
2021-07-14,68.05252838134766
2021-07-15,67.40327453613281
2021-07-16,66.90777587890625
2021-07-19,65.69468688964844
2021-07-20,66.17311096191406
2021-07-21,67.18115997314453
2021-07-22,67.206787109375
2021-07-23,67.67665100097656
2021-07-26,67.77062225341797
2021-07-27,67.49724578857422
2021-07-28,67.78770446777344
2021-07-29,68.25756072998047
2021-07-30,67.90729522705078
2021-08-02,68.2490234375
2021-08-03,68.73595428466797
2021-08-04,68.53092193603516
2021-08-05,68.86409759521484
2021-08-06,68.60781860351562
2021-08-09,68.57364654541016
2021-08-10,68.7274169921875
2021-08-11,69.197265625
2021-08-12,69.13745880126953
2021-08-13,69.55606842041016
2021-08-16,69.197265625
2021-08-17,68.54800415039062
2021-08-18,68.2831802368164
2021-08-19,67.6082992553711
2021-08-20,67.87312316894531
2021-08-23,68.50531005859375
2021-08-24,68.65052795410156
2021-08-25,68.67615509033203
2021-08-26,68.3173599243164
2021-08-27,68.94097900390625
2021-08-30,68.92391204833984
2021-08-31,68.88971710205078
2021-09-01,69.51335906982422
2021-09-02,69.79528045654297
2021-09-03,70.1113510131836
2021-09-07,70.1626205444336
2021-09-08,69.60733795166016
2021-09-09,69.48772430419922
2021-09-10,69.33395385742188
2021-09-13,69.88070678710938
2021-09-14,69.59025573730469
2021-09-15,69.79528045654297
2021-09-16,69.6842269897461
2021-09-17,68.77013397216797
2021-09-20,67.49724578857422
2021-09-21,68.16358947753906
2021-09-22,68.50531005859375
2021-09-23,69.24852752685547
2021-09-24,68.59927368164062
2021-09-27,68.55656433105469
2021-09-28,67.0615463256836
2021-09-29,66.90777587890625
2021-09-30,66.64295196533203
2021-10-01,66.80526733398438
2021-10-04,66.10474395751953
2021-10-05,66.5575180053711
2021-10-06,66.11329650878906
2021-10-07,66.62586212158203
2021-10-08,66.6173324584961
2021-10-11,66.40375518798828
2021-10-12,66.43793487548828
2021-10-13,67.09573364257812
2021-10-14,67.76207733154297
2021-10-15,68.3259048461914
2021-10-18,68.03544616699219
2021-10-19,68.44548797607422
2021-10-20,68.68470764160156
2021-10-21,68.36006927490234
2021-10-22,68.77013397216797
2021-10-25,68.63343811035156
2021-10-26,68.77013397216797
2021-10-27,68.49675750732422
2021-10-28,69.16309356689453
2021-10-29,68.76158142089844
2021-11-01,69.42793273925781
2021-11-02,69.28270721435547
2021-11-03,69.84654235839844
2021-11-04,69.80381774902344
2021-11-05,69.90633392333984
2021-11-08,69.89778900146484
2021-11-09,69.74402618408203
2021-11-10,68.89827728271484
2021-11-11,69.14602661132812
2021-11-12,69.52189636230469
2021-11-15,69.3937759399414
2021-11-16,69.23998260498047
2021-11-17,69.1545639038086
2021-11-18,69.222900390625
2021-11-19,68.63343811035156
2021-11-22,68.23192596435547
2021-11-23,68.16358947753906
2021-11-24,67.7108154296875
2021-11-26,65.89116668701172
2021-11-29,66.2243423461914
2021-11-30,65.64344024658203
2021-12-01,65.26756286621094
2021-12-02,66.07913208007812
2021-12-03,65.80574035644531
2021-12-06,66.43793487548828
2021-12-07,67.8389663696289
2021-12-08,67.96708679199219
2021-12-09,67.40327453613281
2021-12-10,67.54849243164062
2021-12-13,66.91576385498047
2021-12-14,66.55941772460938
2021-12-15,67.46333312988281
2021-12-16,67.47201538085938
2021-12-17,66.62024688720703
2021-12-20,66.47249603271484
2021-12-21,67.21126556396484
2021-12-22,67.83704376220703
2021-12-23,68.23686981201172
2021-12-27,68.76705169677734
2021-12-28,68.79312896728516
2021-12-29,68.76705169677734
2021-12-30,68.5867691040039
2021-12-31,68.52579498291016
2022-01-03,68.96997833251953
2022-01-04,69.36190032958984
2022-01-05,68.75225067138672
2022-01-06,68.40386962890625
2022-01-07,68.60417938232422
2022-01-10,67.96839141845703
2022-01-11,68.70870208740234
2022-01-12,69.37932586669922
2022-01-13,68.87418365478516
2022-01-14,68.80449676513672
2022-01-18,67.79419708251953
2022-01-19,67.73323822021484
2022-01-20,67.40228271484375
2022-01-21,66.48778533935547
2022-01-24,65.82588195800781
2022-01-25,65.42524719238281
2022-01-26,65.17266845703125
2022-01-27,64.86783599853516
2022-01-28,65.0855712890625
2022-01-31,66.03490447998047
2022-02-01,66.66197967529297
2022-02-02,67.15840911865234
2022-02-03,66.09585571289062
2022-02-04,66.25263214111328
2022-02-07,66.36585998535156
2022-02-08,66.70552825927734
2022-02-09,67.78548431396484
2022-02-10,66.92325592041016
2022-02-11,65.9129638671875
2022-02-14,65.48621368408203
2022-02-15,66.68811798095703
2022-02-16,66.94068145751953
2022-02-17,65.8606948852539
2022-02-18,65.58202362060547
2022-02-22,64.81558227539062
2022-02-23,64.2843017578125
2022-02-24,63.42207717895508
2022-02-25,65.00718688964844
2022-02-28,63.77044677734375
2022-03-01,62.37693786621094
2022-03-02,63.1607780456543
2022-03-03,61.91532897949219
2022-03-04,60.12118911743164
2022-03-07,58.21382522583008
2022-03-08,58.71897888183594
2022-03-09,61.175048828125
2022-03-10,60.44344711303711
2022-03-11,59.79023742675781
2022-03-14,60.338924407958984
2022-03-15,60.913753509521484
2022-03-16,63.099822998046875
2022-03-17,63.63108825683594
2022-03-18,64.24946594238281
2022-03-21,63.84882736206055
2022-03-22,64.44979095458984
2022-03-23,63.61367416381836
2022-03-24,64.2059326171875
2022-03-25,64.24076843261719
2022-03-28,64.03172302246094
2022-03-29,65.45136260986328
2022-03-30,65.18136596679688
2022-03-31,64.10140228271484
2022-04-01,64.70235443115234
2022-04-04,64.96363830566406
2022-04-05,64.083984375
2022-04-06,63.317562103271484
2022-04-07,63.456905364990234
2022-04-08,63.4830322265625
2022-04-11,62.81241226196289
2022-04-12,62.34210205078125
2022-04-13,63.01272964477539
2022-04-14,62.725311279296875
2022-04-18,62.35950469970703
2022-04-19,62.655635833740234
2022-04-20,63.073692321777344
2022-04-21,62.39435577392578
2022-04-22,61.3753547668457
2022-04-25,61.07923889160156
2022-04-26,59.372169494628906
2022-04-27,59.642181396484375
2022-04-28,60.48699188232422
2022-04-29,59.78152847290039
2022-05-02,59.63347244262695
2022-05-03,60.077659606933594
2022-05-04,61.13148880004883
2022-05-05,59.16315460205078
2022-05-06,58.58833694458008
2022-05-09,56.82032012939453
2022-05-10,57.24708557128906
2022-05-11,56.907413482666016
2022-05-12,56.76806640625
2022-05-13,58.34446716308594
2022-05-16,58.39673614501953
2022-05-17,59.48540496826172
2022-05-18,58.065765380859375
2022-05-19,58.623172760009766
2022-05-20,59.02381134033203
2022-05-23,60.025390625
2022-05-24,59.92958450317383
2022-05-25,59.94701385498047
2022-05-26,60.60892868041992
2022-05-27,61.34051513671875
2022-05-31,60.97472381591797
2022-06-01,60.33021926879883
2022-06-02,61.584373474121094
2022-06-03,60.70473098754883
2022-06-06,60.948604583740234
2022-06-07,61.13148880004883
2022-06-08,60.2779541015625
2022-06-09,59.012081146240234
2022-06-10,57.5877571105957
2022-06-13,55.68269348144531
2022-06-14,55.157470703125
2022-06-15,56.19011306762695
2022-06-16,54.95273208618164
2022-06-17,54.730167388916016
2022-06-21,55.55806350708008
2022-06-22,55.184181213378906
2022-06-23,55.121864318847656
2022-06-24,56.76875305175781
2022-06-27,56.52839279174805
2022-06-28,56.145606994628906
2022-06-29,55.93196105957031
2022-06-30,55.6292839050293
2022-07-01,55.762813568115234
2022-07-05,54.56993103027344
2022-07-06,54.61444091796875
2022-07-07,55.44234085083008
2022-07-08,55.50465393066406
2022-07-11,54.60554122924805
2022-07-12,54.596641540527344
2022-07-13,54.56993103027344
2022-07-14,53.80435562133789
2022-07-15,54.658958435058594
2022-07-18,54.881507873535156
2022-07-19,56.37706756591797
2022-07-20,56.003170013427734
2022-07-21,56.581809997558594
2022-07-22,56.43938064575195
2022-07-25,56.875579833984375
2022-07-26,56.08329772949219
2022-07-27,57.409698486328125
2022-07-28,57.7034797668457
2022-07-29,58.50466537475586
2022-08-01,58.58478546142578
2022-08-02,57.65006637573242
2022-08-03,57.988338470458984
2022-08-04,58.2821159362793
2022-08-05,57.872615814208984
2022-08-08,58.00614929199219
2022-08-09,57.69457244873047
2022-08-10,58.99428176879883
2022-08-11,58.97648239135742
2022-08-12,59.43048858642578
2022-08-15,59.074398040771484
2022-08-16,59.05659866333008
2022-08-17,58.58478546142578
2022-08-18,58.38893508911133
2022-08-19,57.5877571105957
2022-08-22,56.608516693115234
2022-08-23,56.635223388671875
2022-08-24,56.70643997192383
2022-08-25,57.329586029052734
2022-08-26,55.82513427734375
2022-08-29,55.700504302978516
2022-08-30,55.29990768432617
2022-08-31,54.926021575927734
2022-09-01,54.18714141845703
2022-09-02,53.83106231689453
2022-09-06,53.69752502441406
2022-09-07,54.169334411621094
2022-09-08,54.2049560546875
2022-09-09,55.584774017333984
2022-09-12,56.359256744384766
2022-09-13,54.400794982910156
2022-09-14,54.57883834838867
2022-09-15,54.098121643066406
2022-09-16,53.76874542236328
2022-09-19,53.9556884765625
2022-09-20,53.03877258300781
2022-09-21,52.344398498535156
2022-09-22,52.19306564331055
2022-09-23,50.52837371826172
2022-09-26,49.78059768676758
2022-09-27,49.442317962646484
2022-09-28,50.63520431518555
2022-09-29,50.03875732421875
2022-09-30,49.860721588134766
2022-10-03,50.848854064941406
2022-10-04,52.88743209838867
2022-10-05,52.32659912109375
2022-10-06,51.40968704223633
2022-10-07,50.5906867980957
2022-10-10,50.305824279785156
2022-10-11,49.7538948059082
2022-10-12,49.593650817871094
2022-10-13,50.61739730834961
2022-10-14,49.860721588134766
2022-10-17,51.089210510253906
2022-10-18,51.45419692993164
2022-10-19,50.8221435546875
2022-10-20,50.706417083740234
2022-10-21,51.623329162597656
2022-10-24,51.63223648071289
2022-10-25,52.77170181274414
2022-10-26,53.270225524902344
2022-10-27,52.77170181274414
2022-10-28,53.296932220458984
2022-10-31,52.79841613769531
2022-11-01,53.21681594848633
2022-11-02,52.44232940673828
2022-11-03,51.997222900390625
2022-11-04,54.080318450927734
2022-11-07,54.24946212768555
2022-11-08,54.86370086669922
2022-11-09,54.098121643066406
2022-11-10,57.13374328613281
2022-11-11,58.27321243286133
2022-11-14,57.658966064453125
2022-11-15,58.041748046875
2022-11-16,57.908226013183594
2022-11-17,57.88151168823242
2022-11-18,57.997249603271484
2022-11-21,57.5610466003418
2022-11-22,58.36223220825195
2022-11-23,59.003177642822266
2022-11-25,59.30585861206055
2022-11-28,58.54027557373047
2022-11-29,58.709415435791016
2022-11-30,59.75096893310547
2022-12-01,60.3296012878418
2022-12-02,60.285091400146484
2022-12-05,59.492794036865234
2022-12-06,59.225738525390625
2022-12-07,59.225738525390625
2022-12-08,59.528404235839844
2022-12-09,59.564022064208984
2022-12-12,59.742069244384766
2022-12-13,60.589359283447266
2022-12-14,60.53573989868164
2022-12-15,58.98949432373047
2022-12-16,58.471107482910156
2022-12-19,58.32810592651367
2022-12-20,58.56047821044922
2022-12-21,59.168251037597656
2022-12-22,58.68560791015625
2022-12-23,58.891178131103516
2022-12-27,58.980560302734375
2022-12-28,58.354915618896484
2022-12-29,59.2755012512207
2022-12-30,58.66773223876953
2023-01-03,59.186134338378906
2023-01-04,59.972652435302734
2023-01-05,59.37382125854492
2023-01-06,60.893245697021484
2023-01-09,61.1524543762207
2023-01-10,61.33120346069336
2023-01-11,61.79596710205078
2023-01-12,62.70762252807617
2023-01-13,63.0383186340332
2023-01-17,63.23495864868164
2023-01-18,63.01150894165039
2023-01-19,62.91319274902344
2023-01-20,63.467342376708984
2023-01-23,63.726539611816406
2023-01-24,63.646095275878906
2023-01-25,64.06616973876953
2023-01-26,64.11979675292969
2023-01-27,63.99465560913086
2023-01-30,63.583534240722656
2023-01-31,63.94998550415039
2023-02-01,64.52200317382812
2023-02-02,64.43260955810547
2023-02-03,63.83378982543945
2023-02-06,63.18133544921875
2023-02-07,63.71760177612305
2023-02-08,63.324337005615234
2023-02-09,63.44053268432617
2023-02-10,63.163448333740234
2023-02-13,63.798038482666016
2023-02-14,63.91423416137695
2023-02-15,63.62821578979492
2023-02-16,63.31538772583008
2023-02-17,63.47627639770508
2023-02-21,62.77914047241211
2023-02-22,62.4305534362793
2023-02-23,62.752315521240234
2023-02-24,61.70658493041992
2023-02-27,62.43950271606445
2023-02-28,61.98366165161133
2023-03-01,62.314369201660156
2023-03-02,62.43950271606445
2023-03-03,63.351139068603516
2023-03-06,63.19026184082031
2023-03-07,62.13559341430664
2023-03-08,62.47523880004883
2023-03-09,62.019405364990234
2023-03-10,61.358009338378906
2023-03-13,60.93793487548828
2023-03-14,61.751277923583984
2023-03-15,59.83858871459961
2023-03-16,60.76811218261719
2023-03-17,60.044151306152344
2023-03-20,60.982627868652344
2023-03-21,61.90321350097656
2023-03-22,61.68871307373047
2023-03-23,61.69764709472656
2023-03-24,61.50996017456055
2023-03-27,62.090919494628906
2023-03-28,62.11772918701172
2023-03-29,62.868499755859375
2023-03-30,63.60141372680664
2023-03-31,63.92317199707031
2023-04-03,64.43260955810547
2023-04-04,64.4415512084961
2023-04-05,63.99465560913086
2023-04-06,64.29855346679688
2023-04-10,64.25386047363281
2023-04-11,64.46836853027344
2023-04-12,64.87950897216797
2023-04-13,65.71072387695312
2023-04-14,65.44258117675781
2023-04-17,65.32640075683594
2023-04-18,65.68390655517578
2023-04-19,65.47833251953125
2023-04-20,65.47833251953125
2023-04-21,65.80904388427734
2023-04-24,65.97886657714844
2023-04-25,65.05826568603516
2023-04-26,65.01356506347656
2023-04-27,65.82691955566406
2023-04-28,65.80010223388672
2023-05-01,65.70178985595703
2023-05-02,65.04039764404297
2023-05-03,65.210205078125
2023-05-04,65.07614135742188
2023-05-05,66.03248596191406
2023-05-08,66.05036926269531
2023-05-09,65.78223419189453
2023-05-10,65.64815521240234
2023-05-11,65.48727416992188
2023-05-12,65.37108612060547
2023-05-15,65.87159729003906
2023-05-16,65.2459487915039
2023-05-17,65.54985046386719
2023-05-18,65.45153045654297
2023-05-19,65.83586120605469
2023-05-22,65.85372924804688
2023-05-23,64.8884506225586
2023-05-24,63.941043853759766
2023-05-25,63.851654052734375
2023-05-26,64.47730255126953
2023-05-30,63.82485580444336
2023-05-31,63.163448333740234
2023-06-01,64.10192108154297
2023-06-02,64.9331283569336
2023-06-05,64.55774688720703
2023-06-06,65.0940170288086
2023-06-07,64.52152252197266
2023-06-08,65.20414733886719
2023-06-09,65.09493255615234
2023-06-12,65.37708282470703
2023-06-13,65.9959945678711
2023-06-14,66.24172973632812
2023-06-15,66.94256591796875
2023-06-16,66.79693603515625
2023-06-20,65.91407012939453
2023-06-21,66.01419830322266
2023-06-22,65.60462188720703
2023-06-23,64.58524322509766
2023-06-26,64.66714477539062
2023-06-27,65.23145294189453
2023-06-28,65.27696228027344
2023-06-29,65.18595123291016
2023-06-30,65.98688507080078
2023-07-03,65.91407012939453
2023-07-05,65.17684173583984
2023-07-06,64.04824829101562
2023-07-07,64.53062438964844
2023-07-10,64.71265411376953
2023-07-11,65.29515838623047
2023-07-12,66.5420913696289
2023-07-13,67.60697937011719
2023-07-14,67.2247085571289
2023-07-17,67.14278411865234
2023-07-18,67.57968139648438
2023-07-19,67.54326629638672
2023-07-20,67.1974105834961
2023-07-21,67.33393096923828
2023-07-24,67.17010498046875
2023-07-25,67.24290466308594
2023-07-26,67.4249496459961
2023-07-27,67.27022552490234
2023-07-28,67.75260162353516
2023-07-31,67.77081298828125
2023-08-01,66.92436218261719
2023-08-02,65.67743682861328
2023-08-03,65.49539947509766
2023-08-04,65.67743682861328
2023-08-07,66.23263549804688
2023-08-08,65.83216094970703
2023-08-09,65.81395721435547
2023-08-10,66.09610748291016
2023-08-11,65.6501235961914
2023-08-14,65.3588638305664
2023-08-15,64.54882049560547
2023-08-16,64.02092742919922
2023-08-17,63.56584167480469
2023-08-18,63.56584167480469
2023-08-21,63.802486419677734
2023-08-22,63.68416976928711
2023-08-23,64.37590026855469
2023-08-24,63.493038177490234
2023-08-25,63.92081832885742
2023-08-28,64.5943374633789
2023-08-29,65.39527893066406
2023-08-30,65.3588638305664
2023-08-31,65.10401916503906
2023-09-01,65.067626953125
2023-09-05,64.50333404541016
2023-09-06,64.3667984008789
2023-09-07,64.15746307373047
2023-09-08,64.06644439697266
2023-09-11,64.73087310791016
2023-09-12,64.46692657470703
2023-09-13,64.26667785644531
2023-09-14,65.1131362915039
2023-09-15,64.9675064086914
2023-09-18,64.73995971679688
2023-09-19,64.79457092285156
2023-09-20,64.63984680175781
2023-09-21,63.56584167480469
2023-09-22,63.620460510253906
2023-09-25,63.33830261230469
2023-09-26,62.519161224365234
2023-09-27,62.400840759277344
2023-09-28,62.91053771972656
2023-09-29,62.72850036621094
2023-10-02,61.80924606323242
2023-10-03,61.03559494018555
2023-10-04,61.144813537597656
2023-10-05,61.68181228637695
2023-10-06,62.36444091796875
2023-10-09,62.27342224121094
2023-10-10,63.12897872924805
2023-10-11,63.39291763305664
2023-10-12,62.86502456665039
2023-10-13,62.28252410888672
2023-10-16,62.737613677978516
2023-10-17,62.774009704589844
2023-10-18,61.68181228637695
2023-10-19,61.13571548461914
2023-10-20,60.58961868286133
2023-10-23,60.63512420654297
2023-10-24,60.98098373413086
2023-10-25,60.544105529785156
2023-10-26,60.10723114013672
2023-10-27,59.92518997192383
2023-10-30,60.68973159790039
2023-10-31,60.90817642211914
2023-11-01,61.4815788269043
2023-11-02,62.737613677978516
2023-11-03,63.40202331542969
2023-11-06,63.08346176147461
2023-11-07,62.701194763183594
2023-11-08,62.61928939819336
2023-11-09,62.61017608642578
2023-11-10,62.8923225402832
2023-11-13,63.056156158447266
2023-11-14,64.66714477539062
2023-11-15,64.56703186035156
2023-11-16,64.52152252197266
2023-11-17,65.39527893066406
2023-11-20,65.64102935791016
2023-11-21,65.38618469238281
2023-11-22,65.54090881347656
2023-11-24,66.04149627685547
2023-11-27,65.81395721435547
2023-11-28,65.83216094970703
2023-11-29,65.96869659423828
2023-11-30,65.91407012939453
2023-12-01,66.6058120727539
2023-12-04,66.0870132446289
2023-12-05,65.8503646850586
2023-12-06,66.05059814453125
2023-12-07,66.36915588378906
2023-12-08,66.56939697265625
2023-12-11,66.73321533203125
2023-12-12,66.8515396118164
2023-12-13,67.82542419433594
2023-12-14,68.32601165771484
2023-12-15,67.66159057617188
2023-12-18,67.82542419433594
2023-12-19,68.3988265991211
2023-12-20,67.70854949951172
2023-12-21,68.80523681640625
2023-12-22,68.8697509765625
2023-12-26,69.1830825805664
2023-12-27,69.55172729492188
2023-12-28,69.36740112304688
2023-12-29,69.44112396240234
2024-01-02,68.66699981689453
2024-01-03,68.15091705322266
2024-01-04,68.30758666992188
2024-01-05,68.3536605834961
2024-01-08,69.08171081542969
2024-01-09,68.4642562866211
2024-01-10,68.90660858154297
2024-01-11,68.89739227294922
2024-01-12,69.1830825805664
2024-01-16,68.02188873291016
2024-01-17,67.37678527832031
2024-01-18,67.97582244873047
2024-01-19,68.13248443603516
2024-01-22,68.34444427490234
2024-01-23,68.15091705322266
2024-01-24,68.66699981689453
2024-01-25,68.86051940917969
2024-01-26,69.16465759277344
2024-01-29,69.57015228271484
2024-01-30,69.47799682617188
2024-01-31,69.12779235839844
2024-02-01,69.80976867675781
2024-02-02,69.2568130493164
2024-02-05,68.88819122314453
2024-02-06,69.3121109008789
2024-02-07,69.27523040771484
2024-02-08,69.15543365478516
2024-02-09,69.39505004882812
2024-02-12,69.51484680175781
2024-02-13,68.44581604003906
2024-02-14,69.21073913574219
2024-02-15,69.99407196044922
2024-02-16,70.10466766357422
2024-02-20,70.39035034179688
2024-02-21,70.4456558227539
2024-02-22,71.23822021484375
2024-02-23,71.33037567138672
2024-02-26,71.22898864746094
2024-02-27,71.42252349853516
2024-02-28,71.00782012939453
2024-02-29,71.192138671875
2024-03-01,71.88331604003906
2024-03-04,71.69901275634766
2024-03-05,71.56997680664062
2024-03-06,72.41783905029297
2024-03-07,73.27490997314453
2024-03-08,73.03529357910156
2024-03-11,72.6205825805664
2024-03-12,73.20117950439453
2024-03-13,73.21040344238281
2024-03-14,72.6758804321289
2024-03-15,72.70352172851562
2024-03-18,72.68510437011719
2024-03-19,72.81411743164062
2024-03-20,73.58824157714844
2024-03-21,73.55137634277344
2024-03-22,73.39470672607422
2024-03-25,73.23804473876953
2024-03-26,73.32098388671875
2024-03-27,73.76334381103516
2024-03-28,73.59746551513672
2024-04-01,73.28411865234375
2024-04-02,72.7680435180664
2024-04-03,73.17353057861328
2024-04-04,72.54685974121094
2024-04-05,72.77725219726562
2024-04-08,73.13666534423828
2024-04-09,73.12744903564453
2024-04-10,72.15978240966797
2024-04-11,72.35333251953125
2024-04-12,71.18292236328125
2024-04-15,70.97095489501953
2024-04-16,70.27056121826172
2024-04-17,70.31663513183594
2024-04-18,70.12310028076172
2024-04-19,70.15074920654297
2024-04-22,70.97095489501953
2024-04-23,71.74507904052734
2024-04-24,71.60684204101562
2024-04-25,71.27507781982422
2024-04-26,71.8464584350586
2024-04-29,72.12293243408203
2024-04-30,71.21056365966797
2024-05-01,71.05389404296875
2024-05-02,72.01233673095703
2024-05-03,72.73117065429688
2024-05-06,73.22882843017578
2024-05-07,73.42236328125
2024-05-08,73.33941650390625
2024-05-09,73.9015884399414
2024-05-10,74.0398178100586
2024-05-13,74.0398178100586
2024-05-14,74.5927734375
2024-05-15,75.38533020019531
2024-05-16,74.9798355102539
2024-05-17,75.23787689208984
2024-05-20,75.29315948486328
2024-05-21,75.17337036132812
2024-05-22,74.4637451171875
2024-05-23,74.08589935302734
2024-05-24,74.69413757324219
2024-05-28,74.66648864746094
2024-05-29,73.48686981201172
2024-05-30,74.10433197021484
2024-05-31,74.81394958496094
2024-06-03,75.02590942382812
2024-06-04,74.93374633789062
2024-06-05,75.45905303955078
2024-06-06,75.71710968017578
2024-06-07,74.89689636230469
2024-06-10,74.84159088134766
2024-06-11,73.99114227294922
2024-06-12,74.8631591796875
2024-06-13,73.79421997070312
2024-06-14,72.97845458984375
2024-06-17,73.26912689208984
2024-06-18,73.55979919433594
2024-06-20,73.606689453125
2024-06-21,73.09097290039062
2024-06-24,73.67232513427734
2024-06-25,73.8504867553711
2024-06-26,73.306640625
2024-06-27,73.3628921508789
2024-06-28,73.44729614257812
2024-07-01,73.57856750488281
2024-07-02,73.75672912597656
2024-07-03,74.60061645507812
2024-07-05,75.09757232666016
2024-07-08,74.72251892089844
2024-07-09,74.4224624633789
2024-07-10,75.47264099121094
2024-07-11,75.68831634521484
2024-07-12,76.49470520019531
2024-07-15,75.81957244873047
2024-07-16,76.18527221679688
2024-07-17,75.78207397460938
2024-07-18,75.03194427490234
2024-07-19,74.5724868774414
2024-07-22,75.3601303100586
2024-07-23,74.93817901611328
2024-07-24,73.99114227294922
2024-07-25,73.52230834960938
2024-07-26,74.45997619628906
2024-07-29,74.13179016113281
2024-07-30,74.3005599975586
2024-07-31,75.35074615478516
2024-08-01,73.35352325439453
2024-08-02,72.2001953125
2024-08-05,70.62491607666016
2024-08-06,70.74681091308594
2024-08-07,71.0843734741211
2024-08-08,72.27520751953125
2024-08-09,72.5564956665039
2024-08-12,72.4908676147461
2024-08-13,73.73796081542969
2024-08-14,74.0098876953125
2024-08-15,74.91004180908203
2024-08-16,75.32261657714844
2024-08-19,76.24152374267578
2024-08-20,76.00711059570312
2024-08-21,76.71035766601562
2024-08-22,76.26028442382812
2024-08-23,77.65740203857422
2024-08-26,77.31046295166016
2024-08-27,77.66678619384766
2024-08-28,77.39485931396484
2024-08-29,77.68553161621094
2024-08-30,77.80743408203125
2024-09-03,76.57908630371094
2024-09-04,76.24152374267578
2024-09-05,76.26028442382812
2024-09-06,74.8256607055664
2024-09-09,75.5757827758789
2024-09-10,75.20071411132812
2024-09-11,75.65080261230469
2024-09-12,76.2696533203125
2024-09-13,76.44781494140625
2024-09-16,77.06668090820312
2024-09-17,76.6353530883789
2024-09-18,76.39156341552734
2024-09-19,77.90119934082031
2024-09-20,77.13230895996094
2024-09-23,77.42298889160156
2024-09-24,77.88243865966797
2024-09-25,77.46049499511719
2024-09-26,79.16704559326172
2024-09-27,78.68882751464844
2024-09-30,78.41691589355469
2024-10-01,77.83555603027344
2024-10-02,77.67615509033203
2024-10-03,76.95414733886719
2024-10-04,77.40422821044922
2024-10-07,76.97290802001953
2024-10-08,76.85100555419922
2024-10-09,76.86976623535156
2024-10-10,76.7760009765625
2024-10-11,77.16981506347656
2024-10-14,77.39485931396484
2024-10-15,76.11026000976562
2024-10-16,76.30716705322266
2024-10-17,76.31654357910156
2024-10-18,76.83226776123047
2024-10-21,75.9227294921875
2024-10-22,75.49139404296875
2024-10-23,74.73188018798828
2024-10-24,75.15383911132812
2024-10-25,74.90067291259766
2024-10-28,75.50077056884766
2024-10-29,75.22885131835938
2024-10-30,74.74126434326172
2024-10-31,74.28181457519531
2024-11-01,74.43183898925781
2024-11-04,74.48809814453125
2024-11-05,75.22885131835938
2024-11-06,74.14115905761719
2024-11-07,75.266357421875
2024-11-08,74.2255630493164
2024-11-11,74.24430847167969
2024-11-12,72.86593627929688
2024-11-13,72.43461608886719
2024-11-14,72.58463287353516
2024-11-15,72.32208251953125
2024-11-18,72.7159194946289
2024-11-19,72.62213897705078
2024-11-20,72.42523193359375
2024-11-21,72.44398498535156
2024-11-22,72.72528839111328
2024-11-25,73.10035705566406
2024-11-26,72.67840576171875
2024-11-27,73.07221984863281
2024-11-29,74.04739379882812
2024-12-02,74.2536849975586
2024-12-03,74.67562866210938
2024-12-04,74.73188018798828
2024-12-05,75.09757232666016
2024-12-06,75.08820343017578
2024-12-09,75.04132080078125
2024-12-10,74.36620330810547
2024-12-11,74.83503723144531
2024-12-12,74.17866516113281
2024-12-13,73.97237396240234
2024-12-16,73.72857666015625
2024-12-17,73.61167907714844
2024-12-18,71.80584716796875
2024-12-19,71.5777359008789
2024-12-20,71.3781509399414
2024-12-23,71.84385681152344
2024-12-24,72.10047912597656
2024-12-26,72.4426498413086
2024-12-27,72.33808898925781
2024-12-30,71.86287689208984
2024-12-31,71.86287689208984
2025-01-02,71.61576080322266
2025-01-03,71.92939758300781
2025-01-06,72.61371612548828
2025-01-07,72.55669403076172
2025-01-08,72.4426498413086
2025-01-10,71.34012603759766
2025-01-13,71.1405258178711
2025-01-14,71.39715576171875
2025-01-15,72.30958557128906
2025-01-16,72.68025207519531
2025-01-17,72.97489166259766
2025-01-21,74.44808197021484
2025-01-22,74.27699279785156
2025-01-23,74.88526916503906
2025-01-24,75.303466796875
2025-01-27,75.303466796875
2025-01-28,75.20841979980469
2025-01-29,75.19892120361328
2025-01-30,76.02580261230469
2025-01-31,75.3129653930664
2025-02-03,74.42906188964844
2025-02-04,75.2939682006836
2025-02-05,76.02580261230469
2025-02-06,76.38697814941406
2025-02-07,75.66463470458984
2025-02-10,76.1778793334961
2025-02-11,76.5390396118164
2025-02-12,76.82417297363281
2025-02-13,77.75560760498047
2025-02-14,77.86965942382812
2025-02-18,78.43041229248047
2025-02-19,77.62254333496094
2025-02-20,77.98371124267578
2025-02-21,77.49898529052734
2025-02-24,77.45146179199219
2025-02-25,78.15479278564453
2025-02-26,78.25933074951172
2025-02-27,77.37543487548828
2025-02-28,77.5370101928711
2025-03-03,78.39240264892578
2025-03-04,78.3733901977539
2025-03-05,80.24576568603516
2025-03-06,79.41887664794922
2025-03-07,80.24576568603516
2025-03-10,78.3543930053711
2025-03-11,78.08827209472656
2025-03-12,78.64901733398438
2025-03-13,78.12627410888672
2025-03-14,79.56144714355469
2025-03-17,80.45486450195312
2025-03-18,80.44535827636719
2025-03-19,80.6829605102539
2025-03-20,80.00814819335938
2025-03-21,79.51393127441406
2025-03-24,79.5044174194336
2025-03-25,79.9416275024414
2025-03-26,78.90563201904297
2025-03-27,79.07671356201172
2025-03-28,78.3733901977539
2025-03-31,77.67957305908203
2025-04-01,77.79362487792969
2025-04-02,77.97420501708984
2025-04-03,76.33944702148438
2025-04-04,71.30210876464844
2025-04-07,69.5818099975586
2025-04-08,69.34420776367188
2025-04-09,74.69518280029297
2025-04-10,73.22200775146484
2025-04-11,75.05635070800781
2025-04-14,75.86422729492188
2025-04-15,76.54854583740234
2025-04-16,76.25391387939453
2025-04-17,77.08079528808594
2025-04-21,76.66260528564453
2025-04-22,78.24983215332031
2025-04-23,78.56348419189453
2025-04-24,79.60897064208984
2025-04-25,79.95112609863281
2025-04-28,80.4833755493164
2025-04-29,80.64494323730469
2025-04-30,80.5499038696289
2025-05-01,80.29328918457031
2025-05-02,81.83300018310547
2025-05-05,81.97557067871094
2025-05-06,81.87100982666016
2025-05-07,81.59538269042969
2025-05-08,81.31026458740234
2025-05-09,81.70944213867188
2025-05-12,82.12763977050781
2025-05-13,82.23218536376953
2025-05-14,81.83300018310547
2025-05-15,82.7264175415039
2025-05-16,82.91650390625
2025-05-19,83.70537567138672
2025-05-20,84.10456085205078
2025-05-21,83.61032104492188
2025-05-22,83.56279754638672
2025-05-23,83.6768569946289
2025-05-27,84.89342498779297
2025-05-28,83.91446685791016
2025-05-29,84.28514099121094
2025-05-30,84.40869903564453
2025-06-02,85.3116226196289
2025-06-03,84.66532135009766
2025-06-04,85.04550170898438
2025-06-05,84.98845672607422
2025-06-06,85.2926025390625
2025-06-09,85.2831039428711
2025-06-10,85.39715576171875
2025-06-11,85.25458526611328
2025-06-12,85.91039276123047
2025-06-13,84.8078842163086
2025-06-16,85.1259994506836
2025-06-17,84.08174133300781
2025-06-18,84.22677612304688
2025-06-20,83.47259521484375
2025-06-23,84.10108184814453
2025-06-24,85.1259994506836
2025-06-25,84.66188049316406
2025-06-26,85.60944366455078
2025-06-27,86.3829574584961
2025-06-30,86.43130493164062
2025-07-01,86.2862777709961
2025-07-02,86.53767395019531
2025-07-03,86.5570068359375
2025-07-07,85.61911010742188
2025-07-08,86.24759674072266
2025-07-09,86.89542388916016
2025-07-10,86.83740997314453
2025-07-11,86.00587463378906
2025-07-14,86.00587463378906
2025-07-15,85.10665893554688
2025-07-16,85.45474243164062
2025-07-17,85.67713165283203
2025-07-18,85.4354019165039
2025-07-21,85.88984680175781
2025-07-22,86.3636245727539
2025-07-23,88.51014709472656
2025-07-24,87.8526611328125
2025-07-25,87.74629211425781
2025-07-28,86.3346176147461
2025-07-29,86.16057586669922
2025-07-30,85.54176330566406
2025-07-31,84.62320709228516
2025-08-01,84.40081787109375
2025-08-04,85.52242279052734
2025-08-05,85.51275634765625
2025-08-06,86.07355499267578
2025-08-07,86.84707641601562
2025-08-08,87.37887573242188
2025-08-11,87.01144409179688
2025-08-12,88.07503509521484
2025-08-13,88.6068344116211
2025-08-14,88.61650848388672
2025-08-15,89.13863372802734
2025-08-18,89.04193878173828
2025-08-19,89.0516128540039
2025-08-20,89.37068939208984
2025-08-21,88.80988311767578
2025-08-22,90.14421844482422
2025-08-25,88.95492553710938
2025-08-26,88.85823059082031
2025-08-27,88.6455078125
2025-08-28,88.97425842285156
2025-08-29,88.45214080810547
2025-09-02,87.58192443847656
2025-09-03,87.71729278564453
2025-09-04,88.35543823242188
2025-09-05,88.75187683105469
2025-09-08,89.64141845703125
2025-09-09,89.34168243408203
2025-09-10,89.32234191894531
2025-09-11,90.26990509033203
2025-09-12,89.91215515136719
2025-09-15,90.51163482666016
2025-09-16,90.26023864746094
2025-09-17,89.92182159423828
2025-09-18,90.26990509033203
2025-09-19,89.92182159423828
2025-09-22,90.21189880371094
2025-09-23,90.03785705566406
2025-09-24,89.51573181152344
2025-09-25,88.8775634765625
2025-09-26,89.56407165527344
2025-09-29,89.91215515136719
2025-09-30,90.27957916259766
2025-10-01,91.02409362792969
2025-10-02,91.16912841796875
2025-10-03,91.93297576904297
2025-10-06,92.14569854736328
2025-10-07,91.34317016601562
2025-10-08,91.61389923095703
2025-10-09,90.85972595214844
2025-10-10,89.18697357177734
2025-10-13,89.9024887084961
2025-10-14,90.30859375
2025-10-15,90.74369049072266
2025-10-16,91.21746826171875
2025-10-17,91.38184356689453
2025-10-20,92.13602447509766
2025-10-21,91.45919799804688
2025-10-22,91.3238296508789
2025-10-23,91.749267578125
2025-10-24,91.89430236816406
2025-10-27,92.53245544433594
2025-10-28,92.49378204345703
2025-10-29,91.97166442871094
2025-10-30,91.5655517578125
2025-10-31,91.36250305175781
2025-11-03,91.40118408203125
2025-11-04,90.46328735351562
2025-11-05,91.0434341430664
2025-11-06,90.84037780761719
2025-11-07,91.17880249023438
2025-11-10,92.13602447509766
2025-11-11,92.81285858154297
2025-11-12,93.3639907836914
2025-11-13,92.36808013916016
2025-11-14,92.10702514648438
2025-11-17,90.90806579589844
2025-11-18,89.72844696044922
2025-11-19,89.45770263671875
2025-11-20,88.22007751464844
2025-11-21,89.58341217041016
2025-11-24,89.6607666015625
2025-11-25,90.73401641845703
2025-11-26,91.72993469238281
2025-11-28,92.03934478759766
2025-12-01,91.58489227294922
2025-12-02,91.89430236816406
2025-12-03,92.3874282836914
2025-12-04,92.6388168334961
2025-12-05,92.6388168334961
2025-12-08,92.34874725341797
2025-12-09,92.22305297851562
2025-12-10,93.24796295166016
2025-12-11,93.7990951538086
2025-12-12,93.30597686767578
2025-12-15,93.87644958496094
2025-12-16,93.44133758544922
2025-12-17,92.68333435058594
2025-12-18,93.3428955078125
2025-12-19,93.9729232788086
2025-12-22,94.20918273925781
2025-12-23,94.79000091552734
2025-12-24,94.90813446044922
2025-12-26,95.06563568115234
2025-12-29,94.7801513671875
2025-12-30,94.93766021728516
2025-12-31,94.53404235839844
2026-01-02,95.52831268310547
2026-01-05,96.62102508544922
2026-01-06,96.76869201660156
2026-01-07,96.40444946289062
2026-01-08,96.41429901123047
2026-01-09,97.27073669433594
2026-01-12,97.86139678955078
2026-01-13,97.3002700805664
2026-01-14,97.75311279296875
2026-01-15,97.71372985839844
2026-01-16,97.97952270507812
2026-01-20,96.4930419921875
2026-01-21,97.48731231689453
2026-01-22,97.8712387084961
2026-01-23,98.41267395019531
2026-01-26,98.9048843383789
2026-01-27,100.49964141845703
2026-01-28,99.43647003173828
2026-01-29,100.10588073730469
2026-01-30,99.17066955566406
2026-02-02,99.82039642333984
2026-02-03,99.86961364746094
2026-02-04,100.19447326660156
2026-02-05,98.7670669555664
2026-02-06,101.01154327392578
2026-02-09,102.37004089355469
2026-02-10,102.61614990234375
2026-02-11,103.30525207519531
2026-02-12,102.52755737304688
2026-02-13,102.61614990234375
2026-02-17,102.59646606445312
2026-02-18,102.71459197998047
2026-02-19,102.42911529541016
2026-02-20,103.265869140625
2026-02-23,102.84256744384766
2026-02-24,103.02960968017578
2026-02-25,104.0140380859375
2026-02-26,103.92543029785156
2026-02-27,103.73838806152344
2026-03-02,101.6907958984375
2026-03-03,98.53079986572266
2026-03-04,99.80070495605469
2026-03-05,97.61529541015625
2026-03-06,96.74899291992188
2026-03-09,97.44793701171875
2026-03-10,97.67435455322266
2026-03-11,97.4676284790039
2026-03-12,95.9417724609375
2026-03-13,94.79984283447266
2026-03-16,96.5718002319336
2026-03-17,96.83760070800781
2026-03-18,95.18376922607422
2026-03-19,95.01641082763672
2026-03-20,92.1320571899414
2026-03-23,94.34700012207031
2026-03-24,93.78588104248047
2026-03-25,95.15423583984375
2026-03-26,93.18539428710938
2026-03-27,92.33879089355469
2026-03-30,92.60457611083984
2026-03-31,95.61690521240234
2026-04-01,97.07386016845703
2026-04-02,96.47335815429688
2026-04-06,96.95572662353516
2026-04-07,96.81790161132812
2026-04-08,100.59809112548828
2026-04-09,100.36182403564453
2026-04-10,100.58824157714844
2026-04-13,101.20842742919922
2026-04-14,102.02549743652344
2026-04-15,101.70063781738281
2026-04-16,101.40531158447266
2026-04-17,102.69490814208984
2026-04-20,102.29129791259766
2026-04-21,100.04680633544922
2026-04-22,100.38151550292969
2026-04-23,99.66288757324219
2026-04-24,100.18462371826172
2026-04-27,99.80070495605469
2026-04-28,99.38724517822266
2026-04-29,98.373291015625
2026-04-30,100.72605895996094
2026-05-01,100.50949096679688
2026-05-04,99.13129425048828
2026-05-05,100.45042419433594
2026-05-06,103.1772689819336
2026-05-07,101.28718566894531
2026-05-08,102.34051513671875
2026-05-11,102.12393951416016
2026-05-12,101.53328704833984
2026-05-13,102.21253967285156
2026-05-14,101.84830474853516
2026-05-15,100.13540649414062
2026-05-18,101.0607681274414
2026-05-19,100.33229064941406
2026-05-20,102.00581359863281
2026-05-21,102.56693267822266
2026-05-22,102.3602066040039
2026-05-26,103.4922866821289
2026-05-27,103.13789367675781
2026-05-28,103.05914306640625
2026-05-29,103.16743469238281
2026-06-01,102.81304168701172
2026-06-02,103.38399505615234
2026-06-03,102.4980239868164
2026-06-04,103.3150863647461
2026-06-05,100.66699981689453
2026-06-08,101.27733612060547
2026-06-09,101.29702758789062
2026-06-10,99.98774719238281
2026-06-11,103.09852600097656
2026-06-12,103.38399505615234
2026-06-15,104.08000183105469
2026-06-16,104.30999755859375
2026-06-17,103.77999877929688
2026-06-18,104.41000366210938
2026-06-22,104.58000183105469
2026-06-23,102.45999908447266
2026-06-24,102.26000213623047
2026-06-25,103.1500015258789
2026-06-26,102.54000091552734
2026-06-29,103.44999694824219
2026-06-30,103.87999725341797
2026-07-01,103.0199966430664
2026-07-02,104.37000274658203
2026-07-06,105.45999908447266
2026-07-07,104.16000366210938
2026-07-08,103.36000061035156
2026-07-09,103.91999816894531
2026-07-10,104.33000183105469
2026-07-13,103.23999786376953
2026-07-14,103.95999908447266
2026-07-15,104.6500015258789
2026-07-16,103.80999755859375
2026-07-17,103.33000183105469
2026-07-20,102.56999969482422
2026-07-21,104.05999755859375
2026-07-22,104.25
2026-07-23,102.9000015258789
2026-07-24,103.41000366210938
2026-07-27,103.91000366210938
2026-07-28,103.88999938964844
2026-07-29,103.37000274658203
2026-07-30,106.23999786376953
2026-07-31,105.58000183105469
2026-08-03,106.0199966430664
2026-08-04,107.31999969482422
2026-08-05,107.43000030517578
2026-08-06,107.36000061035156
2026-08-07,108.55000305175781
2026-08-10,108.01000213623047
2026-08-11,108.08999633789062
2026-08-12,108.5
2026-08-13,108.69000244140625
2026-08-14,108.63999938964844
2026-08-17,108.44999694824219
2026-08-18,107.2699966430664
2026-08-19,107.66000366210938
2026-08-20,107.3499984741211
2026-08-21,108.23999786376953
2026-08-24,108.02999877929688
2026-08-25,108.80999755859375
2026-08-26,108.2699966430664
2026-08-27,108.0199966430664
2026-08-28,107.72000122070312
2026-08-31,107.44999694824219
2026-09-01,106.48999786376953
2026-09-02,107.05999755859375
2026-09-03,108.20999908447266
2026-09-04,108.3499984741211
2026-09-08,107.76000213623047
2026-09-09,106.55999755859375
2026-09-10,105.66000366210938
2026-09-11,106.69999694824219
2026-09-14,105.8499984741211
2026-09-15,105.4000015258789
2026-09-16,105.0199966430664
2026-09-17,106.04000091552734
2026-09-18,104.97000122070312
