Date,adj_close
1999-03-10,43.02705001831055
1999-03-11,43.23771286010742
1999-03-12,42.184410095214844
1999-03-15,43.39570236206055
1999-03-16,43.764366149902344
1999-03-17,43.4483642578125
1999-03-18,44.2910270690918
1999-03-19,43.158721923828125
1999-03-22,42.63205337524414
1999-03-23,41.131126403808594
1999-03-24,42.526737213134766
1999-03-25,44.08036804199219
1999-03-26,43.60635757446289
1999-03-29,45.18629837036133
1999-03-30,44.870323181152344
1999-03-31,44.21202850341797
1999-04-01,45.13365173339844
1999-04-05,46.76625061035156
1999-04-06,46.85841751098633
1999-04-07,46.37126922607422
1999-04-08,46.73991012573242
1999-04-09,47.029579162597656
1999-04-12,46.71357727050781
1999-04-13,46.08161163330078
1999-04-14,44.501678466796875
1999-04-15,45.10731506347656
1999-04-16,43.79069137573242
1999-04-19,41.73678207397461
1999-04-20,42.684730529785156
1999-04-21,44.79132843017578
1999-04-22,46.00260543823242
1999-04-23,46.60824966430664
1999-04-26,47.681297302246094
1999-04-27,46.95058059692383
1999-04-28,45.34429931640625
1999-04-29,44.975643157958984
1999-04-30,45.265296936035156
1999-05-03,45.028316497802734
1999-05-04,44.31735610961914
1999-05-05,45.66029739379883
1999-05-06,44.0013427734375
1999-05-07,44.633331298828125
1999-05-10,45.08099365234375
1999-05-11,45.791954040527344
1999-05-12,46.73991012573242
1999-05-13,45.87094497680664
1999-05-14,45.00197982788086
1999-05-17,45.81168746948242
1999-05-18,45.607608795166016
1999-05-19,46.23961639404297
1999-05-20,44.96907043457031
1999-05-21,44.5543327331543
1999-05-24,43.42203903198242
1999-05-25,42.000118255615234
1999-05-26,43.17189025878906
1999-05-27,43.13237762451172
1999-05-28,43.84337615966797
1999-06-01,42.869056701660156
1999-06-02,43.59318923950195
1999-06-03,42.974403381347656
1999-06-04,44.2910270690918
1999-06-07,45.21263885498047
1999-06-08,44.08036804199219
1999-06-09,44.81764602661133
1999-06-10,44.304176330566406
1999-06-11,43.63270950317383
1999-06-14,42.80980682373047
1999-06-15,43.4483642578125
1999-06-16,45.68003463745117
1999-06-17,46.18695068359375
1999-06-18,46.39759063720703
1999-06-21,47.7866325378418
1999-06-22,46.34492874145508
1999-06-23,47.075645446777344
1999-06-24,46.14084243774414
1999-06-25,46.08161163330078
1999-06-28,47.174415588378906
1999-06-29,47.819549560546875
1999-06-30,48.55684280395508
1999-07-01,48.886016845703125
1999-07-02,49.50482177734375
1999-07-06,49.18882751464844
1999-07-07,49.267822265625
1999-07-08,49.926124572753906
1999-07-09,50.42644500732422
1999-07-12,50.163143157958984
1999-07-13,49.926124572753906
1999-07-14,50.77534866333008
1999-07-15,51.242759704589844
1999-07-16,51.71672439575195
1999-07-19,51.19007110595703
1999-07-20,49.21516036987305
1999-07-21,49.452152252197266
1999-07-22,48.19478225708008
1999-07-23,48.267189025878906
1999-07-26,47.08222961425781
1999-07-27,48.03021240234375
1999-07-28,48.971580505371094
1999-07-29,47.924869537353516
1999-07-30,47.68788146972656
1999-08-02,47.55622100830078
1999-08-03,47.2468147277832
1999-08-04,46.39103317260742
1999-08-05,47.128318786621094
1999-08-06,46.62141418457031
1999-08-09,46.022369384765625
1999-08-10,45.607608795166016
1999-08-11,47.108577728271484
1999-08-12,46.555572509765625
1999-08-13,48.583187103271484
1999-08-16,48.971580505371094
1999-08-17,49.21516036987305
1999-08-18,48.66218948364258
1999-08-19,48.08284378051758
1999-08-20,48.846500396728516
1999-08-23,50.400115966796875
1999-08-24,50.74244689941406
1999-08-25,51.82206344604492
1999-08-26,50.95967483520508
1999-08-27,50.45276641845703
1999-08-30,49.741790771484375
1999-08-31,50.2947883605957
1999-09-01,50.656837463378906
1999-09-02,50.479103088378906
1999-09-03,52.79633712768555
1999-09-07,52.55936050415039
1999-09-08,51.848392486572266
1999-09-09,52.585693359375
1999-09-10,53.191349029541016
1999-09-13,52.55278396606445
1999-09-14,52.842445373535156
1999-09-15,51.82206344604492
1999-09-16,51.79572677612305
1999-09-17,53.349334716796875
1999-09-20,53.474403381347656
1999-09-21,52.19071578979492
1999-09-22,52.74369430541992
1999-09-23,50.558101654052734
1999-09-24,50.62392044067383
1999-09-27,50.979434967041016
1999-09-28,51.21640396118164
1999-09-29,50.18944549560547
1999-09-30,50.71611785888672
1999-10-01,50.735843658447266
1999-10-04,51.874732971191406
1999-10-05,52.24336242675781
1999-10-06,53.290096282958984
1999-10-07,53.165008544921875
1999-10-08,53.72456359863281
1999-10-11,54.48161315917969
1999-10-12,53.24401092529297
1999-10-13,51.66407012939453
1999-10-14,51.98661804199219
1999-10-15,50.45276641845703
1999-10-18,49.81420135498047
1999-10-19,50.08412551879883
1999-10-20,51.611412048339844
1999-10-21,52.45402908325195
1999-10-22,52.217044830322266
1999-10-25,52.24336242675781
1999-10-26,51.82206344604492
1999-10-27,51.743072509765625
1999-10-28,53.53365707397461
1999-10-29,55.403228759765625
1999-11-01,55.11359786987305
1999-11-02,55.146522521972656
1999-11-03,56.245880126953125
1999-11-04,56.877864837646484
1999-11-05,57.45719528198242
1999-11-08,58.61579132080078
1999-11-09,58.2208137512207
1999-11-10,58.984458923339844
1999-11-11,60.03774642944336
1999-11-12,60.82773208618164
1999-11-15,60.7092170715332
1999-11-16,62.24966049194336
1999-11-17,61.40703201293945
1999-11-18,63.289794921875
1999-11-19,63.855960845947266
1999-11-22,62.88166809082031
1999-11-23,63.17131805419922
1999-11-24,65.25155639648438
1999-11-26,65.46219635009766
1999-11-29,64.38257598876953
1999-11-30,61.93366241455078
1999-12-01,63.27660369873047
1999-12-02,65.28445434570312
1999-12-03,66.67350769042969
1999-12-06,67.2791748046875
1999-12-07,67.2791748046875
1999-12-08,66.4628677368164
1999-12-09,66.77882385253906
1999-12-10,67.3318099975586
1999-12-13,68.24686431884766
1999-12-14,67.0158462524414
1999-12-15,68.30609130859375
1999-12-16,69.99138641357422
1999-12-17,70.59703826904297
1999-12-20,71.51866149902344
1999-12-21,75.36320495605469
1999-12-22,75.12618255615234
1999-12-23,76.021484375
1999-12-27,75.5738525390625
1999-12-28,75.09984588623047
1999-12-29,77.94374084472656
1999-12-30,77.10111999511719
1999-12-31,76.99579620361328
2000-01-03,79.83968353271484
2000-01-04,74.36259460449219
2000-01-05,72.46662139892578
2000-01-06,67.48981475830078
2000-01-07,75.837158203125
2000-01-10,77.94374084472656
2000-01-11,74.15185546875
2000-01-12,72.51929473876953
2000-01-13,76.89044952392578
2000-01-14,78.6810531616211
2000-01-18,79.10236358642578
2000-01-19,80.89295959472656
2000-01-20,80.10297393798828
2000-01-21,81.1036605834961
2000-01-24,77.20645141601562
2000-01-25,78.3650131225586
2000-01-26,75.20521545410156
2000-01-27,76.31116485595703
2000-01-28,72.46662139892578
2000-01-31,75.5738525390625
2000-02-01,77.60140991210938
2000-02-02,78.25973510742188
2000-02-03,81.31429290771484
2000-02-04,81.86724853515625
2000-02-07,82.99957275390625
2000-02-08,86.47542572021484
2000-02-09,83.4208755493164
2000-02-10,86.15949249267578
2000-02-11,84.15815734863281
2000-02-14,84.0528335571289
2000-02-15,84.65850830078125
2000-02-16,84.26353454589844
2000-02-17,86.0541000366211
2000-02-18,82.94691467285156
2000-02-22,83.21022033691406
2000-02-23,87.84469604492188
2000-02-24,89.74064636230469
2000-02-25,87.68675231933594
2000-02-28,87.6340560913086
2000-02-29,89.95128631591797
2000-03-01,90.6885986328125
2000-03-02,88.58858489990234
2000-03-03,93.5851821899414
2000-03-06,94.32244873046875
2000-03-07,92.90052795410156
2000-03-08,93.74317932128906
2000-03-09,96.90304565429688
2000-03-10,96.48174285888672
2000-03-13,93.9538345336914
2000-03-14,90.4779281616211
2000-03-15,86.68609619140625
2000-03-16,91.63653564453125
2000-03-17,93.37449645996094
2000-03-20,90.74127960205078
2000-03-21,94.16445922851562
2000-03-22,96.0604248046875
2000-03-23,97.74565124511719
2000-03-24,99.0622787475586
2000-03-27,99.22029876708984
2000-03-28,96.69237518310547
2000-03-29,92.68985748291016
2000-03-30,90.37259674072266
2000-03-31,92.26854705810547
2000-04-03,86.73873901367188
2000-04-04,85.89611053466797
2000-04-05,84.36882019042969
2000-04-06,86.37007141113281
2000-04-07,89.84597778320312
2000-04-10,84.36882019042969
2000-04-11,82.36756134033203
2000-04-12,77.52241516113281
2000-04-13,74.15185546875
2000-04-14,67.72677612304688
2000-04-17,75.52117156982422
2000-04-18,77.52241516113281
2000-04-19,75.15249633789062
2000-04-20,73.5199203491211
2000-04-24,71.41336059570312
2000-04-25,76.23216247558594
2000-04-26,73.62523651123047
2000-04-27,76.89044952392578
2000-04-28,79.83968353271484
2000-05-01,80.5770263671875
2000-05-02,75.9424819946289
2000-05-03,75.09984588623047
2000-05-04,75.25782012939453
2000-05-05,77.04845428466797
2000-05-08,74.0465316772461
2000-05-09,72.46662139892578
2000-05-10,67.2000961303711
2000-05-11,71.3079833984375
2000-05-12,71.3079833984375
2000-05-15,74.41520690917969
2000-05-16,76.52185821533203
2000-05-17,74.9418716430664
2000-05-18,72.25597381591797
2000-05-19,68.83272552490234
2000-05-22,68.78009033203125
2000-05-23,63.0396614074707
2000-05-24,66.98949432373047
2000-05-25,65.51483917236328
2000-05-26,65.51483917236328
2000-05-30,72.09796905517578
2000-05-31,70.04401397705078
2000-06-01,73.62523651123047
2000-06-02,78.89173126220703
2000-06-05,79.08924102783203
2000-06-06,76.89044952392578
2000-06-07,78.94437408447266
2000-06-08,78.57572174072266
2000-06-09,78.9970474243164
2000-06-12,76.46914672851562
2000-06-13,79.41836547851562
2000-06-14,77.62776947021484
2000-06-15,78.9970474243164
2000-06-16,79.41836547851562
2000-06-19,82.5782470703125
2000-06-20,82.26225280761719
2000-06-21,83.31555938720703
2000-06-22,80.26100158691406
2000-06-23,77.10111999511719
2000-06-26,79.20768737792969
2000-06-27,78.25973510742188
2000-06-28,79.20768737792969
2000-06-29,77.2196044921875
2000-06-30,78.73371887207031
2000-07-03,80.26100158691406
2000-07-05,77.15376281738281
2000-07-06,79.20768737792969
2000-07-07,80.8403091430664
2000-07-10,79.6158447265625
2000-07-11,80.05035400390625
2000-07-12,81.94623565673828
2000-07-13,82.99957275390625
2000-07-14,84.79014587402344
2000-07-17,85.73811340332031
2000-07-18,83.84220123291016
2000-07-19,81.94623565673828
2000-07-20,84.57948303222656
2000-07-21,81.73563385009766
2000-07-24,80.05035400390625
2000-07-25,80.68230438232422
2000-07-26,80.5770263671875
2000-07-27,77.4171142578125
2000-07-28,73.20390319824219
2000-07-31,75.36320495605469
2000-08-01,74.36259460449219
2000-08-02,73.0459213256836
2000-08-03,76.2057876586914
2000-08-04,75.9424819946289
2000-08-07,77.73309326171875
2000-08-08,79.31306457519531
2000-08-09,77.20645141601562
2000-08-10,75.67916870117188
2000-08-11,76.73248291015625
2000-08-14,78.3650131225586
2000-08-15,78.3650131225586
2000-08-16,79.15504455566406
2000-08-17,80.68230438232422
2000-08-18,80.26100158691406
2000-08-21,80.47167205810547
2000-08-22,80.47167205810547
2000-08-23,81.78826141357422
2000-08-24,83.05224609375
2000-08-25,82.60454559326172
2000-08-28,82.99957275390625
2000-08-29,83.4208755493164
2000-08-30,83.31555938720703
2000-08-31,85.63280487060547
2000-09-01,86.47542572021484
2000-09-05,83.84220123291016
2000-09-06,80.89295959472656
2000-09-07,82.68357849121094
2000-09-08,80.15567779541016
2000-09-11,78.20709991455078
2000-09-12,76.99579620361328
2000-09-13,78.78636169433594
2000-09-14,78.3650131225586
2000-09-15,76.943115234375
2000-09-18,75.73184204101562
2000-09-19,78.5230484008789
2000-09-20,79.73433685302734
2000-09-21,73.94123077392578
2000-09-22,78.31238555908203
2000-09-25,76.23216247558594
2000-09-26,75.36320495605469
2000-09-27,75.46852111816406
2000-09-28,77.15376281738281
2000-09-29,74.78385925292969
2000-10-02,73.09859466552734
2000-10-03,70.78132629394531
2000-10-04,72.15064239501953
2000-10-05,72.36125946044922
2000-10-06,69.93870544433594
2000-10-09,69.62273406982422
2000-10-10,65.98887634277344
2000-10-11,64.93560028076172
2000-10-12,63.303001403808594
2000-10-13,68.464111328125
2000-10-16,69.09605407714844
2000-10-17,65.93618774414062
2000-10-18,65.72554016113281
2000-10-19,71.6766586303711
2000-10-20,72.72994995117188
2000-10-23,72.6246337890625
2000-10-24,69.51737213134766
2000-10-25,65.6202163696289
2000-10-26,67.30547332763672
2000-10-27,67.173828125
2000-10-30,64.68540954589844
2000-10-31,68.84595489501953
2000-11-01,68.25343322753906
2000-11-02,69.09605407714844
2000-11-03,69.99138641357422
2000-11-06,69.46472930908203
2000-11-07,69.2013931274414
2000-11-08,63.79011154174805
2000-11-09,63.776939392089844
2000-11-10,60.459068298339844
2000-11-13,60.55123519897461
2000-11-14,63.90861129760742
2000-11-15,65.19889068603516
2000-11-16,61.40703201293945
2000-11-17,61.36752700805664
2000-11-20,58.86595153808594
2000-11-21,58.77379608154297
2000-11-22,56.14055633544922
2000-11-24,59.35310363769531
2000-11-27,58.61579132080078
2000-11-28,55.15308380126953
2000-11-29,53.033355712890625
2000-11-30,53.072845458984375
2000-12-01,53.92864990234375
2000-12-04,54.77128601074219
2000-12-05,59.56378936767578
2000-12-06,57.299171447753906
2000-12-07,56.03523254394531
2000-12-08,57.299171447753906
2000-12-11,62.67100143432617
2000-12-12,60.380069732666016
2000-12-13,57.917999267578125
2000-12-14,55.08725357055664
2000-12-15,53.82332992553711
2000-12-18,53.92864990234375
2000-12-19,49.820804595947266
2000-12-20,46.9637565612793
2000-12-21,47.240234375
2000-12-22,50.979434967041016
2000-12-26,51.295406341552734
2000-12-27,51.874732971191406
2000-12-28,51.769405364990234
2000-12-29,49.18882751464844
2001-01-02,45.028316497802734
2001-01-03,52.61202621459961
2001-01-04,51.66407012939453
2001-01-05,47.71422576904297
2001-01-08,48.24087142944336
2001-01-09,48.24087142944336
2001-01-10,50.71611785888672
2001-01-11,52.19071578979492
2001-01-12,52.86219024658203
2001-01-16,52.230220794677734
2001-01-17,53.82332992553711
2001-01-18,56.08792495727539
2001-01-19,55.87725830078125
2001-01-22,55.929901123046875
2001-01-23,57.101715087890625
2001-01-24,56.561859130859375
2001-01-25,54.34998321533203
2001-01-26,55.232093811035156
2001-01-29,56.45654296875
2001-01-30,56.245880126953125
2001-01-31,54.181453704833984
2001-02-01,54.897666931152344
2001-02-02,51.864192962646484
2001-02-05,51.82206344604492
2001-02-06,51.906333923339844
2001-02-07,51.063663482666016
2001-02-08,49.53852844238281
2001-02-09,47.52461242675781
2001-02-12,48.09760284423828
2001-02-13,46.555572509765625
2001-02-14,48.40939712524414
2001-02-15,49.20989227294922
2001-02-16,46.45446014404297
2001-02-20,44.6512336730957
2001-02-21,43.39570236206055
2001-02-22,42.974403381347656
2001-02-23,43.12604522705078
2001-02-26,43.943397521972656
2001-02-27,41.28912353515625
2001-02-28,39.9830436706543
2001-03-01,41.12059020996094
2001-03-02,39.35105895996094
2001-03-05,40.06730270385742
2001-03-06,41.62617492675781
2001-03-07,41.64301681518555
2001-03-08,40.86781692504883
2001-03-09,38.002845764160156
2001-03-12,35.64345932006836
2001-03-13,37.455116271972656
2001-03-14,36.86528778076172
2001-03-15,35.517059326171875
2001-03-16,34.71657943725586
2001-03-19,36.45238494873047
2001-03-20,34.00031280517578
2001-03-21,34.00031280517578
2001-03-22,36.064796447753906
2001-03-23,36.064796447753906
2001-03-26,35.23057174682617
2001-03-27,36.443973541259766
2001-03-28,33.4526252746582
2001-03-29,32.82063674926758
2001-03-30,32.98917007446289
2001-04-02,31.51456069946289
2001-04-03,29.205732345581055
2001-04-04,28.691722869873047
2001-04-05,31.438705444335938
2001-04-06,30.29273223876953
2001-04-09,31.219619750976562
2001-04-10,33.53687286376953
2001-04-11,34.54802703857422
2001-04-12,36.064796447753906
2001-04-16,33.91605758666992
2001-04-17,34.75868606567383
2001-04-18,38.382015228271484
2001-04-19,40.69927215576172
2001-04-20,40.78355026245117
2001-04-23,38.044952392578125
2001-04-24,37.3287239074707
2001-04-25,38.002845764160156
2001-04-26,37.03382110595703
2001-04-27,38.044952392578125
2001-04-30,38.88762283325195
2001-05-01,40.48861312866211
2001-05-02,41.27227020263672
2001-05-03,39.435325622558594
2001-05-04,40.61500930786133
2001-05-07,39.77238464355469
2001-05-08,40.61500930786133
2001-05-09,39.22465133666992
2001-05-10,38.567405700683594
2001-05-11,38.382015228271484
2001-05-14,37.766910552978516
2001-05-15,38.044952392578125
2001-05-16,39.730224609375
2001-05-17,40.36221694946289
2001-05-18,40.48020553588867
2001-05-21,43.016517639160156
2001-05-22,42.89014434814453
2001-05-23,40.994197845458984
2001-05-24,42.04750442504883
2001-05-25,41.28068923950195
2001-05-29,38.86232376098633
2001-05-30,37.43829345703125
2001-05-31,37.69105911254883
2001-06-01,38.80335235595703
2001-06-04,38.617977142333984
2001-06-05,40.320068359375
2001-06-06,40.00831985473633
2001-06-07,41.03634262084961
2001-06-08,39.89876937866211
2001-06-11,38.80335235595703
2001-06-12,38.592689514160156
2001-06-13,37.53939437866211
2001-06-14,35.60133743286133
2001-06-15,35.896270751953125
2001-06-18,35.41594696044922
2001-06-19,35.238990783691406
2001-06-20,36.03950119018555
2001-06-21,36.528228759765625
2001-06-22,36.443973541259766
2001-06-25,36.53666687011719
2001-06-26,36.663047790527344
2001-06-27,36.89898681640625
2001-06-28,37.37087631225586
2001-06-29,38.5084342956543
2001-07-02,38.297760009765625
2001-07-03,38.457862854003906
2001-07-05,36.61249923706055
2001-07-06,35.09574508666992
2001-07-09,35.39909744262695
2001-07-10,34.12671661376953
2001-07-11,34.54802703857422
2001-07-12,36.73889923095703
2001-07-13,36.359710693359375
2001-07-16,35.68560791015625
2001-07-17,36.48609161376953
2001-07-18,35.09574508666992
2001-07-19,35.929969787597656
2001-07-20,35.09574508666992
2001-07-23,34.219417572021484
2001-07-24,33.83180618286133
2001-07-25,34.12671661376953
2001-07-26,34.63229751586914
2001-07-27,35.34854507446289
2001-07-30,35.13789367675781
2001-07-31,35.18843460083008
2001-08-01,36.31758499145508
2001-08-02,37.000099182128906
2001-08-03,36.384971618652344
2001-08-06,35.81199645996094
2001-08-07,35.62662124633789
2001-08-08,34.12671661376953
2001-08-09,34.26998519897461
2001-08-10,33.94133758544922
2001-08-13,34.63229751586914
2001-08-14,34.210975646972656
2001-08-15,32.947025299072266
2001-08-16,33.33463668823242
2001-08-17,31.81789779663086
2001-08-20,32.25606155395508
2001-08-21,30.916271209716797
2001-08-22,31.75892448425293
2001-08-23,31.447120666503906
2001-08-24,33.115570068359375
2001-08-27,33.15766906738281
2001-08-28,32.121246337890625
2001-08-29,31.649372100830078
2001-08-30,30.478113174438477
2001-08-31,30.865726470947266
2001-09-04,29.888261795043945
2001-09-05,29.77031135559082
2001-09-06,28.565340042114258
2001-09-07,28.396804809570312
2001-09-10,28.733861923217773
2001-09-17,26.290218353271484
2001-09-18,25.70037078857422
2001-09-19,25.2537784576416
2001-09-20,24.411134719848633
2001-09-21,23.753883361816406
2001-09-24,24.95042610168457
2001-09-25,25.02625846862793
2001-09-26,24.15834617614746
2001-09-27,23.99824333190918
2001-09-28,24.419559478759766
2001-10-01,24.20890998840332
2001-10-02,24.28475570678711
2001-10-03,26.121681213378906
2001-10-04,26.374483108520508
2001-10-05,26.7620906829834
2001-10-08,26.846351623535156
2001-10-09,26.197521209716797
2001-10-10,27.385643005371094
2001-10-11,29.239431381225586
2001-10-12,29.113037109375
2001-10-15,28.98666000366211
2001-10-16,29.458515167236328
2001-10-17,27.343515396118164
2001-10-18,28.085025787353516
2001-10-19,28.270397186279297
2001-10-22,29.028778076171875
2001-10-23,29.18045425415039
2001-10-24,29.812429428100586
2001-10-25,31.008970260620117
2001-10-26,30.343276977539062
2001-10-29,28.683303833007812
2001-10-30,28.127172470092773
2001-10-31,28.565340042114258
2001-11-01,29.77872657775879
2001-11-02,29.997798919677734
2001-11-05,30.97526741027832
2001-11-06,32.18022155761719
2001-11-07,32.138084411621094
2001-11-08,31.80946922302246
2001-11-09,31.792617797851562
2001-11-12,32.020137786865234
2001-11-13,33.16611862182617
2001-11-14,33.40205764770508
2001-11-15,33.267234802246094
2001-11-16,33.1745491027832
2001-11-19,34.11830139160156
2001-11-20,32.54255294799805
2001-11-21,32.37403869628906
2001-11-23,33.09869384765625
2001-11-26,33.91605758666992
2001-11-27,33.87394332885742
2001-11-28,32.652095794677734
2001-11-29,33.663272857666016
2001-11-30,33.41046142578125
2001-12-03,32.837493896484375
2001-12-04,34.40480041503906
2001-12-05,36.10691833496094
2001-12-06,36.15746307373047
2001-12-07,35.16316604614258
2001-12-10,34.54802703857422
2001-12-11,34.741844177246094
2001-12-12,35.0199089050293
2001-12-13,33.50316619873047
2001-12-14,33.798099517822266
2001-12-17,34.37950134277344
2001-12-18,34.76713943481445
2001-12-19,34.135154724121094
2001-12-20,32.685791015625
2001-12-21,33.267234802246094
2001-12-24,33.13241958618164
2001-12-26,33.44417953491211
2001-12-27,33.713844299316406
2001-12-28,33.983455657958984
2001-12-31,32.78694534301758
2002-01-02,33.798099517822266
2002-01-03,34.96935272216797
2002-01-04,35.112613677978516
2002-01-07,34.72499084472656
2002-01-08,34.960941314697266
2002-01-09,34.64073181152344
2002-01-10,34.868247985839844
2002-01-11,34.42163848876953
2002-01-14,33.67170333862305
2002-01-15,33.99189376831055
2002-01-16,32.677391052246094
2002-01-17,33.41046142578125
2002-01-18,32.51728057861328
2002-01-22,31.51456069946289
2002-01-23,32.382476806640625
2002-01-24,32.81221389770508
2002-01-25,32.719512939453125
2002-01-28,32.904903411865234
2002-01-29,32.00328063964844
2002-01-30,32.24766540527344
2002-01-31,32.44989013671875
2002-02-01,32.138084411621094
2002-02-04,31.110088348388672
2002-02-05,30.596084594726562
2002-02-06,30.38541030883789
2002-02-07,29.652328491210938
2002-02-08,30.478113174438477
2002-02-11,30.865726470947266
2002-02-12,30.612932205200195
2002-02-13,31.135366439819336
2002-02-14,31.07638168334961
2002-02-15,30.149484634399414
2002-02-19,29.222593307495117
2002-02-20,29.618614196777344
2002-02-21,28.2114315032959
2002-02-22,28.354679107666016
2002-02-25,29.500661849975586
2002-02-26,29.3911075592041
2002-02-27,28.98666000366211
2002-02-28,28.464214324951172
2002-03-01,30.115772247314453
2002-03-04,31.303892135620117
2002-03-05,31.531408309936523
2002-03-06,31.683067321777344
2002-03-07,31.7504940032959
2002-03-08,32.58468246459961
2002-03-11,32.46672821044922
2002-03-12,32.020137786865234
2002-03-13,31.244915008544922
2002-03-14,31.059532165527344
2002-03-15,31.371299743652344
2002-03-18,31.54825782775879
2002-03-19,31.497692108154297
2002-03-20,30.38541030883789
2002-03-21,31.194326400756836
2002-03-22,30.907855987548828
2002-03-25,29.964109420776367
2002-03-26,30.24217414855957
2002-03-27,30.006227493286133
2002-03-28,30.38541030883789
2002-04-01,30.96683120727539
2002-04-02,29.568078994750977
2002-04-03,29.517494201660156
2002-04-04,29.289987564086914
2002-04-05,28.96136474609375
2002-04-08,29.323719024658203
2002-04-09,28.304122924804688
2002-04-10,28.514772415161133
2002-04-11,27.806962966918945
2002-04-12,28.245126724243164
2002-04-15,28.47263526916504
2002-04-16,29.660757064819336
2002-04-17,29.509096145629883
2002-04-18,28.94452476501465
2002-04-19,29.037193298339844
2002-04-22,28.304122924804688
2002-04-23,27.815391540527344
2002-04-24,27.385643005371094
2002-04-25,27.318222045898438
2002-04-26,26.155384063720703
2002-04-29,26.222803115844727
2002-04-30,26.7368106842041
2002-05-01,26.59355926513672
2002-05-02,25.708799362182617
2002-05-03,25.059968948364258
2002-05-06,24.411134719848633
2002-05-07,24.183626174926758
2002-05-08,26.77052116394043
2002-05-09,26.079561233520508
2002-05-10,24.908292770385742
2002-05-13,25.91945457458496
2002-05-14,27.444616317749023
2002-05-15,27.646862030029297
2002-05-16,27.688989639282227
2002-05-17,27.74798011779785
2002-05-20,27.14126968383789
2002-05-21,26.399761199951172
2002-05-22,26.45875358581543
2002-05-23,26.989593505859375
2002-05-24,26.32392120361328
2002-05-28,26.205951690673828
2002-05-29,25.514986038208008
2002-05-30,25.73407554626465
2002-05-31,25.312761306762695
2002-06-03,24.419559478759766
2002-06-04,24.739770889282227
2002-06-05,24.992555618286133
2002-06-06,24.335296630859375
2002-06-07,23.84657096862793
2002-06-10,23.804443359375
2002-06-11,23.13875389099121
2002-06-12,23.475818634033203
2002-06-13,23.324140548706055
2002-06-14,23.273588180541992
2002-06-17,24.065656661987305
2002-06-18,24.453266143798828
2002-06-19,23.03764533996582
2002-06-20,22.296127319335938
2002-06-21,21.756837844848633
2002-06-24,22.18657684326172
2002-06-25,21.453489303588867
2002-06-26,21.61358642578125
2002-06-27,22.08546257019043
2002-06-28,21.992780685424805
2002-07-01,20.93948745727539
2002-07-02,20.181108474731445
2002-07-03,20.8552188873291
2002-07-05,22.195009231567383
2002-07-08,21.38608169555664
2002-07-09,20.77937889099121
2002-07-10,20.138975143432617
2002-07-11,20.89735984802246
2002-07-12,20.89735984802246
2002-07-15,21.546178817749023
2002-07-16,21.225975036621094
2002-07-17,21.61358642578125
2002-07-18,20.83836555480957
2002-07-19,20.214813232421875
2002-07-22,19.717662811279297
2002-07-23,18.875019073486328
2002-07-24,19.903045654296875
2002-07-25,18.74863052368164
2002-07-26,19.1025390625
2002-07-29,20.079998016357422
2002-07-30,20.484453201293945
2002-07-31,20.096847534179688
2002-08-01,19.153100967407227
2002-08-02,18.74863052368164
2002-08-05,18.06609535217285
2002-08-06,18.95928955078125
2002-08-07,19.21208381652832
2002-08-08,19.860902786254883
2002-08-09,19.65867805480957
2002-08-12,19.717662811279297
2002-08-13,19.043546676635742
2002-08-14,20.256946563720703
2002-08-15,20.66983985900879
2002-08-16,20.813087463378906
2002-08-19,21.318666458129883
2002-08-20,21.225975036621094
2002-08-21,21.697851181030273
2002-08-22,22.043333053588867
2002-08-23,21.192270278930664
2002-08-26,21.276540756225586
2002-08-27,20.535022735595703
2002-08-28,19.785079956054688
2002-08-29,20.04629135131836
2002-08-30,19.79349136352539
2002-09-03,19.07725715637207
2002-09-04,19.153100967407227
2002-09-05,18.68122100830078
2002-09-06,19.25421714782715
2002-09-09,19.448015213012695
2002-09-10,19.928325653076172
2002-09-11,19.759790420532227
2002-09-12,19.220502853393555
2002-09-13,19.372177124023438
2002-09-16,19.094118118286133
2002-09-17,18.689653396606445
2002-09-18,18.478988647460938
2002-09-19,18.184062957763672
2002-09-20,18.259918212890625
2002-09-23,17.712188720703125
2002-09-24,17.72061538696289
2002-09-25,18.428430557250977
2002-09-26,18.20092010498047
2002-09-27,17.9565486907959
2002-09-30,17.45940399169922
2002-10-01,18.5211124420166
2002-10-02,17.90599822998047
2002-10-03,17.47625160217285
2002-10-04,17.147626876831055
2002-10-07,16.98752212524414
2002-10-08,17.02123260498047
2002-10-09,16.90325927734375
2002-10-10,17.762754440307617
2002-10-11,18.723356246948242
2002-10-14,18.94243812561035
2002-10-15,19.852479934692383
2002-10-16,19.195222854614258
2002-10-17,19.844053268432617
2002-10-18,20.063140869140625
2002-10-21,20.467607498168945
2002-10-22,20.34120750427246
2002-10-23,20.728809356689453
2002-10-24,20.20638656616211
2002-10-25,20.813087463378906
2002-10-28,20.63613510131836
2002-10-29,20.155832290649414
2002-10-30,20.69511604309082
2002-10-31,20.686689376831055
2002-11-01,21.276540756225586
2002-11-04,21.824247360229492
2002-11-05,21.992780685424805
2002-11-06,22.30454444885254
2002-11-07,21.520898818969727
2002-11-08,21.124858856201172
2002-11-11,20.484453201293945
2002-11-12,21.006895065307617
2002-11-13,21.25968360900879
2002-11-14,21.992780685424805
2002-11-15,22.279279708862305
2002-11-18,21.950639724731445
2002-11-19,21.61358642578125
2002-11-20,22.53205680847168
2002-11-21,23.366275787353516
2002-11-22,23.357845306396484
2002-11-25,23.58535385131836
2002-11-26,22.79327964782715
2002-11-27,23.517942428588867
2002-11-29,23.357845306396484
2002-12-02,23.593788146972656
2002-12-03,22.894399642944336
2002-12-04,22.388818740844727
2002-12-05,22.077035903930664
2002-12-06,22.30454444885254
2002-12-09,21.251256942749023
2002-12-10,21.571468353271484
2002-12-11,21.672578811645508
2002-12-12,21.790538787841797
2002-12-13,21.099584579467773
2002-12-16,21.782119750976562
2002-12-17,21.849533081054688
2002-12-18,21.38608169555664
2002-12-19,21.116437911987305
2002-12-20,21.33552360534668
2002-12-23,21.630449295043945
2002-12-24,21.360811233520508
2002-12-26,21.30181884765625
2002-12-27,20.914201736450195
2002-12-30,20.754106521606445
2002-12-31,20.535022735595703
2003-01-02,21.40293312072754
2003-01-03,21.638872146606445
2003-01-06,22.178159713745117
2003-01-07,22.456226348876953
2003-01-08,21.824247360229492
2003-01-09,22.498369216918945
2003-01-10,22.83540916442871
2003-01-13,22.700592041015625
2003-01-14,22.818559646606445
2003-01-15,22.53205680847168
2003-01-16,22.279279708862305
2003-01-17,21.32709312438965
2003-01-21,21.091148376464844
2003-01-22,21.006895065307617
2003-01-23,21.495620727539062
2003-01-24,20.914201736450195
2003-01-27,20.66983985900879
2003-01-28,20.880496978759766
2003-01-29,21.192270278930664
2003-01-30,20.644561767578125
2003-01-31,20.594005584716797
2003-02-03,20.63613510131836
2003-02-04,20.383337020874023
2003-02-05,20.290653228759766
2003-02-06,20.400192260742188
2003-02-07,20.063140869140625
2003-02-10,20.240102767944336
2003-02-11,20.34963607788086
2003-02-12,20.071563720703125
2003-02-13,20.172683715820312
2003-02-14,20.63613510131836
2003-02-18,21.276540756225586
2003-02-19,21.133285522460938
2003-02-20,21.04901695251465
2003-02-21,21.209129333496094
2003-02-24,20.846797943115234
2003-02-25,20.872066497802734
2003-02-26,20.408613204956055
2003-02-27,20.872066497802734
2003-02-28,21.200708389282227
2003-03-03,20.77096176147461
2003-03-04,20.644561767578125
2003-03-05,20.686689376831055
2003-03-06,20.63613510131836
2003-03-07,20.678260803222656
2003-03-10,20.23166847229004
2003-03-11,20.05472183227539
2003-03-12,20.417057037353516
2003-03-13,21.588319778442383
2003-03-14,21.672578811645508
2003-03-17,22.414093017578125
2003-03-18,22.692157745361328
2003-03-19,22.498369216918945
2003-03-20,22.582624435424805
2003-03-21,22.894399642944336
2003-03-24,21.94222640991211
2003-03-25,22.25399398803711
2003-03-26,22.380382537841797
2003-03-27,22.220285415649414
2003-03-28,21.975919723510742
2003-03-31,21.276540756225586
2003-04-01,21.445072174072266
2003-04-02,22.03490447998047
2003-04-03,22.31298065185547
2003-04-04,21.950639724731445
2003-04-07,21.984357833862305
2003-04-08,21.95907211303711
2003-04-09,21.453489303588867
2003-04-10,21.714710235595703
2003-04-11,21.495620727539062
2003-04-14,21.933795928955078
2003-04-15,22.144454956054688
2003-04-16,22.093896865844727
2003-04-17,22.599464416503906
2003-04-21,22.683744430541992
2003-04-22,23.11347007751465
2003-04-23,23.282005310058594
2003-04-24,23.15560531616211
2003-04-25,22.709022521972656
2003-04-28,23.15560531616211
2003-04-29,23.366275787353516
2003-04-30,23.130338668823242
2003-05-01,23.33256721496582
2003-05-02,23.829721450805664
2003-05-05,23.804443359375
2003-05-06,24.107791900634766
2003-05-07,23.838151931762695
2003-05-08,23.399974822998047
2003-05-09,23.93926429748535
2003-05-12,24.301591873168945
2003-05-13,24.149921417236328
2003-05-14,24.099369049072266
2003-05-15,24.369001388549805
2003-05-16,24.183626174926758
2003-05-19,23.33256721496582
2003-05-20,23.399974822998047
2003-05-21,23.33256721496582
2003-05-22,23.66960906982422
2003-05-23,23.67804718017578
2003-05-27,24.52068328857422
2003-05-28,24.596519470214844
2003-05-29,24.697641372680664
2003-05-30,25.10210418701172
2003-06-02,24.92514991760254
2003-06-03,25.161096572875977
2003-06-04,25.632965087890625
2003-06-05,25.81833839416504
2003-06-06,25.388591766357422
2003-06-09,25.051538467407227
2003-06-10,25.430727005004883
2003-06-11,25.717226028442383
2003-06-12,25.826759338378906
2003-06-13,25.245344161987305
2003-06-16,26.020566940307617
2003-06-17,25.91945457458496
2003-06-18,26.054279327392578
2003-06-19,25.632965087890625
2003-06-20,25.5992488861084
2003-06-23,25.203216552734375
2003-06-24,25.009403228759766
2003-06-25,24.874588012695312
2003-06-26,25.464441299438477
2003-06-27,25.135812759399414
2003-06-30,25.23693084716797
2003-07-01,25.573978424072266
2003-07-02,26.096410751342773
2003-07-03,25.767780303955078
2003-07-07,26.871639251708984
2003-07-08,27.200254440307617
2003-07-09,27.13284683227539
2003-07-10,26.62726402282715
2003-07-11,26.82949447631836
2003-07-14,27.149707794189453
2003-07-15,27.183406829833984
2003-07-16,27.09914207458496
2003-07-17,26.273365020751953
2003-07-18,26.357629776000977
2003-07-21,26.020566940307617
2003-07-22,26.408185958862305
2003-07-23,26.62726402282715
2003-07-24,26.273365020751953
2003-07-25,26.795791625976562
2003-07-28,26.871639251708984
2003-07-29,26.669404983520508
2003-07-30,26.475587844848633
2003-07-31,26.795791625976562
2003-08-01,26.509300231933594
2003-08-04,26.500871658325195
2003-08-05,25.456003189086914
2003-08-06,25.439151763916016
2003-08-07,25.540267944335938
2003-08-08,25.338031768798828
2003-08-11,25.61610984802246
2003-08-12,26.00372314453125
2003-08-13,26.012149810791016
2003-08-14,26.037429809570312
2003-08-15,26.264942169189453
2003-08-18,26.939044952392578
2003-08-19,27.27609634399414
2003-08-20,27.20869255065918
2003-08-21,27.503618240356445
2003-08-22,27.335084915161133
2003-08-25,27.39406394958496
2003-08-26,27.419340133666992
2003-08-27,27.63844108581543
2003-08-28,27.882797241210938
2003-08-29,28.135589599609375
2003-09-02,28.540035247802734
2003-09-03,28.5231990814209
2003-09-04,28.7844181060791
2003-09-05,28.599037170410156
2003-09-08,29.07090950012207
2003-09-09,28.72543716430664
2003-09-10,28.034467697143555
2003-09-11,28.346248626708984
2003-09-12,28.4979190826416
2003-09-15,28.219858169555664
2003-09-16,28.98666000366211
2003-09-17,28.868675231933594
2003-09-18,29.306846618652344
2003-09-19,29.138320922851562
2003-09-22,28.582178115844727
2003-09-23,29.0877685546875
2003-09-24,27.992345809936523
2003-09-25,27.6300106048584
2003-09-26,27.45304298400879
2003-09-29,27.924936294555664
2003-09-30,27.318222045898438
2003-10-01,27.933347702026367
2003-10-02,28.026042938232422
2003-10-03,28.809696197509766
2003-10-06,29.02035140991211
2003-10-07,29.197322845458984
2003-10-08,29.011938095092773
2003-10-09,29.231014251708984
2003-10-10,29.500661849975586
2003-10-13,29.694467544555664
2003-10-14,29.77031135559082
2003-10-15,29.64389991760254
2003-10-16,29.879837036132812
2003-10-17,29.16360092163086
2003-10-20,29.52593231201172
2003-10-21,29.7028865814209
2003-10-22,29.12989616394043
2003-10-23,28.792831420898438
2003-10-24,28.818119049072266
2003-10-27,28.826560974121094
2003-10-28,29.795589447021484
2003-10-29,29.761863708496094
2003-10-30,29.82086753845215
2003-10-31,29.64389991760254
2003-11-03,30.132633209228516
2003-11-04,29.93039894104004
2003-11-05,30.200050354003906
2003-11-06,30.284299850463867
2003-11-07,30.023094177246094
2003-11-10,29.652328491210938
2003-11-11,29.542789459228516
2003-11-12,30.174753189086914
2003-11-13,30.141050338745117
2003-11-14,29.52593231201172
2003-11-17,29.222593307495117
2003-11-18,28.548479080200195
2003-11-19,28.826560974121094
2003-11-20,28.548479080200195
2003-11-21,28.843406677246094
2003-11-24,29.64389991760254
2003-11-25,29.64389991760254
2003-11-26,29.77872657775879
2003-11-28,29.812429428100586
2003-12-01,30.250600814819336
2003-12-02,30.08208656311035
2003-12-03,29.7028865814209
2003-12-04,30.023094177246094
2003-12-05,29.52593231201172
2003-12-08,29.694467544555664
2003-12-09,29.011938095092773
2003-12-10,29.1214599609375
2003-12-11,29.745018005371094
2003-12-12,29.694467544555664
2003-12-15,29.306846618652344
2003-12-16,29.365827560424805
2003-12-17,29.4163818359375
2003-12-18,29.964109420776367
2003-12-19,29.879837036132812
2003-12-22,29.972530364990234
2003-12-23,30.200050354003906
2003-12-24,30.26241683959961
2003-12-26,30.220273971557617
2003-12-29,30.71762466430664
2003-12-30,30.81878089904785
2003-12-31,30.73447036743164
2004-01-02,30.65018081665039
2004-01-05,31.265552520751953
2004-01-06,31.476299285888672
2004-01-07,31.762903213500977
2004-01-08,32.01579666137695
2004-01-09,31.805063247680664
2004-01-12,32.31082534790039
2004-01-13,31.990503311157227
2004-01-14,32.10009002685547
2004-01-15,32.184383392333984
2004-01-16,32.513145446777344
2004-01-20,32.487850189208984
2004-01-21,32.35295486450195
2004-01-22,32.15909957885742
2004-01-23,32.04109191894531
2004-01-26,32.52999496459961
2004-01-27,31.8134708404541
2004-01-28,31.273975372314453
2004-01-29,31.392011642456055
2004-01-30,31.24869155883789
2004-02-02,31.164405822753906
2004-02-03,31.130666732788086
2004-02-04,30.62490463256836
2004-02-05,30.742923736572266
2004-02-06,31.299272537231445
2004-02-09,31.290830612182617
2004-02-10,31.341413497924805
2004-02-11,31.678606033325195
2004-02-12,31.400413513183594
2004-02-13,31.139108657836914
2004-02-17,31.560596466064453
2004-02-18,31.65331268310547
2004-02-19,31.172828674316406
2004-02-20,31.071670532226562
2004-02-23,30.726057052612305
2004-02-24,30.65018081665039
2004-02-25,30.83565330505371
2004-02-26,30.911502838134766
2004-02-27,30.82721710205078
2004-03-01,31.23182487487793
2004-03-02,30.869367599487305
2004-03-03,30.70077133178711
2004-03-04,30.987377166748047
2004-03-05,30.877775192260742
2004-03-08,30.152828216552734
2004-03-09,30.06011199951172
2004-03-10,29.663923263549805
2004-03-11,29.39415168762207
2004-03-12,29.933666229248047
2004-03-15,29.41103172302246
2004-03-16,29.46160888671875
2004-03-17,29.92523956298828
2004-03-18,29.79035186767578
2004-03-19,29.293010711669922
2004-03-22,28.922115325927734
2004-03-23,28.68606948852539
2004-03-24,29.014827728271484
2004-03-25,29.79035186767578
2004-03-26,29.68919563293457
2004-03-29,30.169689178466797
2004-03-30,30.270862579345703
2004-03-31,30.21184730529785
2004-04-01,30.48158836364746
2004-04-02,31.273975372314453
2004-04-05,31.569021224975586
2004-04-06,31.172828674316406
2004-04-07,31.139108657836914
2004-04-08,31.139108657836914
2004-04-12,31.332984924316406
2004-04-13,30.877775192260742
2004-04-14,31.0295352935791
2004-04-15,30.473167419433594
2004-04-16,30.42259407043457
2004-04-19,30.793489456176758
2004-04-20,30.076967239379883
2004-04-21,30.33829689025879
2004-04-22,31.122236251831055
2004-04-23,31.366697311401367
2004-04-26,31.139108657836914
2004-04-27,31.080093383789062
2004-04-28,30.515302658081055
2004-04-29,30.043251037597656
2004-04-30,29.30988883972168
2004-05-03,29.588037490844727
2004-05-04,29.7144832611084
2004-05-05,29.95052719116211
2004-05-06,29.72292137145996
2004-05-07,29.47846221923828
2004-05-10,29.22557258605957
2004-05-11,29.663923263549805
2004-05-12,29.72292137145996
2004-05-13,29.512197494506836
2004-05-14,29.293010711669922
2004-05-17,29.014827728271484
2004-05-18,29.276161193847656
2004-05-19,29.242433547973633
2004-05-20,29.3773136138916
2004-05-21,29.520618438720703
2004-05-24,29.72292137145996
2004-05-25,30.312986373901367
2004-05-26,30.50687599182129
2004-05-27,30.70077133178711
2004-05-28,30.810344696044922
2004-06-01,30.768207550048828
2004-06-02,30.70077133178711
2004-06-03,30.329851150512695
2004-06-04,30.50687599182129
2004-06-07,31.23182487487793
2004-06-08,31.273975372314453
2004-06-09,30.83565330505371
2004-06-10,31.05481719970703
2004-06-14,30.61646842956543
2004-06-15,31.012653350830078
2004-06-16,30.962074279785156
2004-06-17,30.675474166870117
2004-06-18,30.71762466430664
2004-06-21,30.473167419433594
2004-06-22,30.91992950439453
2004-06-23,31.290830612182617
2004-06-24,31.23182487487793
2004-06-25,31.467876434326172
2004-06-28,31.20653533935547
2004-06-29,31.50157928466797
2004-06-30,31.8134708404541
2004-07-01,31.22340202331543
2004-07-02,31.03794288635254
2004-07-06,30.372020721435547
2004-07-07,30.430999755859375
2004-07-08,30.093843460083008
2004-07-09,30.135982513427734
2004-07-12,30.009531021118164
2004-07-13,29.967382431030273
2004-07-14,29.663923263549805
2004-07-15,29.562740325927734
2004-07-16,29.22557258605957
2004-07-19,29.16657257080078
2004-07-20,29.866226196289062
2004-07-21,28.997966766357422
2004-07-22,29.39415168762207
2004-07-23,28.837814331054688
2004-07-26,28.71136474609375
2004-07-27,29.107563018798828
2004-07-28,28.981109619140625
2004-07-29,29.31831169128418
2004-07-30,29.41103172302246
2004-08-02,29.470022201538086
2004-08-03,28.85466957092285
2004-08-04,28.863101959228516
2004-08-05,28.3236141204834
2004-08-06,27.5817928314209
2004-08-09,27.64923667907715
2004-08-10,27.994857788085938
2004-08-11,27.750381469726562
2004-08-12,27.371057510375977
2004-08-13,27.4132080078125
2004-08-16,27.72509765625
2004-08-17,28.03700065612793
2004-08-18,28.534345626831055
2004-08-19,28.382604598999023
2004-08-20,28.669219970703125
2004-08-23,28.736665725708008
2004-08-24,28.728246688842773
2004-08-25,29.124412536621094
2004-08-26,28.997966766357422
2004-08-27,29.132854461669922
2004-08-30,28.643924713134766
2004-08-31,28.677658081054688
2004-09-01,28.88839340209961
2004-09-02,29.31831169128418
2004-09-03,28.778810501098633
2004-09-07,29.023263931274414
2004-09-08,28.913679122924805
2004-09-09,29.15813636779785
2004-09-10,29.604902267456055
2004-09-13,29.99267578125
2004-09-14,30.03481101989746
2004-09-15,29.7144832611084
2004-09-16,29.773502349853516
2004-09-17,29.866226196289062
2004-09-20,29.866226196289062
2004-09-21,29.984251022338867
2004-09-22,29.46160888671875
2004-09-23,29.436328887939453
2004-09-24,29.335168838500977
2004-09-27,29.082277297973633
2004-09-28,29.14128875732422
2004-09-29,29.571191787719727
2004-09-30,29.621761322021484
2004-10-01,30.430999755859375
2004-10-04,30.608028411865234
2004-10-05,30.65018081665039
2004-10-06,30.894651412963867
2004-10-07,30.54902458190918
2004-10-08,29.99267578125
2004-10-11,30.135982513427734
2004-10-12,30.085405349731445
2004-10-13,30.01796531677246
2004-10-14,29.883073806762695
2004-10-15,30.03481101989746
2004-10-18,30.46474838256836
2004-10-19,30.24557113647461
2004-10-20,30.388866424560547
2004-10-21,30.852493286132812
2004-10-22,30.178125381469727
2004-10-25,30.03481101989746
2004-10-26,30.194974899291992
2004-10-27,30.962074279785156
2004-10-28,31.155967712402344
2004-10-29,31.10538101196289
2004-11-01,31.22340202331543
2004-11-02,31.32455062866211
2004-11-03,31.53530502319336
2004-11-04,31.712310791015625
2004-11-05,31.998937606811523
2004-11-08,32.03266143798828
2004-11-09,31.96520233154297
2004-11-10,31.85561180114746
2004-11-11,32.277103424072266
2004-11-12,32.58900833129883
2004-11-15,32.732295989990234
2004-11-16,32.52999496459961
2004-11-17,32.96833419799805
2004-11-18,33.12004852294922
2004-11-19,32.6058464050293
2004-11-22,32.91775894165039
2004-11-23,32.867191314697266
2004-11-24,33.15380096435547
2004-11-26,33.05263137817383
2004-11-29,33.0442008972168
2004-11-30,32.97675323486328
2004-12-01,33.65113067626953
2004-12-02,33.777584075927734
2004-12-03,33.82815933227539
2004-12-06,33.946170806884766
2004-12-07,33.364540100097656
2004-12-08,33.55842208862305
2004-12-09,33.760711669921875
2004-12-10,33.659568786621094
2004-12-13,33.9546012878418
2004-12-14,34.123207092285156
2004-12-15,33.996761322021484
2004-12-16,33.676448822021484
2004-12-17,33.59048843383789
2004-12-20,33.360694885253906
2004-12-21,33.76918411254883
2004-12-22,33.81172180175781
2004-12-23,33.83727264404297
2004-12-27,33.69260787963867
2004-12-28,34.0159912109375
2004-12-29,34.05853271484375
2004-12-30,34.03302764892578
2004-12-31,33.973426818847656
2005-01-03,33.616004943847656
2005-01-04,33.00324630737305
2005-01-05,32.79901123046875
2005-01-06,32.6373176574707
2005-01-07,32.8075065612793
2005-01-10,32.790504455566406
2005-01-11,32.56071853637695
2005-01-12,32.83306121826172
2005-01-13,32.399024963378906
2005-01-14,32.70540237426758
2005-01-18,32.95219802856445
2005-01-19,32.40752029418945
2005-01-20,31.786264419555664
2005-01-21,31.53097152709961
2005-01-24,31.088428497314453
2005-01-25,31.241613388061523
2005-01-26,31.616077423095703
2005-01-27,31.573503494262695
2005-01-28,31.420320510864258
2005-01-31,31.82882308959961
2005-02-01,31.930953979492188
2005-02-02,31.982009887695312
2005-02-03,31.616077423095703
2005-02-04,32.12668228149414
2005-02-07,32.05861282348633
2005-02-08,32.11817169189453
2005-02-09,31.582014083862305
2005-02-10,31.616077423095703
2005-02-11,32.08415222167969
2005-02-14,32.22880935668945
2005-02-15,32.44158172607422
2005-02-16,32.322418212890625
2005-02-17,31.88839340209961
2005-02-18,31.786264419555664
2005-02-22,31.39478874206543
2005-02-23,31.437334060668945
2005-02-24,31.83733367919922
2005-02-25,32.016048431396484
2005-02-28,31.67564582824707
2005-03-01,32.02456283569336
2005-03-02,32.00754165649414
2005-03-03,31.74370574951172
2005-03-04,31.930953979492188
2005-03-07,32.390506744384766
2005-03-08,32.0671272277832
2005-03-09,31.973506927490234
2005-03-10,31.930953979492188
2005-03-11,31.633075714111328
2005-03-14,31.77777862548828
2005-03-15,31.522449493408203
2005-03-16,31.165027618408203
2005-03-17,31.241613388061523
2005-03-18,31.07140350341797
2005-03-21,31.13097381591797
2005-03-22,30.748022079467773
2005-03-23,30.85863494873047
2005-03-24,30.867168426513672
2005-03-28,30.92671775817871
2005-03-29,30.679916381835938
2005-03-30,31.25863265991211
2005-03-31,31.122461318969727
2005-04-01,30.807573318481445
2005-04-04,31.028850555419922
2005-04-05,31.113956451416016
2005-04-06,31.062898635864258
2005-04-07,31.437334060668945
2005-04-08,31.182037353515625
2005-04-11,31.045873641967773
2005-04-12,31.199052810668945
2005-04-13,30.688438415527344
2005-04-14,30.25440788269043
2005-04-15,29.565065383911133
2005-04-18,29.573572158813477
2005-04-19,29.777828216552734
2005-04-20,29.531023025512695
2005-04-21,30.313980102539062
2005-04-22,29.862918853759766
2005-04-25,30.109724044799805
2005-04-26,29.828895568847656
2005-04-27,29.871429443359375
2005-04-28,29.573572158813477
2005-04-29,29.769315719604492
2005-05-02,29.888460159301758
2005-05-03,30.041650772094727
2005-05-04,30.407581329345703
2005-05-05,30.433134078979492
2005-05-06,30.518234252929688
2005-05-09,30.662919998168945
2005-05-10,30.441631317138672
2005-05-11,30.59481430053711
2005-05-12,30.509719848632812
2005-05-13,30.841617584228516
2005-05-16,31.045873641967773
2005-05-17,31.233097076416016
2005-05-18,31.658618927001953
2005-05-19,31.922449111938477
2005-05-20,32.05008316040039
2005-05-23,32.2117919921875
2005-05-24,32.31392288208008
2005-05-25,32.17775344848633
2005-05-26,32.50114059448242
2005-05-27,32.51817321777344
2005-05-31,32.40752029418945
2005-06-01,32.67136001586914
2005-06-02,32.90113067626953
2005-06-03,32.424556732177734
2005-06-06,32.433067321777344
2005-06-07,32.16071701049805
2005-06-08,32.0926513671875
2005-06-09,32.296897888183594
2005-06-10,31.95647430419922
2005-06-13,32.10967254638672
2005-06-14,31.982009887695312
2005-06-15,32.08415222167969
2005-06-16,32.25434494018555
2005-06-17,32.258602142333984
2005-06-20,32.258602142333984
2005-06-21,32.24155807495117
2005-06-22,32.207496643066406
2005-06-23,31.84971809387207
2005-06-24,31.491962432861328
2005-06-27,31.34714698791504
2005-06-28,31.645301818847656
2005-06-29,31.577146530151367
2005-06-30,31.330108642578125
2005-07-01,31.28752899169922
2005-07-05,31.6112060546875
2005-07-06,31.457868576049805
2005-07-07,31.568634033203125
2005-07-08,32.17341232299805
2005-07-11,32.47156524658203
2005-07-12,32.62488555908203
2005-07-13,32.70156478881836
2005-07-14,33.025238037109375
2005-07-15,33.127445220947266
2005-07-18,32.99116134643555
2005-07-19,33.374473571777344
2005-07-20,33.613006591796875
2005-07-21,33.62152862548828
2005-07-22,33.57893371582031
2005-07-25,33.451148986816406
2005-07-26,33.57893371582031
2005-07-27,33.83448028564453
2005-07-28,33.996341705322266
2005-07-29,33.715213775634766
2005-08-01,33.77485656738281
2005-08-02,34.141136169433594
2005-08-03,34.12409973144531
2005-08-04,33.7918815612793
2005-08-05,33.63003921508789
2005-08-08,33.382999420166016
2005-08-09,33.60448455810547
2005-08-10,33.31486511230469
2005-08-11,33.58745574951172
2005-08-12,33.40005874633789
2005-08-15,33.60448455810547
2005-08-16,33.05931854248047
2005-08-17,33.2552490234375
2005-08-18,33.08487319946289
2005-08-19,33.067840576171875
2005-08-22,33.08487319946289
2005-08-23,32.99116134643555
2005-08-24,32.795257568359375
2005-08-25,32.87190246582031
2005-08-26,32.76118087768555
2005-08-29,33.016719818115234
2005-08-30,32.89748001098633
2005-08-31,33.204124450683594
2005-09-01,33.153018951416016
2005-09-02,33.025238037109375
2005-09-06,33.51078414916992
2005-09-07,33.57041931152344
2005-09-08,33.5618896484375
2005-09-09,33.74931716918945
2005-09-12,33.842987060546875
2005-09-13,33.7578010559082
2005-09-14,33.374473571777344
2005-09-15,33.35744094848633
2005-09-16,33.5618896484375
2005-09-19,33.297828674316406
2005-09-20,33.16152572631836
2005-09-21,32.795257568359375
2005-09-22,32.91450881958008
2005-09-23,33.00822830200195
2005-09-26,33.016719818115234
2005-09-27,32.9400520324707
2005-09-28,32.94858169555664
2005-09-29,33.39152145385742
2005-09-30,33.613006591796875
2005-10-03,33.69819259643555
2005-10-04,33.47670364379883
2005-10-05,33.016719818115234
2005-10-06,32.5822868347168
2005-10-07,32.658973693847656
2005-10-10,32.48008728027344
2005-10-11,32.318233489990234
2005-10-12,31.934911727905273
2005-10-13,32.181941986083984
2005-10-14,32.420440673828125
2005-10-17,32.52267074584961
2005-10-18,32.292667388916016
2005-10-19,32.9400520324707
2005-10-20,32.633419036865234
2005-10-21,32.83784484863281
2005-10-24,33.35744094848633
2005-10-25,33.22968673706055
2005-10-26,33.05931854248047
2005-10-27,32.39487838745117
2005-10-28,32.64191436767578
2005-10-31,33.11042404174805
2005-11-01,33.08487319946289
2005-11-02,33.519283294677734
2005-11-03,34.021881103515625
2005-11-04,34.141136169433594
2005-11-07,34.18372344970703
2005-11-08,34.1922492980957
2005-11-09,34.209285736083984
2005-11-10,34.58407974243164
2005-11-11,34.67778015136719
2005-11-14,34.67778015136719
2005-11-15,34.51593017578125
2005-11-16,34.72889709472656
2005-11-17,35.18888854980469
2005-11-18,35.30812454223633
2005-11-21,35.393310546875
2005-11-22,35.52110290527344
2005-11-23,35.606285095214844
2005-11-25,35.68292999267578
2005-11-28,35.384803771972656
2005-11-29,35.21442794799805
2005-11-30,35.12923812866211
2005-12-01,35.785133361816406
2005-12-02,35.8703498840332
2005-12-05,35.606285095214844
2005-12-06,35.72552490234375
2005-12-07,35.657379150390625
2005-12-08,35.40182113647461
2005-12-09,35.53812026977539
2005-12-12,35.66590881347656
2005-12-13,35.810726165771484
2005-12-14,35.69145202636719
2005-12-15,35.7510871887207
2005-12-16,35.50430679321289
2005-12-19,34.94076156616211
2005-12-20,34.966365814208984
2005-12-21,35.12007522583008
2005-12-22,35.3505973815918
2005-12-23,35.3505973815918
2005-12-27,35.043216705322266
2005-12-28,35.00053787231445
2005-12-29,34.769996643066406
2005-12-30,34.50526428222656
2006-01-03,35.273773193359375
2006-01-04,35.64094161987305
2006-01-05,35.794639587402344
2006-01-06,36.44358825683594
2006-01-09,36.588741302490234
2006-01-10,36.61433410644531
2006-01-11,36.89613342285156
2006-01-12,36.716819763183594
2006-01-13,36.69974136352539
2006-01-17,36.46065902709961
2006-01-18,36.0422477722168
2006-01-19,36.306949615478516
2006-01-20,35.2225341796875
2006-01-23,35.231048583984375
2006-01-24,35.38477325439453
2006-01-25,35.231048583984375
2006-01-26,35.478694915771484
2006-01-27,35.95686721801758
2006-01-30,36.02518081665039
2006-01-31,35.862937927246094
2006-02-01,35.991024017333984
2006-02-02,35.376243591308594
2006-02-03,34.94076156616211
2006-02-06,34.8468132019043
2006-02-07,34.69313049316406
2006-02-08,35.09443283081055
2006-02-09,34.76144027709961
2006-02-10,34.97490310668945
2006-02-13,34.573570251464844
2006-02-14,34.92368698120117
2006-02-15,35.14569091796875
2006-02-16,35.47014617919922
2006-02-17,35.18836975097656
2006-02-21,34.79557418823242
2006-02-22,35.231048583984375
2006-02-23,35.13714599609375
2006-02-24,35.231048583984375
2006-02-27,35.62384796142578
2006-02-28,35.09443283081055
2006-03-01,35.57261657714844
2006-03-02,35.598236083984375
2006-03-03,35.39329528808594
2006-03-06,35.08591842651367
2006-03-07,34.880985260009766
2006-03-08,34.89805221557617
2006-03-09,34.59918212890625
2006-03-10,34.63335418701172
2006-03-13,34.7358283996582
2006-03-14,35.324989318847656
2006-03-15,35.62384796142578
2006-03-16,35.324989318847656
2006-03-17,35.418121337890625
2006-03-20,35.50358200073242
2006-03-21,35.12760543823242
2006-03-22,35.213050842285156
2006-03-23,35.110538482666016
2006-03-24,35.28996276855469
2006-03-27,35.298526763916016
2006-03-28,35.15324783325195
2006-03-29,35.81975555419922
2006-03-30,35.93083190917969
2006-03-31,35.82828140258789
2006-04-03,35.87098693847656
2006-04-04,36.06753921508789
2006-04-05,36.40932846069336
2006-04-06,36.51188659667969
2006-04-07,36.16152572631836
2006-04-10,36.11027145385742
2006-04-11,35.81975555419922
2006-04-12,35.82828140258789
2006-04-13,35.97355270385742
2006-04-17,35.597572326660156
2006-04-18,36.2811393737793
2006-04-19,36.44351577758789
2006-04-20,36.315345764160156
2006-04-21,35.888099670410156
2006-04-24,35.853919982910156
2006-04-25,35.777015686035156
2006-04-26,35.76848602294922
2006-04-27,36.11027145385742
2006-04-28,35.75992965698242
2006-05-01,35.40959167480469
2006-05-02,35.50358200073242
2006-05-03,35.45231246948242
2006-05-04,35.74284362792969
2006-05-05,36.02482223510742
2006-05-08,36.058998107910156
2006-05-09,35.92228317260742
2006-05-10,35.60611343383789
2006-05-11,34.81145095825195
2006-05-12,34.34150314331055
2006-05-15,34.31587219238281
2006-05-16,34.05952835083008
2006-05-17,33.59811019897461
2006-05-18,33.36737823486328
2006-05-19,33.623714447021484
2006-05-22,33.29903030395508
2006-05-23,32.97431945800781
2006-05-24,33.19650650024414
2006-05-25,33.632266998291016
2006-05-26,33.74336624145508
2006-05-30,33.01704788208008
2006-05-31,33.17085266113281
2006-06-01,33.95697784423828
2006-06-02,33.87150955200195
2006-06-05,33.13667297363281
2006-06-06,33.11104202270508
2006-06-07,32.86324691772461
2006-06-08,32.81197738647461
2006-06-09,32.598358154296875
2006-06-12,31.957502365112305
2006-06-13,31.82933235168457
2006-06-14,32.15402603149414
2006-06-15,33.02560806274414
2006-06-16,32.78275680541992
2006-06-19,32.517696380615234
2006-06-20,32.5604362487793
2006-06-21,33.073490142822266
2006-06-22,32.65449523925781
2006-06-23,32.62030029296875
2006-06-26,32.70580291748047
2006-06-27,32.090179443359375
2006-06-28,32.329593658447266
2006-06-29,33.31288146972656
2006-06-30,33.150428771972656
2006-07-03,33.34709930419922
2006-07-05,32.62030029296875
2006-07-06,32.58608627319336
2006-07-07,32.22697067260742
2006-07-10,31.944799423217773
2006-07-11,32.18421936035156
2006-07-12,31.577150344848633
2006-07-13,31.046998977661133
2006-07-14,30.730628967285156
2006-07-17,30.807588577270508
2006-07-18,30.910194396972656
2006-07-19,31.312082290649414
2006-07-20,30.850357055664062
2006-07-21,30.525407791137695
2006-07-24,31.132522583007812
2006-07-25,31.312082290649414
2006-07-26,31.286422729492188
2006-07-27,31.081207275390625
2006-07-28,31.731046676635742
2006-07-31,31.722497940063477
2006-08-01,31.19237518310547
2006-08-02,31.542938232421875
2006-08-03,31.739591598510742
2006-08-04,31.594240188598633
2006-08-07,31.38901710510254
2006-08-08,31.19237518310547
2006-08-09,31.235111236572266
2006-08-10,31.457427978515625
2006-08-11,31.235111236572266
2006-08-14,31.440324783325195
2006-08-15,32.23552322387695
2006-08-16,32.996524810791016
2006-08-17,33.11623001098633
2006-08-18,33.16752243041992
2006-08-21,32.85116958618164
2006-08-22,32.85972213745117
2006-08-23,32.61175537109375
2006-08-24,32.70580291748047
2006-08-25,32.765647888183594
2006-08-28,33.013614654541016
2006-08-29,33.11623001098633
2006-08-30,33.2701416015625
2006-08-31,33.23591995239258
2006-09-01,33.415496826171875
2006-09-05,33.74042892456055
2006-09-06,33.06491470336914
2006-09-07,32.91100311279297
2006-09-08,33.10769271850586
2006-09-11,33.31288146972656
2006-09-12,33.92851638793945
2006-09-13,34.15939712524414
2006-09-14,34.193607330322266
2006-09-15,34.315940856933594
2006-09-18,34.32448959350586
2006-09-19,34.09349060058594
2006-09-20,34.5897216796875
2006-09-21,34.37582778930664
2006-09-22,34.11061096191406
2006-09-25,34.709495544433594
2006-09-26,34.88060760498047
2006-09-27,34.83783721923828
2006-09-28,34.93193435668945
2006-09-29,34.777931213378906
2006-10-02,34.341617584228516
2006-10-03,34.487056732177734
2006-10-04,35.33403778076172
2006-10-05,35.50515365600586
2006-10-06,35.42815399169922
2006-10-09,35.54792404174805
2006-10-10,35.60780334472656
2006-10-11,35.539363861083984
2006-10-12,36.104034423828125
2006-10-13,36.30082321166992
2006-10-16,36.335025787353516
2006-10-17,35.932926177978516
2006-10-18,35.76182556152344
2006-10-19,35.847381591796875
2006-10-20,35.932926177978516
2006-10-23,36.30082321166992
2006-10-24,36.052703857421875
2006-10-25,36.30082321166992
2006-10-26,36.634464263916016
2006-10-27,36.112586975097656
2006-10-30,36.343589782714844
2006-10-31,36.42915725708008
2006-11-01,35.932926177978516
2006-11-02,35.96715545654297
2006-11-03,35.87303161621094
2006-11-06,36.39493179321289
2006-11-07,36.643028259277344
2006-11-08,36.814125061035156
2006-11-09,36.643028259277344
2006-11-10,36.814125061035156
2006-11-13,37.19057846069336
2006-11-14,37.58412170410156
2006-11-15,37.73811721801758
2006-11-16,37.90067672729492
2006-11-17,37.90067672729492
2006-11-20,37.977664947509766
2006-11-21,38.02900695800781
2006-11-22,38.268550872802734
2006-11-24,38.200130462646484
2006-11-27,37.33603286743164
2006-11-28,37.44724655151367
2006-11-29,37.70390701293945
2006-11-30,37.6782341003418
2006-12-01,37.35313034057617
2006-12-04,37.866458892822266
2006-12-05,38.003334045410156
2006-12-06,37.866458892822266
2006-12-07,37.38733673095703
2006-12-08,37.558467864990234
2006-12-11,37.695335388183594
2006-12-12,37.47288513183594
2006-12-13,37.541351318359375
2006-12-14,37.96055221557617
2006-12-15,38.0582160949707
2006-12-18,37.681312561035156
2006-12-19,37.561378479003906
2006-12-20,37.424339294433594
2006-12-21,37.158809661865234
2006-12-22,36.773338317871094
2006-12-26,36.92753219604492
2006-12-27,37.115966796875
2006-12-28,36.93608856201172
2006-12-29,36.97034454345703
2007-01-03,37.03887939453125
2007-01-04,37.741275787353516
2007-01-05,37.561378479003906
2007-01-08,37.58710861206055
2007-01-09,37.775543212890625
2007-01-10,38.22096633911133
2007-01-11,38.61499786376953
2007-01-12,38.81200408935547
2007-01-16,38.78630828857422
2007-01-17,38.469383239746094
2007-01-18,37.75840759277344
2007-01-19,37.83550262451172
2007-01-22,37.424339294433594
2007-01-23,37.33012390136719
2007-01-24,37.94684600830078
2007-01-25,37.4586067199707
2007-01-26,37.32155227661133
2007-01-29,37.35581588745117
2007-01-30,37.372947692871094
2007-01-31,37.74984359741211
2007-02-01,37.68987274169922
2007-02-02,37.82693862915039
2007-02-05,37.79267883300781
2007-02-06,37.741275787353516
2007-02-07,38.08390808105469
2007-02-08,38.075355529785156
2007-02-09,37.58710861206055
2007-02-12,37.44147491455078
2007-02-13,37.56996536254883
2007-02-14,38.203819274902344
2007-02-15,38.4265251159668
2007-02-16,38.29806137084961
2007-02-20,38.58931350708008
2007-02-21,38.709205627441406
2007-02-22,38.906246185302734
2007-02-23,38.769187927246094
2007-02-26,38.58073425292969
2007-02-27,36.99604797363281
2007-02-28,37.115966796875
2007-03-01,36.94465255737305
2007-03-02,36.38787078857422
2007-03-05,36.10519027709961
2007-03-06,36.704811096191406
2007-03-07,36.5592041015625
2007-03-08,36.80760192871094
2007-03-09,36.773338317871094
2007-03-12,37.01317596435547
2007-03-13,36.29365158081055
2007-03-14,36.82474899291992
2007-03-15,36.739078521728516
2007-03-16,36.710792541503906
2007-03-19,37.087928771972656
2007-03-20,37.353641510009766
2007-03-21,38.07362365722656
2007-03-22,37.93648910522461
2007-03-23,37.81647872924805
2007-03-26,37.97075653076172
2007-03-27,37.70505905151367
2007-03-28,37.30220413208008
2007-03-29,37.34507751464844
2007-03-30,37.3107795715332
2007-04-02,37.36220169067383
2007-04-03,37.850765228271484
2007-04-04,38.00505447387695
2007-04-05,38.19361877441406
2007-04-09,38.09933853149414
2007-04-10,38.29646682739258
2007-04-11,37.893619537353516
2007-04-12,38.19361877441406
2007-04-13,38.270751953125
2007-04-16,38.622196197509766
2007-04-17,38.707881927490234
2007-04-18,38.579322814941406
2007-04-19,38.6993293762207
2007-04-20,38.91360092163086
2007-04-23,38.97360610961914
2007-04-24,39.170738220214844
2007-04-25,39.693607330322266
2007-04-26,39.8993034362793
2007-04-27,39.916439056396484
2007-04-30,39.39360427856445
2007-05-01,39.35930633544922
2007-05-02,39.78787612915039
2007-05-03,39.9336051940918
2007-05-04,39.967899322509766
2007-05-07,39.967899322509766
2007-05-08,40.053592681884766
2007-05-09,40.13930892944336
2007-05-10,39.59074020385742
2007-05-11,40.096435546875
2007-05-14,39.8221549987793
2007-05-15,39.513580322265625
2007-05-16,39.8993034362793
2007-05-17,39.71072769165039
2007-05-18,40.03642654418945
2007-05-21,40.29359817504883
2007-05-22,40.32786560058594
2007-05-23,40.13930892944336
2007-05-24,39.56501388549805
2007-05-25,39.813602447509766
2007-05-29,40.12215042114258
2007-05-30,40.44786834716797
2007-05-31,40.63643264770508
2007-06-01,40.66215515136719
2007-06-04,40.782142639160156
2007-06-05,40.782142639160156
2007-06-06,40.34499740600586
2007-06-07,39.71930694580078
2007-06-08,40.20785140991211
2007-06-11,40.130733489990234
2007-06-12,39.8907356262207
2007-06-13,40.32786560058594
2007-06-14,40.59358215332031
2007-06-15,40.968441009521484
2007-06-18,40.97700881958008
2007-06-19,40.968441009521484
2007-06-20,40.58240509033203
2007-06-21,40.9512825012207
2007-06-22,40.56526565551758
2007-06-25,40.393699645996094
2007-06-26,40.16211700439453
2007-06-27,40.77970886230469
2007-06-28,40.762569427490234
2007-06-29,40.8311882019043
2007-07-02,41.200050354003906
2007-07-03,41.44021987915039
2007-07-05,41.74047088623047
2007-07-06,41.912025451660156
2007-07-09,41.93776321411133
2007-07-10,41.5860595703125
2007-07-11,41.86912155151367
2007-07-12,42.51247787475586
2007-07-13,42.80411148071289
2007-07-16,42.76123809814453
2007-07-17,43.08719253540039
2007-07-18,43.035728454589844
2007-07-19,43.16440200805664
2007-07-20,42.93280029296875
2007-07-23,42.94994354248047
2007-07-24,42.31517028808594
2007-07-25,42.37522888183594
2007-07-26,42.01494598388672
2007-07-27,41.16572570800781
2007-07-30,41.64609909057617
2007-07-31,40.7711181640625
2007-08-01,41.08854675292969
2007-08-02,41.46596908569336
2007-08-03,40.67676544189453
2007-08-06,41.148582458496094
2007-08-07,41.44021987915039
2007-08-08,41.89486312866211
2007-08-09,40.925537109375
2007-08-10,40.556697845458984
2007-08-13,40.8311882019043
2007-08-14,40.13637161254883
2007-08-15,39.372920989990234
2007-08-16,38.98691940307617
2007-08-17,39.72463607788086
2007-08-20,39.9133415222168
2007-08-21,40.33366394042969
2007-08-22,40.88264465332031
2007-08-23,40.7711181640625
2007-08-24,41.34585952758789
2007-08-27,41.07136535644531
2007-08-28,40.09349822998047
2007-08-29,41.242916107177734
2007-08-30,41.457393646240234
2007-08-31,41.92059326171875
2007-09-04,42.61540603637695
2007-09-05,42.18650436401367
2007-09-06,42.1522102355957
2007-09-07,41.371604919433594
2007-09-10,41.34585952758789
2007-09-11,41.97206497192383
2007-09-12,41.98062515258789
2007-09-13,42.18650436401367
2007-09-14,42.220821380615234
2007-09-17,41.86912155151367
2007-09-18,42.92420196533203
2007-09-19,43.035728454589844
2007-09-20,42.9156379699707
2007-09-21,43.22117614746094
2007-09-24,43.41856384277344
2007-09-25,43.83053207397461
2007-09-26,44.04509735107422
2007-09-27,44.26823043823242
2007-09-28,44.1223258972168
2007-10-01,44.628684997558594
2007-10-02,44.63727569580078
2007-10-03,44.328311920166016
2007-10-04,44.431297302246094
2007-10-05,45.332454681396484
2007-10-08,45.61568069458008
2007-10-09,45.813072204589844
2007-10-10,45.924644470214844
2007-10-11,45.19513702392578
2007-10-12,45.94180679321289
2007-10-15,45.589927673339844
2007-10-16,45.3753547668457
2007-10-17,45.95897674560547
2007-10-18,46.15635299682617
2007-10-19,45.0063362121582
2007-10-22,45.54703140258789
2007-10-23,46.49966812133789
2007-10-24,46.147762298583984
2007-10-25,45.52984619140625
2007-10-26,46.28511047363281
2007-10-29,46.473915100097656
2007-10-30,46.568321228027344
2007-10-31,47.229156494140625
2007-11-01,46.34517288208008
2007-11-02,46.705631256103516
2007-11-05,46.40525817871094
2007-11-06,46.92877197265625
2007-11-07,45.78731918334961
2007-11-08,44.396976470947266
2007-11-09,42.91220474243164
2007-11-12,41.822235107421875
2007-11-13,43.54730987548828
2007-11-14,42.98945617675781
2007-11-15,42.757728576660156
2007-11-16,43.152503967285156
2007-11-19,42.654720306396484
2007-11-20,42.82637405395508
2007-11-21,42.32002639770508
2007-11-23,42.774871826171875
2007-11-26,42.03679656982422
2007-11-27,42.877872467041016
2007-11-28,44.18239212036133
2007-11-29,44.371185302734375
2007-11-30,44.036502838134766
2007-12-03,43.667457580566406
2007-12-04,43.487239837646484
2007-12-05,44.26823043823242
2007-12-06,44.90333557128906
2007-12-07,44.91191864013672
2007-12-10,45.092140197753906
2007-12-11,44.04509735107422
2007-12-12,44.43988037109375
2007-12-13,44.19956970214844
2007-12-14,43.74470138549805
2007-12-17,42.680477142333984
2007-12-18,42.81780242919922
2007-12-19,42.80921936035156
2007-12-20,43.684627532958984
2007-12-21,44.54634094238281
2007-12-24,44.88140106201172
2007-12-26,45.10478591918945
2007-12-27,44.56351852416992
2007-12-28,44.52056121826172
2007-12-31,44.00508117675781
2008-01-02,43.30918502807617
2008-01-03,43.489593505859375
2008-01-04,41.582313537597656
2008-01-07,41.38471603393555
2008-01-08,40.310794830322266
2008-01-09,41.169921875
2008-01-10,41.23006820678711
2008-01-11,40.4224739074707
2008-01-14,41.1269645690918
2008-01-15,39.99291229248047
2008-01-16,39.563316345214844
2008-01-17,39.01348114013672
2008-01-18,38.96193313598633
2008-01-22,37.95674514770508
2008-01-23,37.81071090698242
2008-01-24,38.58391189575195
2008-01-25,37.793514251708984
2008-01-28,38.085636138916016
2008-01-29,38.15434646606445
2008-01-30,38.11997604370117
2008-01-31,38.772926330566406
2008-02-01,39.168128967285156
2008-02-04,38.618282318115234
2008-02-05,37.518585205078125
2008-02-06,36.779720306396484
2008-02-07,37.0374641418457
2008-02-08,37.45842742919922
2008-02-11,37.86221694946289
2008-02-12,37.647457122802734
2008-02-13,38.47223663330078
2008-02-14,37.776329040527344
2008-02-15,37.647457122802734
2008-02-19,37.57872772216797
2008-02-20,37.750545501708984
2008-02-21,37.389713287353516
2008-02-22,37.52718734741211
2008-02-25,37.71620559692383
2008-02-26,37.86221694946289
2008-02-27,38.05125427246094
2008-02-28,37.90519714355469
2008-02-29,36.9000129699707
2008-03-03,36.659454345703125
2008-03-04,36.86562728881836
2008-03-05,37.04603958129883
2008-03-06,36.229881286621094
2008-03-07,36.14395523071289
2008-03-10,35.44805908203125
2008-03-11,36.79693603515625
2008-03-12,36.69381332397461
2008-03-13,36.977325439453125
2008-03-14,36.29860305786133
2008-03-17,35.63706588745117
2008-03-18,37.226470947265625
2008-03-19,36.30718994140625
2008-03-20,37.04922103881836
2008-03-24,38.33032989501953
2008-03-25,38.545291900634766
2008-03-26,38.433509826660156
2008-03-27,37.58228302001953
2008-03-28,37.39313507080078
2008-03-31,37.59088897705078
2008-04-01,39.19873046875
2008-04-02,39.112754821777344
2008-04-03,39.19873046875
2008-04-04,39.43088150024414
2008-04-07,39.34489822387695
2008-04-08,39.04396438598633
2008-04-09,38.6054801940918
2008-04-10,39.1557502746582
2008-04-11,38.07236862182617
2008-04-14,37.900421142578125
2008-04-15,37.95200729370117
2008-04-16,39.00958251953125
2008-04-17,38.92359924316406
2008-04-18,40.16171646118164
2008-04-21,40.445472717285156
2008-04-22,39.84360885620117
2008-04-23,40.2820930480957
2008-04-24,40.64321517944336
2008-04-25,40.5400505065918
2008-04-28,40.6174201965332
2008-04-29,40.926963806152344
2008-04-30,40.59164047241211
2008-05-01,41.87275314331055
2008-05-02,41.93294143676758
2008-05-05,41.81256103515625
2008-05-06,42.07050323486328
2008-05-07,41.30527877807617
2008-05-08,41.614803314208984
2008-05-09,41.45145034790039
2008-05-12,42.208065032958984
2008-05-13,42.31984329223633
2008-05-14,42.225276947021484
2008-05-15,42.9647102355957
2008-05-16,42.99909210205078
2008-05-19,42.6895751953125
2008-05-20,42.36286544799805
2008-05-21,41.4256477355957
2008-05-22,41.571807861328125
2008-05-23,41.442848205566406
2008-05-27,42.173675537109375
2008-05-28,42.34564971923828
2008-05-29,42.72395324707031
2008-05-30,42.99909210205078
2008-06-02,42.47461700439453
2008-06-03,42.242469787597656
2008-06-04,42.78414535522461
2008-06-05,43.463401794433594
2008-06-06,42.156494140625
2008-06-09,41.93294143676758
2008-06-10,41.735191345214844
2008-06-11,40.72920608520508
2008-06-12,40.772186279296875
2008-06-13,41.58900451660156
2008-06-16,41.958736419677734
2008-06-17,41.735191345214844
2008-06-18,41.2880744934082
2008-06-19,41.93294143676758
2008-06-20,40.80064010620117
2008-06-23,40.482295989990234
2008-06-24,40.27577209472656
2008-06-25,40.92969512939453
2008-06-26,39.27769470214844
2008-06-27,39.27769470214844
2008-06-30,38.86469650268555
2008-07-01,39.415382385253906
2008-07-02,38.46891403198242
2008-07-03,38.40008544921875
2008-07-07,38.63239669799805
2008-07-08,39.553035736083984
2008-07-09,38.50334930419922
2008-07-10,38.959346771240234
2008-07-11,38.33987045288086
2008-07-14,38.055938720703125
2008-07-15,38.064537048339844
2008-07-16,39.010990142822266
2008-07-17,39.26908874511719
2008-07-18,38.36567306518555
2008-07-21,38.529144287109375
2008-07-22,38.529144287109375
2008-07-23,39.03679656982422
2008-07-24,38.45170211791992
2008-07-25,38.95074462890625
2008-07-28,38.21941375732422
2008-07-29,39.010990142822266
2008-07-30,39.20887756347656
2008-07-31,39.114227294921875
2008-08-01,38.61520004272461
2008-08-04,38.2280158996582
2008-08-05,39.51864242553711
2008-08-06,40.120914459228516
2008-08-07,39.811161041259766
2008-08-08,40.71458053588867
2008-08-11,41.08457946777344
2008-08-12,41.12759017944336
2008-08-13,41.04153823852539
2008-08-14,41.514774322509766
2008-08-15,41.43733215332031
2008-08-18,40.95551300048828
2008-08-19,40.44786071777344
2008-08-20,40.5167121887207
2008-08-21,40.32740783691406
2008-08-22,40.86086654663086
2008-08-25,40.000450134277344
2008-08-26,39.94882583618164
2008-08-27,40.20696258544922
2008-08-28,40.53392028808594
2008-08-29,39.68210983276367
2008-09-02,39.191680908203125
2008-09-03,38.82170104980469
2008-09-04,37.56549072265625
2008-09-05,37.384803771972656
2008-09-08,37.31596755981445
2008-09-09,36.524410247802734
2008-09-10,36.8255500793457
2008-09-11,37.51386260986328
2008-09-12,37.367591857910156
2008-09-15,36.206050872802734
2008-09-16,36.48998260498047
2008-09-17,34.597068786621094
2008-09-18,35.767242431640625
2008-09-19,36.93646240234375
2008-09-22,35.19727325439453
2008-09-23,34.930355072021484
2008-09-24,35.17143249511719
2008-09-25,35.731075286865234
2008-09-26,35.36947250366211
2008-09-29,32.56263732910156
2008-09-30,33.50111389160156
2008-10-01,33.148109436035156
2008-10-02,31.641380310058594
2008-10-03,31.150625228881836
2008-10-06,30.014102935791016
2008-10-07,28.1113224029541
2008-10-08,27.887454986572266
2008-10-09,27.138397216796875
2008-10-10,26.966205596923828
2008-10-13,30.246585845947266
2008-10-14,28.937868118286133
2008-10-15,26.346290588378906
2008-10-16,27.775531768798828
2008-10-17,27.809974670410156
2008-10-20,28.584857940673828
2008-10-21,27.10396385192871
2008-10-22,26.354904174804688
2008-10-23,26.25157928466797
2008-10-24,25.40781593322754
2008-10-27,24.701786041259766
2008-10-28,27.43114471435547
2008-10-29,27.362262725830078
2008-10-30,28.274904251098633
2008-10-31,28.317960739135742
2008-11-03,28.2576904296875
2008-11-04,29.058399200439453
2008-11-05,27.543066024780273
2008-11-06,26.311840057373047
2008-11-07,26.854272842407227
2008-11-10,26.492666244506836
2008-11-11,25.915790557861328
2008-11-12,24.719013214111328
2008-11-13,26.225757598876953
2008-11-14,24.951488494873047
2008-11-17,24.42627716064453
2008-11-18,24.400449752807617
2008-11-19,23.126190185546875
2008-11-20,22.006900787353516
2008-11-21,22.962602615356445
2008-11-24,24.36601448059082
2008-11-25,24.25408363342285
2008-11-26,25.27005386352539
2008-11-28,25.072023391723633
2008-12-01,23.186452865600586
2008-12-02,23.96135139465332
2008-12-03,24.641536712646484
2008-12-04,23.944124221801758
2008-12-05,24.917043685913086
2008-12-08,25.89857292175293
2008-12-09,25.838315963745117
2008-12-10,25.752206802368164
2008-12-11,25.046188354492188
2008-12-12,25.554183959960938
2008-12-15,25.106460571289062
2008-12-16,26.311840057373047
2008-12-17,25.993282318115234
2008-12-18,25.536964416503906
2008-12-19,25.746477127075195
2008-12-22,25.186023712158203
2008-12-23,25.056692123413086
2008-12-24,25.125661849975586
2008-12-26,25.11704444885254
2008-12-29,24.910106658935547
2008-12-30,25.42745590209961
2008-12-31,25.64301872253418
2009-01-02,26.75530433654785
2009-01-05,26.746679306030273
2009-01-06,27.01397132873535
2009-01-07,26.24657440185547
2009-01-08,26.52249526977539
2009-01-09,25.927555084228516
2009-01-12,25.45332145690918
2009-01-13,25.461942672729492
2009-01-14,24.685924530029297
2009-01-15,25.0911808013916
2009-01-16,25.367097854614258
2009-01-20,24.10822868347168
2009-01-21,25.134294509887695
2009-01-22,24.798017501831055
2009-01-23,24.91873550415039
2009-01-26,25.099794387817383
2009-01-27,25.2808780670166
2009-01-28,26.168977737426758
2009-01-29,25.505056381225586
2009-01-30,25.056692123413086
2009-02-02,25.358476638793945
2009-02-03,25.755107879638672
2009-02-04,25.789594650268555
2009-02-05,26.35867691040039
2009-02-06,27.048460006713867
2009-02-09,27.16054916381836
2009-02-10,26.160362243652344
2009-02-11,26.03964614868164
2009-02-12,26.35867691040039
2009-02-13,26.23796272277832
2009-02-17,25.19464874267578
2009-02-18,25.211891174316406
2009-02-19,24.823883056640625
2009-02-20,24.892864227294922
2009-02-23,24.022005081176758
2009-02-24,24.815263748168945
2009-02-25,24.65143394470215
2009-02-26,23.961641311645508
2009-02-27,23.737464904785156
2009-03-02,22.970060348510742
2009-03-03,22.952829360961914
2009-03-04,23.565027236938477
2009-03-05,22.85798454284668
2009-03-06,22.67690086364746
2009-03-09,22.194061279296875
2009-03-10,23.565027236938477
2009-03-11,23.927152633666992
2009-03-12,24.72041130065918
2009-03-13,24.78076934814453
2009-03-16,24.36688995361328
2009-03-17,25.28949737548828
2009-03-18,25.608524322509766
2009-03-19,25.591285705566406
2009-03-20,25.201766967773438
2009-03-23,26.687265396118164
2009-03-24,26.194976806640625
2009-03-25,26.315895080566406
2009-03-26,27.127731323242188
2009-03-27,26.61817741394043
2009-03-30,25.961795806884766
2009-03-31,26.18633270263672
2009-04-01,26.57499885559082
2009-04-02,27.430023193359375
2009-04-03,27.939584732055664
2009-04-06,27.870487213134766
2009-04-07,27.13637924194336
2009-04-08,27.594114303588867
2009-04-09,28.449148178100586
2009-04-13,28.405960083007812
2009-04-14,28.060504913330078
2009-04-15,27.982769012451172
2009-04-16,28.7082576751709
2009-04-17,28.76869773864746
2009-04-20,27.84457778930664
2009-04-21,28.233226776123047
2009-04-22,28.31959342956543
2009-04-23,28.595979690551758
2009-04-24,29.096891403198242
2009-04-27,29.131444931030273
2009-04-28,28.91552734375
2009-04-29,29.312808990478516
2009-04-30,29.606441497802734
2009-05-01,29.684186935424805
2009-05-04,30.271488189697266
2009-05-05,30.24558448791504
2009-05-06,30.25419807434082
2009-05-07,29.54601287841797
2009-05-08,29.563276290893555
2009-05-11,29.66691017150879
2009-05-12,29.304187774658203
2009-05-13,28.51823616027832
2009-05-14,28.837799072265625
2009-05-15,28.820531845092773
2009-05-18,29.57192039489746
2009-05-19,29.710102081298828
2009-05-20,29.606441497802734
2009-05-21,29.062368392944336
2009-05-22,28.96734619140625
2009-05-26,30.046947479248047
2009-05-27,29.839656829833984
2009-05-28,30.18510627746582
2009-05-29,30.556495666503906
2009-06-01,31.428810119628906
2009-06-02,31.47197914123535
2009-06-03,31.37697982788086
2009-06-04,31.731082916259766
2009-06-05,31.76563835144043
2009-06-08,31.67061996459961
2009-06-09,31.912437438964844
2009-06-10,31.80018424987793
2009-06-11,31.80018424987793
2009-06-12,31.653339385986328
2009-06-15,31.00559425354004
2009-06-16,30.70332145690918
2009-06-17,30.9969482421875
2009-06-18,30.93650245666504
2009-06-19,31.268564224243164
2009-06-22,30.334678649902344
2009-06-23,30.26548194885254
2009-06-24,30.775680541992188
2009-06-25,31.3809814453125
2009-06-26,31.450149536132812
2009-06-29,31.519332885742188
2009-06-30,31.458805084228516
2009-07-01,31.476104736328125
2009-07-02,30.784305572509766
2009-07-06,30.620012283325195
2009-07-07,29.859060287475586
2009-07-08,30.01470375061035
2009-07-09,30.06659698486328
2009-07-10,30.196285247802734
2009-07-13,30.775680541992188
2009-07-14,30.888086318969727
2009-07-15,31.925758361816406
2009-07-16,32.30623245239258
2009-07-17,32.47917175292969
2009-07-20,32.79048538208008
2009-07-21,33.015296936035156
2009-07-22,33.29202651977539
2009-07-23,34.02705001831055
2009-07-24,33.76762390136719
2009-07-27,34.02705001831055
2009-07-28,33.793575286865234
2009-07-29,34.01839828491211
2009-07-30,34.21725845336914
2009-07-31,34.113529205322266
2009-08-03,34.62371826171875
2009-08-04,34.62371826171875
2009-08-05,34.35564422607422
2009-08-06,34.052978515625
2009-08-07,34.485347747802734
2009-08-10,34.243228912353516
2009-08-11,33.94922637939453
2009-08-12,34.47669982910156
2009-08-13,34.66694259643555
2009-08-14,34.2691650390625
2009-08-17,33.27474594116211
2009-08-18,33.75031661987305
2009-08-19,33.98379898071289
2009-08-20,34.38156509399414
2009-08-21,34.839881896972656
2009-08-24,34.8052978515625
2009-08-25,34.909053802490234
2009-08-26,34.848533630371094
2009-08-27,34.93499755859375
2009-08-28,34.96959686279297
2009-08-31,34.61505889892578
2009-09-01,33.966514587402344
2009-09-02,33.94057083129883
2009-09-03,34.165401458740234
2009-09-04,34.90040588378906
2009-09-08,35.22901153564453
2009-09-09,35.531673431396484
2009-09-10,35.86893081665039
2009-09-11,35.90351486206055
2009-09-14,36.04186248779297
2009-09-15,36.15427780151367
2009-09-16,36.681766510009766
2009-09-17,36.67311477661133
2009-09-18,36.73457717895508
2009-09-21,36.84709167480469
2009-09-22,36.916343688964844
2009-09-23,36.74321746826172
2009-09-24,36.41429138183594
2009-09-25,36.09405517578125
2009-09-28,36.70859909057617
2009-09-29,36.54414367675781
2009-09-30,36.57010269165039
2009-10-01,35.48815155029297
2009-10-02,35.38428497314453
2009-10-05,35.6699104309082
2009-10-06,36.30178451538086
2009-10-07,36.4056510925293
2009-10-08,36.561466217041016
2009-10-09,36.76921081542969
2009-10-12,36.84709167480469
2009-10-13,36.85573959350586
2009-10-14,37.3577766418457
2009-10-15,37.27121353149414
2009-10-16,37.028865814208984
2009-10-19,37.40104293823242
2009-10-20,37.40971755981445
2009-10-21,37.34046936035156
2009-10-22,37.487606048583984
2009-10-23,37.331817626953125
2009-10-26,37.21063232421875
2009-10-27,36.64801788330078
2009-10-28,35.82571792602539
2009-10-29,36.431617736816406
2009-10-30,35.453529357910156
2009-11-02,35.600685119628906
2009-11-03,35.71321487426758
2009-11-04,35.7737922668457
2009-11-05,36.65666580200195
2009-11-06,36.873069763183594
2009-11-09,37.66072463989258
2009-11-10,37.75593566894531
2009-11-11,37.99829864501953
2009-11-12,37.78190231323242
2009-11-13,38.09351348876953
2009-11-16,38.48300552368164
2009-11-17,38.604183197021484
2009-11-18,38.3878059387207
2009-11-19,37.790565490722656
2009-11-20,37.60013198852539
2009-11-23,38.20602798461914
2009-11-24,38.076194763183594
2009-11-25,38.24065399169922
2009-11-27,37.66072463989258
2009-11-30,37.7039794921875
2009-12-01,38.09351348876953
2009-12-02,38.14543533325195
2009-12-03,37.98964309692383
2009-12-04,38.18870544433594
2009-12-07,38.006961822509766
2009-12-08,37.77326583862305
2009-12-09,38.15408706665039
2009-12-10,38.34452438354492
2009-12-11,38.197357177734375
2009-12-14,38.56090545654297
2009-12-15,38.34452438354492
2009-12-16,38.396446228027344
2009-12-17,37.92904281616211
2009-12-18,38.547218322753906
2009-12-21,38.98073959350586
2009-12-22,39.214813232421875
2009-12-23,39.50094223022461
2009-12-24,39.86506652832031
2009-12-28,40.07314682006836
2009-12-29,39.908424377441406
2009-12-30,40.02980041503906
2009-12-31,39.66566848754883
2010-01-04,40.24655532836914
2010-01-05,40.24655532836914
2010-01-06,40.003807067871094
2010-01-07,40.02980041503906
2010-01-08,40.35926055908203
2010-01-11,40.194557189941406
2010-01-12,39.69168472290039
2010-01-13,40.18586730957031
2010-01-14,40.22056198120117
2010-01-15,39.75238037109375
2010-01-19,40.393943786621094
2010-01-20,39.813053131103516
2010-01-21,39.44023132324219
2010-01-22,38.28712463378906
2010-01-25,38.41719436645508
2010-01-26,38.45185089111328
2010-01-27,38.755306243896484
2010-01-28,37.75824737548828
2010-01-29,37.09933090209961
2010-02-01,37.50682067871094
2010-02-02,37.844947814941406
2010-02-03,38.05302047729492
2010-02-04,36.951927185058594
2010-02-05,37.26407241821289
2010-02-08,36.995269775390625
2010-02-09,37.376773834228516
2010-02-10,37.29872512817383
2010-02-11,37.862274169921875
2010-02-12,37.9403190612793
2010-02-16,38.42583084106445
2010-02-17,38.642601013183594
2010-02-18,38.88534927368164
2010-02-19,38.86802291870117
2010-02-22,38.78997802734375
2010-02-23,38.28712463378906
2010-02-24,38.67728042602539
2010-02-25,38.66858673095703
2010-02-26,38.80731964111328
2010-03-01,39.37086868286133
2010-03-02,39.49224853515625
2010-03-03,39.53561782836914
2010-03-04,39.66566848754883
2010-03-05,40.2639045715332
2010-03-08,40.34193801879883
2010-03-09,40.56735610961914
2010-03-10,40.89679718017578
2010-03-11,41.05287170410156
2010-03-12,41.061561584472656
2010-03-15,40.95751190185547
2010-03-16,41.217620849609375
2010-03-17,41.330322265625
2010-03-18,41.469032287597656
2010-03-19,41.21821212768555
2010-03-22,41.59142303466797
2010-03-23,41.877845764160156
2010-03-24,41.678226470947266
2010-03-25,41.61746597290039
2010-03-26,41.66087341308594
2010-03-29,41.860477447509766
2010-03-30,41.99934387207031
2010-03-31,41.79972457885742
2010-04-01,41.79972457885742
2010-04-05,42.1902961730957
2010-04-06,42.31181716918945
2010-04-07,42.2076416015625
2010-04-08,42.303123474121094
2010-04-09,42.55482482910156
2010-04-12,42.589542388916016
2010-04-13,42.806522369384766
2010-04-14,43.3186149597168
2010-04-15,43.509559631347656
2010-04-16,42.9887809753418
2010-04-19,42.96274948120117
2010-04-20,43.17973327636719
2010-04-21,43.42276382446289
2010-04-22,43.66579055786133
2010-04-23,43.848052978515625
2010-04-26,43.75257873535156
2010-04-27,42.82388687133789
2010-04-28,42.84991455078125
2010-04-29,43.59635925292969
2010-04-30,42.73710250854492
2010-05-03,43.33597183227539
2010-05-04,42.0340576171875
2010-05-05,41.817100524902344
2010-05-06,40.419708251953125
2010-05-07,39.41291427612305
2010-05-10,41.46122360229492
2010-05-11,41.417842864990234
2010-05-12,42.1989860534668
2010-05-13,41.53066635131836
2010-05-14,40.73217010498047
2010-05-17,40.862361907958984
2010-05-18,40.298187255859375
2010-05-19,39.97704315185547
2010-05-20,38.492897033691406
2010-05-21,38.918182373046875
2010-05-24,38.76194381713867
2010-05-25,38.79667663574219
2010-05-26,38.36271286010742
2010-05-27,39.812156677246094
2010-05-28,39.57781219482422
2010-06-01,39.213287353515625
2010-06-02,40.141963958740234
2010-06-03,40.52386474609375
2010-06-04,39.13515090942383
2010-06-07,38.42348098754883
2010-06-08,38.354026794433594
2010-06-09,38.03286361694336
2010-06-10,39.11781311035156
2010-06-11,39.49102783203125
2010-06-14,39.48234176635742
2010-06-15,40.54120635986328
2010-06-16,40.70613479614258
2010-06-17,40.8363151550293
2010-06-18,40.87022018432617
2010-06-21,40.52240753173828
2010-06-22,40.20936584472656
2010-06-23,40.044132232666016
2010-06-24,39.4354133605957
2010-06-25,39.443267822265625
2010-06-28,39.303863525390625
2010-06-29,37.78781509399414
2010-06-30,37.2127571105957
2010-07-01,37.10821533203125
2010-07-02,37.003665924072266
2010-07-06,37.116939544677734
2010-07-07,38.3018913269043
2010-07-08,38.51100540161133
2010-07-09,38.876930236816406
2010-07-12,38.99017333984375
2010-07-13,39.49555587768555
2010-07-14,39.69594192504883
2010-07-15,39.730804443359375
2010-07-16,38.6329460144043
2010-07-19,38.96406555175781
2010-07-20,39.434566497802734
2010-07-21,38.89434051513672
2010-07-22,39.8789176940918
2010-07-23,40.1315803527832
2010-07-26,40.46266174316406
2010-07-27,40.44525146484375
2010-07-28,40.12288284301758
2010-07-29,39.826629638671875
2010-07-30,39.913761138916016
2010-08-02,40.663063049316406
2010-08-03,40.488807678222656
2010-08-04,40.898319244384766
2010-08-05,40.8024787902832
2010-08-06,40.741485595703125
2010-08-09,41.02030944824219
2010-08-10,40.663063049316406
2010-08-11,39.55653762817383
2010-08-12,39.24287796020508
2010-08-13,38.96406555175781
2010-08-16,39.03376388549805
2010-08-17,39.530399322509766
2010-08-18,39.687232971191406
2010-08-19,39.08601760864258
2010-08-20,39.138309478759766
2010-08-23,38.754947662353516
2010-08-24,38.03178405761719
2010-08-25,38.39772033691406
2010-08-26,37.935951232910156
2010-08-27,38.39772033691406
2010-08-30,37.996925354003906
2010-08-31,37.86623001098633
2010-09-01,38.998905181884766
2010-09-02,39.434566497802734
2010-09-03,40.08804702758789
2010-09-07,39.81791687011719
2010-09-08,40.2971305847168
2010-09-09,40.453956604003906
2010-09-10,40.60209274291992
2010-09-13,41.168434143066406
2010-09-14,41.34269332885742
2010-09-15,41.60406494140625
2010-09-16,41.76960754394531
2010-09-17,41.91108703613281
2010-09-20,42.6446647644043
2010-09-21,42.63596725463867
2010-09-22,42.522422790527344
2010-09-23,42.504966735839844
2010-09-24,43.36955261230469
2010-09-27,43.133758544921875
2010-09-28,43.11629104614258
2010-09-29,43.046424865722656
2010-09-30,42.854286193847656
2010-10-01,42.80189895629883
2010-10-04,42.33902359008789
2010-10-05,43.36955261230469
2010-10-06,42.9940071105957
2010-10-07,43.151206970214844
2010-10-08,43.4481315612793
2010-10-11,43.46563720703125
2010-10-12,43.76253890991211
2010-10-13,44.12062072753906
2010-10-14,44.03327941894531
2010-10-15,44.967750549316406
2010-10-18,44.80179977416992
2010-10-19,44.38262176513672
2010-10-20,44.705745697021484
2010-10-21,44.79308319091797
2010-10-22,45.098731994628906
2010-10-25,45.31708526611328
2010-10-26,45.43934631347656
2010-10-27,45.579078674316406
2010-10-28,45.675140380859375
2010-10-29,45.57033920288086
2010-11-01,45.605281829833984
2010-11-02,46.094329833984375
2010-11-03,46.3039436340332
2010-11-04,46.87160110473633
2010-11-05,46.87160110473633
2010-11-08,46.9327392578125
2010-11-09,46.679466247558594
2010-11-10,46.915279388427734
2010-11-11,46.61834716796875
2010-11-12,45.858543395996094
2010-11-15,45.683868408203125
2010-11-16,44.93281173706055
2010-11-17,45.063804626464844
2010-11-18,45.7886848449707
2010-11-19,45.82361602783203
2010-11-22,46.207862854003906
2010-11-23,45.474273681640625
2010-11-24,46.39126968383789
2010-11-26,46.085601806640625
2010-11-29,46.05066680908203
2010-11-30,45.49174499511719
2010-12-01,46.452415466308594
2010-12-02,46.924015045166016
2010-12-03,47.0462646484375
2010-12-06,47.02880096435547
2010-12-07,47.05500030517578
2010-12-08,47.229671478271484
2010-12-09,47.273338317871094
2010-12-10,47.58774185180664
2010-12-13,47.421791076660156
2010-12-14,47.50912857055664
2010-12-15,47.29954528808594
2010-12-16,47.66633987426758
2010-12-17,47.7083625793457
2010-12-20,47.74334716796875
2010-12-21,48.03211212158203
2010-12-22,48.02336883544922
2010-12-23,47.90085220336914
2010-12-27,47.927085876464844
2010-12-28,47.83959197998047
2010-12-29,47.94461441040039
2010-12-30,47.830841064453125
2010-12-31,47.65584182739258
2011-01-03,48.399635314941406
2011-01-04,48.364627838134766
2011-01-05,48.77589797973633
2011-01-06,48.933406829833984
2011-01-07,48.88966369628906
2011-01-10,49.07343292236328
2011-01-11,49.14344024658203
2011-01-12,49.493465423583984
2011-01-13,49.5109748840332
2011-01-14,49.878475189208984
2011-01-18,50.018497467041016
2011-01-19,49.449703216552734
2011-01-20,49.09968566894531
2011-01-21,48.72340774536133
2011-01-24,49.397212982177734
2011-01-25,49.46721267700195
2011-01-26,49.729732513427734
2011-01-27,50.0359992980957
2011-01-28,48.76716613769531
2011-01-31,49.0034294128418
2011-02-01,49.9222526550293
2011-02-02,49.843467712402344
2011-02-03,49.93100357055664
2011-02-04,50.211002349853516
2011-02-07,50.4472770690918
2011-02-08,50.77980422973633
2011-02-09,50.69231033325195
2011-02-10,50.77104949951172
2011-02-11,51.138572692871094
2011-02-14,51.26108932495117
2011-02-15,51.19107437133789
2011-02-16,51.52362060546875
2011-02-17,51.50609588623047
2011-02-18,51.39234924316406
2011-02-22,49.904754638671875
2011-02-23,49.493465423583984
2011-02-24,49.7559700012207
2011-02-25,50.4472770690918
2011-02-28,50.552284240722656
2011-03-01,49.73847961425781
2011-03-02,50.000999450683594
2011-03-03,50.98981475830078
2011-03-04,50.72731399536133
2011-03-07,50.04475784301758
2011-03-08,50.24602127075195
2011-03-09,49.904754638671875
2011-03-10,49.12593460083008
2011-03-11,49.43221664428711
2011-03-14,49.257198333740234
2011-03-15,48.55714797973633
2011-03-16,47.38457107543945
2011-03-17,47.82210159301758
2011-03-18,47.714324951171875
2011-03-21,48.634429931640625
2011-03-22,48.54679870605469
2011-03-23,48.81845474243164
2011-03-24,49.68596267700195
2011-03-25,49.80866622924805
2011-03-28,49.536991119384766
2011-03-29,50.01897048950195
2011-03-30,50.25556182861328
2011-03-31,50.32568359375
2011-04-01,50.35196304321289
2011-04-04,50.18546676635742
2011-04-05,50.05402374267578
2011-04-06,50.17671203613281
2011-04-07,50.14164733886719
2011-04-08,49.90504837036133
2011-04-11,49.738555908203125
2011-04-12,49.39680099487305
2011-04-13,49.81741714477539
2011-04-14,49.72980499267578
2011-04-15,49.64216232299805
2011-04-18,49.29164505004883
2011-04-19,49.59834289550781
2011-04-20,50.72001647949219
2011-04-21,51.123104095458984
2011-04-25,51.25455093383789
2011-04-26,51.543731689453125
2011-04-27,51.89424133300781
2011-04-28,51.81538009643555
2011-04-29,51.77157211303711
2011-05-02,51.6751823425293
2011-05-03,51.429805755615234
2011-05-04,51.350929260253906
2011-05-05,51.07052230834961
2011-05-06,51.23702621459961
2011-05-09,51.429805755615234
2011-05-10,51.86795425415039
2011-05-11,51.49114227294922
2011-05-12,51.797847747802734
2011-05-13,51.18444061279297
2011-05-16,50.29939651489258
2011-05-17,50.439598083496094
2011-05-18,50.8602180480957
2011-05-19,51.00918197631836
2011-05-20,50.62360763549805
2011-05-23,49.878753662109375
2011-05-24,49.572059631347656
2011-05-25,49.764854431152344
2011-05-26,50.07154846191406
2011-05-27,50.32568359375
2011-05-31,51.14061737060547
2011-06-01,50.027748107910156
2011-06-02,50.132896423339844
2011-06-03,49.3792724609375
2011-06-06,48.97617721557617
2011-06-07,48.88855743408203
2011-06-08,48.538047790527344
2011-06-09,48.62565612792969
2011-06-10,47.88081741333008
2011-06-13,47.88081741333008
2011-06-14,48.49420928955078
2011-06-15,47.574119567871094
2011-06-16,47.39009475708008
2011-06-17,47.24166488647461
2011-06-20,47.48756790161133
2011-06-21,48.50636291503906
2011-06-22,48.155052185058594
2011-06-23,48.60295104980469
2011-06-24,47.759830474853516
2011-06-27,48.523921966552734
2011-06-28,49.24409866333008
2011-06-29,49.446102142333984
2011-06-30,50.10477828979492
2011-07-01,50.8600959777832
2011-07-05,51.11479187011719
2011-07-06,51.28165817260742
2011-07-07,51.9842643737793
2011-07-08,51.84375
2011-07-11,50.90400314331055
2011-07-12,50.51756286621094
2011-07-13,50.72835922241211
2011-07-14,50.139915466308594
2011-07-15,50.80738830566406
2011-07-18,50.535125732421875
2011-07-19,51.685665130615234
2011-07-20,51.46609878540039
2011-07-21,51.80860137939453
2011-07-22,52.344356536865234
2011-07-25,52.23896026611328
2011-07-26,52.370704650878906
2011-07-27,51.0181999206543
2011-07-28,51.10600280761719
2011-07-29,50.93913650512695
2011-08-01,50.70199966430664
2011-08-02,49.41975021362305
2011-08-03,49.894004821777344
2011-08-04,47.575408935546875
2011-08-05,47.276790618896484
2011-08-08,44.43122482299805
2011-08-09,46.57418441772461
2011-08-10,44.66836929321289
2011-08-11,46.63565444946289
2011-08-12,47.048431396484375
2011-08-15,47.74224853515625
2011-08-16,47.338279724121094
2011-08-17,47.057228088378906
2011-08-18,44.747398376464844
2011-08-19,43.939395904541016
2011-08-22,44.097496032714844
2011-08-23,45.915489196777344
2011-08-24,46.275569915771484
2011-08-25,45.520267486572266
2011-08-26,46.6619987487793
2011-08-29,47.961822509765625
2011-08-30,48.27801513671875
2011-08-31,48.35704803466797
2011-09-01,47.917911529541016
2011-09-02,46.793758392333984
2011-09-06,46.80253601074219
2011-09-07,47.98817825317383
2011-09-08,47.76861572265625
2011-09-09,46.70591354370117
2011-09-12,47.303138732910156
2011-09-13,47.935482025146484
2011-09-14,48.62052917480469
2011-09-15,49.3406982421875
2011-09-16,49.79296112060547
2011-09-19,49.81056594848633
2011-09-20,49.590576171875
2011-09-21,48.72831344604492
2011-09-22,47.144500732421875
2011-09-23,47.64604187011719
2011-09-26,48.200374603271484
2011-09-27,48.701908111572266
2011-09-28,47.98039627075195
2011-09-29,47.40846633911133
2011-09-30,46.18541717529297
2011-10-03,44.9975700378418
2011-10-04,45.92146301269531
2011-10-05,47.10050964355469
2011-10-06,47.89240264892578
2011-10-07,47.57564926147461
2011-10-10,49.22101974487305
2011-10-11,49.555397033691406
2011-10-12,49.80176544189453
2011-10-13,50.259307861328125
2011-10-14,51.191993713378906
2011-10-17,50.40008544921875
2011-10-18,51.02480697631836
2011-10-19,50.039329528808594
2011-10-20,49.79296112060547
2011-10-21,50.417686462402344
2011-10-24,51.46476364135742
2011-10-25,50.4528923034668
2011-10-26,50.391292572021484
2011-10-27,51.781532287597656
2011-10-28,51.8607063293457
2011-10-31,50.98961639404297
2011-11-01,49.66098403930664
2011-11-02,50.08333206176758
2011-11-03,51.12158966064453
2011-11-04,50.857635498046875
2011-11-07,51.21836471557617
2011-11-08,51.807926177978516
2011-11-09,49.98654556274414
2011-11-10,49.960147857666016
2011-11-11,50.90161895751953
2011-11-14,50.58488082885742
2011-11-15,51.148006439208984
2011-11-16,50.30330276489258
2011-11-17,49.12424850463867
2011-11-18,48.745906829833984
2011-11-21,47.81321334838867
2011-11-22,47.971614837646484
2011-11-23,46.88932800292969
2011-11-25,46.52855682373047
2011-11-28,48.147586822509766
2011-11-29,47.84842300415039
2011-11-30,49.61699295043945
2011-12-01,49.960147857666016
2011-12-02,49.81935119628906
2011-12-05,50.36488723754883
2011-12-06,50.2241096496582
2011-12-07,50.2241096496582
2011-12-08,49.379417419433594
2011-12-09,50.171321868896484
2011-12-12,49.60819625854492
2011-12-13,49.06264114379883
2011-12-14,48.29716110229492
2011-12-15,48.16516876220703
2011-12-16,48.41313934326172
2011-12-19,47.936622619628906
2011-12-20,49.35740661621094
2011-12-21,48.65141296386719
2011-12-22,49.06618881225586
2011-12-23,49.489776611328125
2011-12-27,49.67437744140625
2011-12-28,49.10026168823242
2011-12-29,49.453556060791016
2011-12-30,49.31224060058594
2012-01-03,50.25730895996094
2012-01-04,50.46930694580078
2012-01-05,50.88444519042969
2012-01-06,51.06109619140625
2012-01-09,50.89326477050781
2012-01-10,51.26424026489258
2012-01-11,51.370243072509766
2012-01-12,51.57337951660156
2012-01-13,51.387908935546875
2012-01-17,51.85603332519531
2012-01-18,52.54497146606445
2012-01-19,52.87177658081055
2012-01-20,52.792274475097656
2012-01-23,52.80994415283203
2012-01-24,52.71278381347656
2012-01-25,53.37523651123047
2012-01-26,53.18975067138672
2012-01-27,53.34874725341797
2012-01-30,53.39289474487305
2012-01-31,53.463558197021484
2012-02-01,53.8963508605957
2012-02-02,54.06416320800781
2012-02-03,54.80610275268555
2012-02-06,54.761940002441406
2012-02-07,54.87676239013672
2012-02-08,55.168243408203125
2012-02-09,55.565704345703125
2012-02-10,55.17707824707031
2012-02-13,55.68935775756836
2012-02-14,55.83067321777344
2012-02-15,55.44205093383789
2012-02-16,56.201663970947266
2012-02-17,56.025001525878906
2012-02-21,56.183990478515625
2012-02-22,55.92784118652344
2012-02-23,56.29881286621094
2012-02-24,56.49312973022461
2012-02-27,56.57261276245117
2012-02-28,57.1467399597168
2012-02-29,56.890594482421875
2012-03-01,57.341041564941406
2012-03-02,57.29689407348633
2012-03-05,56.705101013183594
2012-03-06,56.148658752441406
2012-03-07,56.581451416015625
2012-03-08,57.190895080566406
2012-03-09,57.42937088012695
2012-03-12,57.455867767333984
2012-03-13,58.52461242675781
2012-03-14,58.72777557373047
2012-03-15,58.895591735839844
2012-03-16,58.8539924621582
2012-03-19,59.26985549926758
2012-03-20,59.37602615356445
2012-03-21,59.38487243652344
2012-03-22,59.260982513427734
2012-03-23,59.22560119628906
2012-03-26,60.26078796386719
2012-03-27,60.34922409057617
2012-03-28,60.11036682128906
2012-03-29,59.88033676147461
2012-03-30,59.76529312133789
2012-04-02,60.3846321105957
2012-04-03,60.36692810058594
2012-04-04,59.544132232666016
2012-04-05,59.91571807861328
2012-04-09,59.46446990966797
2012-04-10,58.508934020996094
2012-04-11,58.79205322265625
2012-04-12,59.46446990966797
2012-04-13,58.56201934814453
2012-04-16,57.907318115234375
2012-04-17,59.08404541015625
2012-04-18,58.93363952636719
2012-04-19,58.27006149291992
2012-04-20,58.11082077026367
2012-04-23,57.5799560546875
2012-04-24,57.270294189453125
2012-04-25,58.79205322265625
2012-04-26,59.137115478515625
2012-04-27,59.49101638793945
2012-04-30,59.06633758544922
2012-05-01,59.1636848449707
2012-05-02,59.33177185058594
2012-05-03,58.70358657836914
2012-05-04,57.24374771118164
2012-05-07,57.296836853027344
2012-05-08,57.08448028564453
2012-05-09,56.90753936767578
2012-05-10,56.79252624511719
2012-05-11,56.78365707397461
2012-05-14,56.252838134765625
2012-05-15,56.067012786865234
2012-05-16,55.68656539916992
2012-05-17,54.50984573364258
2012-05-18,53.802040100097656
2012-05-21,55.306121826171875
2012-05-22,55.244197845458984
2012-05-23,55.350364685058594
2012-05-24,54.98762130737305
2012-05-25,54.91683578491211
2012-05-29,55.61579513549805
2012-05-30,55.146888732910156
2012-05-31,54.90798568725586
2012-06-01,53.448143005371094
2012-06-04,53.85511016845703
2012-06-05,54.076324462890625
2012-06-06,55.314979553222656
2012-06-07,55.093788146972656
2012-06-08,55.62465286254883
2012-06-11,54.686805725097656
2012-06-12,55.350364685058594
2012-06-13,54.969905853271484
2012-06-14,55.173423767089844
2012-06-15,55.85892105102539
2012-06-18,56.38213348388672
2012-06-19,56.96736526489258
2012-06-20,57.011722564697266
2012-06-21,55.592872619628906
2012-06-22,56.17815399169922
2012-06-25,55.09626007080078
2012-06-26,55.44211196899414
2012-06-27,55.77908706665039
2012-06-28,55.15834045410156
2012-06-29,56.896446228027344
2012-07-02,57.06493377685547
2012-07-03,57.543819427490234
2012-07-05,57.57926559448242
2012-07-06,56.86096954345703
2012-07-09,56.754554748535156
2012-07-10,56.19588851928711
2012-07-11,55.885501861572266
2012-07-12,55.36231231689453
2012-07-13,56.204742431640625
2012-07-16,56.04513931274414
2012-07-17,56.337764739990234
2012-07-18,57.10041427612305
2012-07-19,57.730018615722656
2012-07-20,56.96736526489258
2012-07-23,56.27568817138672
2012-07-24,55.83229064941406
2012-07-25,55.45985794067383
2012-07-26,56.19588851928711
2012-07-27,57.52607345581055
2012-07-30,57.48173904418945
2012-07-31,57.4640007019043
2012-08-01,57.295494079589844
2012-08-02,57.0915412902832
2012-08-03,58.17341232299805
2012-08-06,58.61682891845703
2012-08-07,59.10454559326172
2012-08-08,59.077972412109375
2012-08-09,59.255306243896484
2012-08-10,59.290775299072266
2012-08-13,59.43266296386719
2012-08-14,59.459285736083984
2012-08-15,59.610023498535156
2012-08-16,60.319454193115234
2012-08-17,60.58549499511719
2012-08-20,60.67416763305664
2012-08-21,60.43474197387695
2012-08-22,60.68303298950195
2012-08-23,60.18643569946289
2012-08-24,60.55887985229492
2012-08-27,60.65645217895508
2012-08-28,60.65645217895508
2012-08-29,60.65645217895508
2012-08-30,60.044559478759766
2012-08-31,60.44358825683594
2012-09-04,60.38153076171875
2012-09-05,60.319454193115234
2012-09-06,61.65851974487305
2012-09-07,61.569820404052734
2012-09-10,60.78057098388672
2012-09-11,60.68303298950195
2012-09-12,60.86039733886719
2012-09-13,61.68510818481445
2012-09-14,62.234928131103516
2012-09-17,62.26152801513672
2012-09-18,62.314754486083984
2012-09-19,62.43000793457031
2012-09-20,62.36796569824219
2012-09-21,62.385738372802734
2012-09-24,62.02113723754883
2012-09-25,61.14956283569336
2012-09-26,60.651546478271484
2012-09-27,61.48750686645508
2012-09-28,60.9805908203125
2012-10-01,60.891666412353516
2012-10-02,61.06953430175781
2012-10-03,61.46084213256836
2012-10-04,61.67424392700195
2012-10-05,61.34523391723633
2012-10-08,60.78497314453125
2012-10-09,59.81557846069336
2012-10-10,59.51324462890625
2012-10-11,59.32646942138672
2012-10-12,59.29977798461914
2012-10-15,59.735565185546875
2012-10-16,60.58039474487305
2012-10-17,60.54483413696289
2012-10-18,59.84230422973633
2012-10-19,58.410484313964844
2012-10-22,58.71284866333008
2012-10-23,58.152549743652344
2012-10-24,57.94804000854492
2012-10-25,57.94804000854492
2012-10-26,58.11699676513672
2012-10-31,57.76128005981445
2012-11-01,58.579437255859375
2012-11-02,57.9569206237793
2012-11-05,58.33931350708008
2012-11-06,58.446048736572266
2012-11-07,57.067596435546875
2012-11-08,56.169395446777344
2012-11-09,56.40951156616211
2012-11-12,56.40060806274414
2012-11-13,56.009315490722656
2012-11-14,55.35122299194336
2012-11-15,55.164459228515625
2012-11-16,55.40456771850586
2012-11-19,56.720760345458984
2012-11-20,56.738555908203125
2012-11-21,56.85417556762695
2012-11-23,57.7168083190918
2012-11-26,57.965824127197266
2012-11-27,57.7701530456543
2012-11-28,58.26816940307617
2012-11-29,58.61500549316406
2012-11-30,58.517181396484375
2012-12-03,58.40160369873047
2012-12-04,58.36598587036133
2012-12-05,57.7168083190918
2012-12-06,58.09032440185547
2012-12-07,57.74346923828125
2012-12-10,57.91244888305664
2012-12-11,58.668392181396484
2012-12-12,58.543880462646484
2012-12-13,58.081417083740234
2012-12-14,57.530052185058594
2012-12-17,58.29484939575195
2012-12-18,59.184165954589844
2012-12-19,58.92628479003906
2012-12-20,58.92628479003906
2012-12-21,58.30653381347656
2012-12-24,58.19028091430664
2012-12-26,57.68055725097656
2012-12-27,57.59113311767578
2012-12-28,57.03667449951172
2012-12-31,58.24394607543945
2013-01-02,60.0950813293457
2013-01-03,59.782100677490234
2013-01-04,59.58536911010742
2013-01-07,59.603233337402344
2013-01-08,59.486961364746094
2013-01-09,59.710548400878906
2013-01-10,60.06827163696289
2013-01-11,60.14872360229492
2013-01-14,59.88047409057617
2013-01-15,59.58536911010742
2013-01-16,59.82679748535156
2013-01-17,60.11296844482422
2013-01-18,59.97883605957031
2013-01-22,60.077186584472656
2013-01-23,60.44385528564453
2013-01-24,59.6121826171875
2013-01-25,59.9162483215332
2013-01-28,60.05036926269531
2013-01-29,60.059303283691406
2013-01-30,59.93412399291992
2013-01-31,59.799964904785156
2013-02-01,60.50645446777344
2013-02-04,59.451210021972656
2013-02-05,60.32761001586914
2013-02-06,60.130821228027344
2013-02-07,60.184539794921875
2013-02-08,60.80157470703125
2013-02-11,60.819461822509766
2013-02-12,60.569068908691406
2013-02-13,60.78370666503906
2013-02-14,60.76580810546875
2013-02-15,60.586936950683594
2013-02-19,61.02511978149414
2013-02-20,60.086143493652344
2013-02-21,59.44227600097656
2013-02-22,60.04145050048828
2013-02-25,59.299198150634766
2013-02-26,59.52276611328125
2013-02-27,60.130821228027344
2013-02-28,60.00566101074219
2013-03-01,60.25606918334961
2013-03-04,60.524356842041016
2013-03-05,61.418609619140625
2013-03-06,61.266605377197266
2013-03-07,61.42755889892578
2013-03-08,61.49909591674805
2013-03-11,61.67790603637695
2013-03-12,61.45438766479492
2013-03-13,61.3738899230957
2013-03-14,61.579586029052734
2013-03-15,61.408409118652344
2013-03-18,61.273921966552734
2013-03-19,61.157413482666016
2013-03-20,61.58765411376953
2013-03-21,60.88850784301758
2013-03-22,61.48006057739258
2013-03-25,61.25600051879883
2013-03-26,61.58765411376953
2013-03-27,61.66830825805664
2013-03-28,61.820655822753906
2013-04-01,61.39944076538086
2013-04-02,61.88344192504883
2013-04-03,61.318729400634766
2013-04-04,61.33668518066406
2013-04-05,60.825767517089844
2013-04-08,61.148475646972656
2013-04-09,61.56076431274414
2013-04-10,62.761871337890625
2013-04-11,62.73495101928711
2013-04-12,62.690147399902344
2013-04-15,61.45320129394531
2013-04-16,62.268863677978516
2013-04-17,61.049842834472656
2013-04-18,60.20729446411133
2013-04-19,61.03191375732422
2013-04-22,61.65932846069336
2013-04-23,62.25094223022461
2013-04-24,62.22406768798828
2013-04-25,62.55569839477539
2013-04-26,62.35849380493164
2013-04-29,62.932151794433594
2013-04-30,63.3892936706543
2013-05-01,63.09348678588867
2013-05-02,63.891239166259766
2013-05-03,64.64418029785156
2013-05-06,64.89514923095703
2013-05-07,64.85931396484375
2013-05-08,65.17301177978516
2013-05-09,65.08338165283203
2013-05-10,65.47773742675781
2013-05-13,65.55845642089844
2013-05-14,65.89903259277344
2013-05-15,66.03351593017578
2013-05-16,65.96178436279297
2013-05-17,66.59818267822266
2013-05-20,66.49960327148438
2013-05-21,66.57132720947266
2013-05-22,65.98872375488281
2013-05-23,65.8363265991211
2013-05-24,65.80045318603516
2013-05-28,66.23068237304688
2013-05-29,65.91696166992188
2013-05-30,66.26655578613281
2013-05-31,65.65705108642578
2013-06-03,65.77357482910156
2013-06-04,65.43292999267578
2013-06-05,64.58142852783203
2013-06-06,64.89514923095703
2013-06-07,65.78253173828125
2013-06-10,65.80941009521484
2013-06-11,65.15506744384766
2013-06-12,64.40214538574219
2013-06-13,65.21783447265625
2013-06-14,64.78760528564453
2013-06-17,65.41505432128906
2013-06-18,65.95283508300781
2013-06-19,65.21783447265625
2013-06-20,63.66717529296875
2013-06-21,63.32906723022461
2013-06-24,62.69965744018555
2013-06-25,63.158226013183594
2013-06-26,63.724708557128906
2013-06-27,63.994468688964844
2013-06-28,64.08439636230469
2013-07-01,64.48001861572266
2013-07-02,64.50701904296875
2013-07-03,64.76776885986328
2013-07-05,65.26231384277344
2013-07-08,65.32524871826172
2013-07-09,65.72087860107422
2013-07-10,66.0985336303711
2013-07-11,67.4113540649414
2013-07-12,67.70805358886719
2013-07-15,67.86093139648438
2013-07-16,67.77101135253906
2013-07-17,67.9418716430664
2013-07-18,67.77101135253906
2013-07-19,67.06965637207031
2013-07-22,67.26744842529297
2013-07-23,66.77291870117188
2013-07-24,66.98870086669922
2013-07-25,67.4113540649414
2013-07-26,67.77101135253906
2013-07-29,67.64512634277344
2013-07-30,68.0047836303711
2013-07-31,68.13066101074219
2013-08-01,68.82305908203125
2013-08-02,69.20968627929688
2013-08-05,69.2546615600586
2013-08-06,68.84101867675781
2013-08-07,68.71517181396484
2013-08-08,69.05685424804688
2013-08-09,68.77808380126953
2013-08-12,68.93991088867188
2013-08-13,69.32660675048828
2013-08-14,69.06581115722656
2013-08-15,67.89688873291016
2013-08-16,67.86992645263672
2013-08-19,67.75299072265625
2013-08-20,68.04974365234375
2013-08-21,67.81594848632812
2013-08-22,68.48136138916016
2013-08-23,68.93991088867188
2013-08-26,68.9759292602539
2013-08-27,67.56421661376953
2013-08-28,67.82495880126953
2013-08-29,68.301513671875
2013-08-30,67.86093139648438
2013-09-03,68.24758911132812
2013-09-04,68.9759292602539
2013-09-05,69.0927963256836
2013-09-06,69.17372131347656
2013-09-09,69.9830093383789
2013-09-10,70.32466888427734
2013-09-11,70.18981170654297
2013-09-12,70.14485168457031
2013-09-13,70.18981170654297
2013-09-16,70.00099182128906
2013-09-17,70.46855926513672
2013-09-18,71.3137435913086
2013-09-19,71.48460388183594
2013-09-20,71.23931121826172
2013-09-23,71.09502410888672
2013-09-24,71.09502410888672
2013-09-25,70.85148620605469
2013-09-26,71.40162658691406
2013-09-27,71.31144714355469
2013-09-30,71.14009094238281
2013-10-01,71.86161041259766
2013-10-02,71.83454132080078
2013-10-03,70.99581146240234
2013-10-04,71.60906219482422
2013-10-07,71.01383972167969
2013-10-08,69.64299011230469
2013-10-09,69.42649841308594
2013-10-10,70.89656829833984
2013-10-11,71.45577239990234
2013-10-14,71.96077728271484
2013-10-15,71.68121337890625
2013-10-16,72.4928970336914
2013-10-17,72.90777587890625
2013-10-18,74.08924102783203
2013-10-21,74.25157165527344
2013-10-22,74.3597640991211
2013-10-23,73.90884399414062
2013-10-24,74.2335433959961
2013-10-25,74.765625
2013-10-28,74.78367614746094
2013-10-29,74.90992736816406
2013-10-30,74.83779907226562
2013-10-31,74.66642761230469
2013-11-01,74.6844711303711
2013-11-04,74.79271697998047
2013-11-05,74.87384033203125
2013-11-06,74.8558120727539
2013-11-07,73.44893646240234
2013-11-08,74.44097900390625
2013-11-11,74.32372283935547
2013-11-12,74.44097900390625
2013-11-13,75.34282684326172
2013-11-14,75.57731628417969
2013-11-15,75.72161102294922
2013-11-18,74.98208618164062
2013-11-19,74.765625
2013-11-20,74.58527374267578
2013-11-21,75.34282684326172
2013-11-22,75.7486572265625
2013-11-25,75.9290542602539
2013-11-26,76.32588195800781
2013-11-27,76.85800170898438
2013-11-29,77.31794738769531
2013-12-02,77.09247589111328
2013-12-03,77.02935028076172
2013-12-04,77.10148620605469
2013-12-05,77.00228118896484
2013-12-06,77.56145477294922
2013-12-09,77.87711334228516
2013-12-10,77.822998046875
2013-12-11,76.82194519042969
2013-12-12,76.62353515625
2013-12-13,76.52430725097656
2013-12-16,76.94816589355469
2013-12-17,76.79483795166016
2013-12-18,77.687744140625
2013-12-19,77.47128295898438
2013-12-20,78.2602310180664
2013-12-23,79.08352661132812
2013-12-24,79.11968994140625
2013-12-26,79.38209533691406
2013-12-27,79.18304443359375
2013-12-30,79.06542205810547
2013-12-31,79.58113861083984
2014-01-02,78.95683288574219
2014-01-03,78.38689422607422
2014-01-06,78.09736633300781
2014-01-07,78.82117462158203
2014-01-08,78.9930419921875
2014-01-09,78.73067474365234
2014-01-10,78.98400115966797
2014-01-13,77.81687927246094
2014-01-14,79.30065155029297
2014-01-15,79.95207214355469
2014-01-16,79.96114349365234
2014-01-17,79.50875854492188
2014-01-21,80.11493682861328
2014-01-22,80.32301330566406
2014-01-23,80.05159759521484
2014-01-24,78.47732543945312
2014-01-27,77.71735382080078
2014-01-28,77.67212677001953
2014-01-29,76.83975982666016
2014-01-30,78.2602310180664
2014-01-31,78.05213165283203
2014-02-03,76.26072692871094
2014-02-04,76.8216781616211
2014-02-05,76.62261962890625
2014-02-06,77.5997314453125
2014-02-07,78.98400115966797
2014-02-10,79.43636322021484
2014-02-11,80.34112548828125
2014-02-12,80.49492645263672
2014-02-13,81.09205627441406
2014-02-14,81.25491333007812
2014-02-18,81.65298461914062
2014-02-19,81.09205627441406
2014-02-20,81.4720458984375
2014-02-21,81.36346435546875
2014-02-24,81.79776763916016
2014-02-25,81.7072982788086
2014-02-26,81.63491821289062
2014-02-27,82.16454315185547
2014-02-28,82.0737075805664
2014-03-03,81.46503448486328
2014-03-04,82.50068664550781
2014-03-05,82.72783660888672
2014-03-06,82.6551284790039
2014-03-07,82.24630737304688
2014-03-10,82.31897735595703
2014-03-11,81.96470642089844
2014-03-12,82.2735824584961
2014-03-13,81.11067962646484
2014-03-14,80.55650329589844
2014-03-17,81.26514434814453
2014-03-18,82.24630737304688
2014-03-19,81.8011474609375
2014-03-20,82.02826690673828
2014-03-21,81.04121398925781
2014-03-24,80.33097076416016
2014-03-25,80.59504699707031
2014-03-26,79.55699157714844
2014-03-27,79.11080932617188
2014-03-28,79.2656021118164
2014-03-31,79.83016204833984
2014-04-01,81.23243713378906
2014-04-02,81.44186401367188
2014-04-03,80.79536437988281
2014-04-04,78.64642333984375
2014-04-07,77.89972686767578
2014-04-08,78.61907958984375
2014-04-09,79.96674346923828
2014-04-10,77.48995208740234
2014-04-11,76.58847045898438
2014-04-14,77.18948364257812
2014-04-15,77.44444274902344
2014-04-16,78.47337341308594
2014-04-17,78.4916000366211
2014-04-21,79.07438659667969
2014-04-22,79.70264434814453
2014-04-23,79.00153350830078
2014-04-24,79.7573013305664
2014-04-25,78.48251342773438
2014-04-28,78.73746490478516
2014-04-29,79.36573791503906
2014-04-30,79.5751953125
2014-05-01,79.81195068359375
2014-05-02,79.66625213623047
2014-05-05,80.08509826660156
2014-05-06,79.04705810546875
2014-05-07,78.81939697265625
2014-05-08,78.7465591430664
2014-05-09,79.03797149658203
2014-05-12,80.340087890625
2014-05-13,80.39469909667969
2014-05-14,79.97583770751953
2014-05-15,79.3475570678711
2014-05-16,79.86656951904297
2014-05-19,80.42201232910156
2014-05-20,80.13064575195312
2014-05-21,80.8955078125
2014-05-22,81.25064849853516
2014-05-23,81.84253692626953
2014-05-27,82.86235046386719
2014-05-28,82.60742950439453
2014-05-29,83.13553619384766
2014-05-30,83.14464569091797
2014-06-02,83.06269836425781
2014-06-03,83.02625274658203
2014-06-04,83.33588409423828
2014-06-05,84.03700256347656
2014-06-06,84.51964569091797
2014-06-09,84.45585632324219
2014-06-10,84.6015853881836
2014-06-11,84.5833511352539
2014-06-12,83.81849670410156
2014-06-13,84.06429290771484
2014-06-16,84.1371841430664
2014-06-17,84.18268585205078
2014-06-18,84.65620422363281
2014-06-19,84.6015853881836
2014-06-20,84.70109558105469
2014-06-23,84.7193603515625
2014-06-24,84.63716888427734
2014-06-25,85.17585754394531
2014-06-26,85.2215347290039
2014-06-27,85.5958480834961
2014-06-30,85.74191284179688
2014-07-01,86.68235778808594
2014-07-02,86.82843017578125
2014-07-03,87.37625122070312
2014-07-07,87.1114730834961
2014-07-08,86.0615005493164
2014-07-09,86.70059204101562
2014-07-10,86.42671203613281
2014-07-11,86.98362731933594
2014-07-14,87.5040512084961
2014-07-15,87.2027816772461
2014-07-16,87.54971313476562
2014-07-17,86.39016723632812
2014-07-18,87.75969696044922
2014-07-21,87.650146484375
2014-07-22,88.20708465576172
2014-07-23,88.77316284179688
2014-07-24,88.67272186279297
2014-07-25,88.3257827758789
2014-07-28,88.35315704345703
2014-07-29,88.19799041748047
2014-07-30,88.54488372802734
2014-07-31,86.7553939819336
2014-08-01,86.43583679199219
2014-08-04,87.029296875
2014-08-05,86.36276245117188
2014-08-06,86.2988510131836
2014-08-07,86.02497863769531
2014-08-08,86.64583587646484
2014-08-11,87.15711212158203
2014-08-12,87.12057495117188
2014-08-13,88.04275512695312
2014-08-14,88.49925231933594
2014-08-15,88.92837524414062
2014-08-18,89.61316680908203
2014-08-19,90.11531066894531
2014-08-20,90.11531066894531
2014-08-21,90.29789733886719
2014-08-22,90.43490600585938
2014-08-25,90.75442504882812
2014-08-26,90.8457260131836
2014-08-27,90.86395263671875
2014-08-28,90.7635498046875
2014-08-29,91.10138702392578
2014-09-02,91.36615753173828
2014-09-03,90.82747650146484
2014-09-04,90.74528503417969
2014-09-05,91.20181274414062
2014-09-08,91.37528228759766
2014-09-09,90.61750030517578
2014-09-10,91.36615753173828
2014-09-11,91.29310607910156
2014-09-12,90.82747650146484
2014-09-15,89.95098114013672
2014-09-16,90.73615264892578
2014-09-17,90.87310791015625
2014-09-18,91.55789184570312
2014-09-19,91.50115203857422
2014-09-22,90.65001678466797
2014-09-23,90.40290069580078
2014-09-24,91.3730239868164
2014-09-25,89.45108795166016
2014-09-26,90.40290069580078
2014-09-29,90.28396606445312
2014-09-30,90.41206359863281
2014-10-01,88.96604919433594
2014-10-02,88.96604919433594
2014-10-03,89.84461212158203
2014-10-06,89.6524429321289
2014-10-07,88.38029479980469
2014-10-08,90.10086822509766
2014-10-09,88.64569854736328
2014-10-10,86.43094635009766
2014-10-13,85.07649993896484
2014-10-14,85.08562469482422
2014-10-15,84.53650665283203
2014-10-16,84.00569152832031
2014-10-17,85.11307525634766
2014-10-20,86.38520050048828
2014-10-21,88.6548843383789
2014-10-22,88.19729614257812
2014-10-23,89.52433013916016
2014-10-24,90.2564926147461
2014-10-27,90.32051849365234
2014-10-28,91.68417358398438
2014-10-29,91.3455581665039
2014-10-30,91.53775787353516
2014-10-31,92.80068969726562
2014-11-03,93.07525634765625
2014-11-04,92.76411437988281
2014-11-05,92.77325439453125
2014-11-06,93.06612396240234
2014-11-07,92.98377227783203
2014-11-10,93.3132095336914
2014-11-11,93.6061019897461
2014-11-12,93.77079772949219
2014-11-13,94.17351531982422
2014-11-14,94.46634674072266
2014-11-17,94.18266296386719
2014-11-18,94.88738250732422
2014-11-19,94.45721435546875
2014-11-20,94.87821960449219
2014-11-21,95.06122589111328
2014-11-24,95.80257415771484
2014-11-25,95.94898986816406
2014-11-26,96.57132720947266
2014-11-28,97.01972198486328
2014-12-01,95.92150115966797
2014-12-02,96.30591583251953
2014-12-03,96.4798355102539
2014-12-04,96.43400573730469
2014-12-05,96.44318389892578
2014-12-08,95.75679016113281
2014-12-09,96.05880737304688
2014-12-10,94.54871368408203
2014-12-11,94.9971694946289
2014-12-12,93.9630126953125
2014-12-15,92.9928970336914
2014-12-16,91.50115203857422
2014-12-17,93.16678619384766
2014-12-18,95.40900421142578
2014-12-19,95.82884216308594
2014-12-22,96.0676498413086
2014-12-23,95.727783203125
2014-12-24,95.81045532226562
2014-12-26,96.4902114868164
2014-12-29,96.47184753417969
2014-12-30,95.82884216308594
2014-12-31,94.8459243774414
2015-01-02,94.5611343383789
2015-01-05,93.17407989501953
2015-01-06,91.92475891113281
2015-01-07,93.10975646972656
2015-01-08,94.89181518554688
2015-01-09,94.26722717285156
2015-01-12,93.28429412841797
2015-01-13,93.25669860839844
2015-01-14,92.74229431152344
2015-01-15,91.53894805908203
2015-01-16,92.61370849609375
2015-01-20,93.34857940673828
2015-01-21,93.82627868652344
2015-01-22,95.56243896484375
2015-01-23,95.7737045288086
2015-01-26,95.66348266601562
2015-01-27,93.18321990966797
2015-01-28,92.70557403564453
2015-01-29,93.59661865234375
2015-01-30,92.87092590332031
2015-02-02,93.67928314208984
2015-02-03,94.57951354980469
2015-02-04,94.49684143066406
2015-02-05,95.31441497802734
2015-02-06,94.73568725585938
2015-02-09,94.43256378173828
2015-02-10,95.9023208618164
2015-02-11,96.2513656616211
2015-02-12,97.3720932006836
2015-02-13,98.2079849243164
2015-02-17,98.29985046386719
2015-02-18,98.43763732910156
2015-02-19,98.92452239990234
2015-02-20,99.58592224121094
2015-02-23,99.68696594238281
2015-02-24,99.76044464111328
2015-02-25,99.51240539550781
2015-02-26,100.01766204833984
2015-02-27,99.57673645019531
2015-03-02,100.47696685791016
2015-03-03,100.00846862792969
2015-03-04,99.62267303466797
2015-03-05,99.79718780517578
2015-03-06,98.66728973388672
2015-03-09,98.95207977294922
2015-03-10,97.1148681640625
2015-03-11,96.55448913574219
2015-03-12,97.18836212158203
2015-03-13,96.76581573486328
2015-03-16,98.01512145996094
2015-03-17,98.17125701904297
2015-03-18,99.13580322265625
2015-03-19,99.28277587890625
2015-03-20,99.92544555664062
2015-03-23,99.7320785522461
2015-03-24,99.37300872802734
2015-03-25,97.09884643554688
2015-03-26,96.7673568725586
2015-03-27,97.15409088134766
2015-03-30,98.2681884765625
2015-03-31,97.22773742675781
2015-04-01,96.72135162353516
2015-04-02,96.7857894897461
2015-04-06,97.57760620117188
2015-04-07,97.41187286376953
2015-04-08,98.18527221679688
2015-04-09,98.80217742919922
2015-04-10,99.20729064941406
2015-04-13,98.95870208740234
2015-04-14,98.67324829101562
2015-04-15,99.29012298583984
2015-04-16,99.15201568603516
2015-04-17,97.60523986816406
2015-04-20,99.06914520263672
2015-04-21,99.49270629882812
2015-04-22,100.03591918945312
2015-04-23,100.41343688964844
2015-04-24,101.77609252929688
2015-04-27,101.51828002929688
2015-04-28,101.31574249267578
2015-04-29,100.680419921875
2015-04-30,99.09677124023438
2015-05-01,100.40421295166016
2015-05-04,100.56991577148438
2015-05-05,98.9310302734375
2015-05-06,98.24974060058594
2015-05-07,98.83898162841797
2015-05-08,100.07275390625
2015-05-11,99.6860580444336
2015-05-12,99.23487091064453
2015-05-13,99.43746185302734
2015-05-14,100.89220428466797
2015-05-15,100.89220428466797
2015-05-18,101.33413696289062
2015-05-19,101.22366333007812
2015-05-20,101.28812408447266
2015-05-21,101.81291198730469
2015-05-22,101.71163177490234
2015-05-26,100.54229736328125
2015-05-27,102.16276550292969
2015-05-28,101.93260955810547
2015-05-29,101.32493591308594
2015-06-01,101.66558837890625
2015-06-02,101.34335327148438
2015-06-03,101.64717864990234
2015-06-04,100.873779296875
2015-06-05,100.63438415527344
2015-06-08,99.61239624023438
2015-06-09,99.44664001464844
2015-06-10,100.80933380126953
2015-06-11,100.95661163330078
2015-06-12,100.12798309326172
2015-06-15,99.63081359863281
2015-06-16,100.1740493774414
2015-06-17,100.45023345947266
2015-06-18,101.91419982910156
2015-06-19,101.41031646728516
2015-06-22,102.15779113769531
2015-06-23,102.24085998535156
2015-06-24,101.71485900878906
2015-06-25,101.51181030273438
2015-06-26,100.83818054199219
2015-06-29,98.45726776123047
2015-06-30,98.80793762207031
2015-07-01,99.59236145019531
2015-07-02,99.62001037597656
2015-07-06,99.3893051147461
2015-07-07,99.63847351074219
2015-07-08,97.903564453125
2015-07-09,97.84818267822266
2015-07-10,99.34320068359375
2015-07-13,101.08732604980469
2015-07-14,101.75177001953125
2015-07-15,101.86249542236328
2015-07-16,103.30216979980469
2015-07-17,104.82479858398438
2015-07-20,105.18470764160156
2015-07-21,105.12010955810547
2015-07-22,103.92967224121094
2015-07-23,103.54204559326172
2015-07-24,102.52693176269531
2015-07-27,101.67792510986328
2015-07-28,102.55464172363281
2015-07-29,102.94221496582031
2015-07-30,103.43133544921875
2015-07-31,103.31135559082031
2015-08-03,102.98836517333984
2015-08-04,102.79456329345703
2015-08-05,103.58821105957031
2015-08-06,101.92709350585938
2015-08-07,101.79790496826172
2015-08-10,102.96068572998047
2015-08-11,101.64102935791016
2015-08-12,101.99170684814453
2015-08-13,101.82559204101562
2015-08-14,101.98246765136719
2015-08-17,102.83148193359375
2015-08-18,102.30547332763672
2015-08-19,101.63182830810547
2015-08-20,98.81715393066406
2015-08-21,94.49830627441406
2015-08-24,90.86231231689453
2015-08-25,90.5208969116211
2015-08-26,95.07965850830078
2015-08-27,97.4882583618164
2015-08-28,97.4698257446289
2015-08-31,96.26090240478516
2015-09-01,93.25245666503906
2015-09-02,95.88253784179688
2015-09-03,95.41189575195312
2015-09-04,94.27681732177734
2015-09-08,96.9345703125
2015-09-09,95.84561920166016
2015-09-10,96.888427734375
2015-09-11,97.42367553710938
2015-09-14,97.12835693359375
2015-09-15,98.27268981933594
2015-09-16,98.82637023925781
2015-09-17,98.86328887939453
2015-09-18,97.45718383789062
2015-09-21,97.76245880126953
2015-09-22,96.30084228515625
2015-09-23,96.37482452392578
2015-09-24,96.0232925415039
2015-09-25,95.20922088623047
2015-09-28,92.49874114990234
2015-09-29,92.01771545410156
2015-09-30,94.13611602783203
2015-10-01,94.56169128417969
2015-10-02,96.21756744384766
2015-10-05,97.595947265625
2015-10-06,97.1334228515625
2015-10-07,97.7161865234375
2015-10-08,98.10472869873047
2015-10-09,98.54878234863281
2015-10-12,98.78926849365234
2015-10-13,98.15099334716797
2015-10-14,97.99371337890625
2015-10-15,99.60336303710938
2015-10-16,100.01962280273438
2015-10-19,100.59318542480469
2015-10-20,100.07513427734375
2015-10-21,99.464599609375
2015-10-22,101.49050903320312
2015-10-23,104.33051300048828
2015-10-26,104.395263671875
2015-10-27,104.6080322265625
2015-10-28,105.47760772705078
2015-10-29,105.31110382080078
2015-10-30,104.83930969238281
2015-11-02,106.02342987060547
2015-11-03,106.39344024658203
2015-11-04,106.40271759033203
2015-11-05,106.11589813232422
2015-11-06,106.18994903564453
2015-11-09,105.06134033203125
2015-11-10,104.79305267333984
2015-11-11,104.66356658935547
2015-11-12,103.6459732055664
2015-11-13,101.61077117919922
2015-11-16,103.07240295410156
2015-11-17,103.13717651367188
2015-11-18,105.11685180664062
2015-11-19,105.19085693359375
2015-11-20,105.90315246582031
2015-11-23,105.59788513183594
2015-11-24,105.50538635253906
2015-11-25,105.59788513183594
2015-11-27,105.74591064453125
2015-11-30,105.47760772705078
2015-12-01,106.53223419189453
2015-12-02,105.87539672851562
2015-12-03,104.08074188232422
2015-12-04,106.5136947631836
2015-12-07,106.03266906738281
2015-12-08,106.04190063476562
2015-12-09,104.4322738647461
2015-12-10,104.90408325195312
2015-12-11,102.48958587646484
2015-12-14,103.26670837402344
2015-12-15,103.89573669433594
2015-12-16,105.44062042236328
2015-12-17,103.90496826171875
2015-12-18,101.9118423461914
2015-12-21,103.04389190673828
2015-12-22,103.72126007080078
2015-12-23,104.49141693115234
2015-12-24,104.4728775024414
2015-12-28,104.41720581054688
2015-12-29,106.05957794189453
2015-12-30,105.10384368896484
2015-12-31,103.79550170898438
2016-01-04,101.60562896728516
2016-01-05,101.42933654785156
2016-01-06,100.45503234863281
2016-01-07,97.30943298339844
2016-01-08,96.51141357421875
2016-01-11,96.8083724975586
2016-01-12,97.93112182617188
2016-01-13,94.55354309082031
2016-01-14,96.56710052490234
2016-01-15,93.5699691772461
2016-01-19,93.77410125732422
2016-01-20,93.4864730834961
2016-01-21,93.57925415039062
2016-01-22,96.28873443603516
2016-01-25,94.85975646972656
2016-01-26,95.71343994140625
2016-01-27,93.3287124633789
2016-01-28,94.64635467529297
2016-01-29,96.62277221679688
2016-02-01,96.88260650634766
2016-02-02,94.78553771972656
2016-02-03,94.33084869384766
2016-02-04,94.32157135009766
2016-02-05,91.04605865478516
2016-02-08,89.65420532226562
2016-02-09,89.37584686279297
2016-02-10,89.71917724609375
2016-02-11,89.58926391601562
2016-02-12,90.95330047607422
2016-02-16,93.00392150878906
2016-02-17,95.11030578613281
2016-02-18,94.02466583251953
2016-02-19,94.30301666259766
2016-02-22,95.83407592773438
2016-02-23,94.25663757324219
2016-02-24,95.15668487548828
2016-02-25,96.09388732910156
2016-02-26,95.9732437133789
2016-02-29,95.11030578613281
2016-03-01,98.16312408447266
2016-03-02,98.2002182006836
2016-03-03,98.01461791992188
2016-03-04,98.0517578125
2016-03-07,97.44860076904297
2016-03-08,96.64134979248047
2016-03-09,97.26301574707031
2016-03-10,97.11457061767578
2016-03-11,98.81263732910156
2016-03-14,98.97965240478516
2016-03-15,98.94253540039062
2016-03-16,99.82408905029297
2016-03-17,99.76837158203125
2016-03-18,99.92472839355469
2016-03-21,100.31560516357422
2016-03-22,100.62273406982422
2016-03-23,99.79442596435547
2016-03-24,99.82234954833984
2016-03-28,99.6827392578125
2016-03-29,101.28348541259766
2016-03-30,101.77671813964844
2016-03-31,101.62786865234375
2016-04-01,102.70741271972656
2016-04-04,102.31654357910156
2016-04-05,101.33004760742188
2016-04-06,102.99588012695312
2016-04-07,101.51618957519531
2016-04-08,101.44169616699219
2016-04-11,101.0694580078125
2016-04-12,101.91635131835938
2016-04-13,103.21928405761719
2016-04-14,103.22856140136719
2016-04-15,102.96797180175781
2016-04-18,103.51705932617188
2016-04-19,102.88420867919922
2016-04-20,102.96797180175781
2016-04-21,102.977294921875
2016-04-22,101.42308044433594
2016-04-25,101.42308044433594
2016-04-26,100.92984771728516
2016-04-27,100.12020111083984
2016-04-28,98.91028594970703
2016-04-29,98.38910675048828
2016-05-02,99.31981658935547
2016-05-03,98.39845275878906
2016-05-04,97.7656021118164
2016-05-05,97.7376708984375
2016-05-06,98.25885009765625
2016-05-09,98.53804016113281
2016-05-10,99.88748931884766
2016-05-11,98.98475646972656
2016-05-12,98.54735565185547
2016-05-13,98.18437957763672
2016-05-16,99.41285705566406
2016-05-17,98.1657943725586
2016-05-18,98.51947021484375
2016-05-19,98.00759887695312
2016-05-20,99.08712768554688
2016-05-23,98.95684814453125
2016-05-24,100.93917083740234
2016-05-25,101.6650619506836
2016-05-26,101.9628677368164
2016-05-27,102.49332427978516
2016-05-31,102.68877410888672
2016-06-01,102.69808959960938
2016-06-02,102.91217041015625
2016-06-03,102.4281997680664
2016-06-06,102.80048370361328
2016-06-07,102.53987121582031
2016-06-08,102.71671295166016
2016-06-09,102.54920196533203
2016-06-10,101.38585662841797
2016-06-13,100.53895568847656
2016-06-14,100.53895568847656
2016-06-15,100.25045776367188
2016-06-16,100.54826354980469
2016-06-17,99.3697280883789
2016-06-20,99.99491119384766
2016-06-21,100.31219482421875
2016-06-22,100.06957244873047
2016-06-23,101.49726867675781
2016-06-24,97.31681823730469
2016-06-27,95.38521575927734
2016-06-28,97.47544860839844
2016-06-29,99.20173645019531
2016-06-30,100.34950256347656
2016-07-01,100.85338592529297
2016-07-05,100.23755645751953
2016-07-06,101.05872344970703
2016-07-07,101.35728454589844
2016-07-08,102.92498016357422
2016-07-11,103.51282501220703
2016-07-12,104.03539276123047
2016-07-13,103.78345489501953
2016-07-14,104.4926528930664
2016-07-15,104.32469177246094
2016-07-18,105.01519775390625
2016-07-19,104.6325912475586
2016-07-20,105.8550033569336
2016-07-21,105.6124038696289
2016-07-22,106.05097198486328
2016-07-25,106.060302734375
2016-07-26,106.18158721923828
2016-07-27,106.91877746582031
2016-07-28,107.29204559326172
2016-07-29,107.52532958984375
2016-08-01,108.09455871582031
2016-08-02,107.27339935302734
2016-08-03,107.6279296875
2016-08-04,107.93589782714844
2016-08-05,108.97166442871094
2016-08-08,108.85038757324219
2016-08-09,109.10233306884766
2016-08-10,108.8223876953125
2016-08-11,109.28895568847656
2016-08-12,109.36359405517578
2016-08-15,109.8301773071289
2016-08-16,109.2236328125
2016-08-17,109.41960144042969
2016-08-18,109.44759368896484
2016-08-19,109.41960144042969
2016-08-22,109.50357055664062
2016-08-23,109.69951629638672
2016-08-24,108.99034118652344
2016-08-25,108.81306457519531
2016-08-26,108.97166442871094
2016-08-29,109.1209945678711
2016-08-30,108.76641082763672
2016-08-31,108.6544418334961
2016-09-01,108.93435668945312
2016-09-02,109.28895568847656
2016-09-06,109.97014617919922
2016-09-07,110.03543090820312
2016-09-08,109.39160919189453
2016-09-09,106.63883972167969
2016-09-12,108.55178833007812
2016-09-13,107.5813217163086
2016-09-14,108.09455871582031
2016-09-15,109.77417755126953
2016-09-16,109.72180938720703
2016-09-19,109.24468231201172
2016-09-20,109.45050048828125
2016-09-21,110.52631378173828
2016-09-22,111.40564727783203
2016-09-23,110.69468688964844
2016-09-26,109.76856231689453
2016-09-27,110.85372161865234
2016-09-28,111.04081726074219
2016-09-29,110.23629760742188
2016-09-30,111.05955505371094
2016-10-03,110.9004898071289
2016-10-04,110.73212432861328
2016-10-05,111.1250228881836
2016-10-06,111.06888580322266
2016-10-07,110.8256607055664
2016-10-10,111.52726745605469
2016-10-11,109.93697357177734
2016-10-12,109.84341430664062
2016-10-13,109.45050048828125
2016-10-14,109.58148193359375
2016-10-17,109.28213500976562
2016-10-18,110.25503540039062
2016-10-19,110.24567413330078
2016-10-20,110.11470794677734
2016-10-21,110.52631378173828
2016-10-24,111.85466766357422
2016-10-25,111.49920654296875
2016-10-26,110.741455078125
2016-10-27,110.23629760742188
2016-10-28,109.54405975341797
2016-10-31,109.44115447998047
2016-11-01,108.61795043945312
2016-11-02,107.74793243408203
2016-11-03,106.69087219238281
2016-11-04,106.3166732788086
2016-11-07,108.84246826171875
2016-11-08,109.55340576171875
2016-11-09,110.05859375
2016-11-10,108.2811508178711
2016-11-11,108.32794189453125
2016-11-14,107.23343658447266
2016-11-15,108.72084045410156
2016-11-16,109.36631774902344
2016-11-17,110.1614761352539
2016-11-18,109.74986267089844
2016-11-21,110.89115905761719
2016-11-22,111.2279281616211
2016-11-23,110.7789077758789
2016-11-25,111.13438415527344
2016-11-28,110.88179779052734
2016-11-29,111.26535034179688
2016-11-30,109.91824340820312
2016-12-01,108.01924133300781
2016-12-02,108.23439025878906
2016-12-05,109.07633209228516
2016-12-06,109.33824920654297
2016-12-07,110.72274780273438
2016-12-08,110.91920471191406
2016-12-09,111.78917694091797
2016-12-12,111.28407287597656
2016-12-13,112.68724060058594
2016-12-14,112.45338439941406
2016-12-15,112.63113403320312
2016-12-16,112.21361541748047
2016-12-19,112.67333984375
2016-12-20,113.10493469238281
2016-12-21,113.0204849243164
2016-12-22,112.70150756835938
2016-12-23,112.77655792236328
2016-12-27,113.3582763671875
2016-12-28,112.47631072998047
2016-12-29,112.31682586669922
2016-12-30,111.16280364990234
2017-01-03,112.15734100341797
2017-01-04,112.76718139648438
2017-01-05,113.40519714355469
2017-01-06,114.39972686767578
2017-01-09,114.7750015258789
2017-01-10,115.02831268310547
2017-01-11,115.33795166015625
2017-01-12,115.15970611572266
2017-01-13,115.55374145507812
2017-01-17,115.20661163330078
2017-01-18,115.44115447998047
2017-01-19,115.38484954833984
2017-01-20,115.63819885253906
2017-01-23,115.73200225830078
2017-01-24,116.51077270507812
2017-01-25,117.6835708618164
2017-01-26,117.8055191040039
2017-01-27,118.03073120117188
2017-01-30,117.11124420166016
2017-01-31,116.8766860961914
2017-02-01,117.6835708618164
2017-02-02,117.580322265625
2017-02-03,117.91813659667969
2017-02-06,118.05886840820312
2017-02-07,118.49044799804688
2017-02-08,118.6874771118164
2017-02-09,119.11906433105469
2017-02-10,119.51311492919922
2017-02-13,120.18866729736328
2017-02-14,120.59210968017578
2017-02-15,121.3051528930664
2017-02-16,121.26766204833984
2017-02-17,121.79306030273438
2017-02-21,122.39354705810547
2017-02-22,122.4404525756836
2017-02-23,121.98072814941406
2017-02-24,122.21526336669922
2017-02-27,122.36540222167969
2017-02-28,121.99009704589844
2017-03-01,123.3223876953125
2017-03-02,122.70317077636719
2017-03-03,122.92833709716797
2017-03-06,122.65623474121094
2017-03-07,122.4498291015625
2017-03-08,122.66560363769531
2017-03-09,122.75942993164062
2017-03-10,123.27548217773438
2017-03-13,123.48187255859375
2017-03-14,123.18164825439453
2017-03-15,123.94164276123047
2017-03-16,123.857177734375
2017-03-17,123.81391906738281
2017-03-20,123.92675018310547
2017-03-21,122.04637908935547
2017-03-22,122.87374877929688
2017-03-23,122.56346130371094
2017-03-24,122.8173599243164
2017-03-27,123.0147705078125
2017-03-28,123.76691436767578
2017-03-29,124.3404541015625
2017-03-30,124.54730987548828
2017-03-31,124.46269226074219
2017-04-03,124.38744354248047
2017-04-04,124.58490753173828
2017-04-05,124.07722473144531
2017-04-06,124.14299011230469
2017-04-07,124.07722473144531
2017-04-10,124.12421417236328
2017-04-11,123.58830261230469
2017-04-12,123.08999633789062
2017-04-13,122.60105895996094
2017-04-17,123.61648559570312
2017-04-18,123.428466796875
2017-04-19,123.62591552734375
2017-04-20,124.6601333618164
2017-04-21,124.63191986083984
2017-04-24,126.13618469238281
2017-04-25,127.04824829101562
2017-04-26,126.86956787109375
2017-04-27,127.63114929199219
2017-04-28,127.85677337646484
2017-05-01,128.994384765625
2017-05-02,129.21066284179688
2017-05-03,128.79696655273438
2017-05-04,128.84396362304688
2017-05-05,129.3140106201172
2017-05-08,129.59616088867188
2017-05-09,130.04736328125
2017-05-10,130.12261962890625
2017-05-11,130.0191650390625
2017-05-12,130.31069946289062
2017-05-15,130.72434997558594
2017-05-16,131.26968383789062
2017-05-17,127.93196105957031
2017-05-18,129.05076599121094
2017-05-19,129.59616088867188
2017-05-22,130.68673706054688
2017-05-23,130.818359375
2017-05-24,131.4200897216797
2017-05-25,132.53897094726562
2017-05-26,132.7739715576172
2017-05-30,132.88674926757812
2017-05-31,132.83975219726562
2017-06-01,133.35691833496094
2017-06-02,134.87998962402344
2017-06-05,134.85183715820312
2017-06-06,134.31594848632812
2017-06-07,134.84239196777344
2017-06-08,134.98341369628906
2017-06-09,131.6081085205078
2017-06-12,130.90298461914062
2017-06-13,131.9653778076172
2017-06-14,131.39187622070312
2017-06-15,130.8089599609375
2017-06-16,130.24147033691406
2017-06-19,132.41921997070312
2017-06-20,131.38217163085938
2017-06-21,132.6831817626953
2017-06-22,132.64549255371094
2017-06-23,133.15455627441406
2017-06-26,132.53236389160156
2017-06-27,130.12828063964844
2017-06-28,132.00436401367188
2017-06-29,129.7134552001953
2017-06-30,129.7606201171875
2017-07-03,128.3936309814453
2017-07-05,129.65689086914062
2017-07-06,128.48789978027344
2017-07-07,129.87374877929688
2017-07-10,130.72225952148438
2017-07-11,131.0899658203125
2017-07-12,132.64549255371094
2017-07-13,132.9376983642578
2017-07-14,133.98414611816406
2017-07-17,134.05010986328125
2017-07-18,134.9457550048828
2017-07-19,135.7376708984375
2017-07-20,135.9168243408203
2017-07-21,135.86021423339844
2017-07-24,136.48248291015625
2017-07-25,136.13363647460938
2017-07-26,136.5767364501953
2017-07-27,135.7188720703125
2017-07-28,135.60568237304688
2017-07-31,135.03062438964844
2017-08-01,135.3416748046875
2017-08-02,135.70936584472656
2017-08-03,135.18150329589844
2017-08-04,135.4266357421875
2017-08-07,136.2845458984375
2017-08-08,136.04879760742188
2017-08-09,135.8697052001953
2017-08-10,132.9565887451172
2017-08-11,133.9652862548828
2017-08-14,135.6905517578125
2017-08-15,135.7848663330078
2017-08-16,136.02044677734375
2017-08-17,133.23944091796875
2017-08-18,133.14515686035156
2017-08-21,132.97540283203125
2017-08-22,135.0023193359375
2017-08-23,134.5215301513672
2017-08-24,134.12557983398438
2017-08-25,133.84275817871094
2017-08-28,134.2576141357422
2017-08-29,134.78550720214844
2017-08-30,136.3693389892578
2017-08-31,137.8306121826172
2017-09-01,137.64202880859375
2017-09-05,136.406982421875
2017-09-06,136.82186889648438
2017-09-07,137.1423797607422
2017-09-08,135.9545135498047
2017-09-11,137.5194854736328
2017-09-12,137.8494415283203
2017-09-13,138.0380096435547
2017-09-14,137.2272491455078
2017-09-15,137.69859313964844
2017-09-18,137.5181884765625
2017-09-19,137.75436401367188
2017-09-20,137.32916259765625
2017-09-21,136.4883575439453
2017-09-22,136.35606384277344
2017-09-25,134.91989135742188
2017-09-26,135.26950073242188
2017-09-27,136.4883575439453
2017-09-28,136.44102478027344
2017-09-29,137.42367553710938
2017-10-02,137.5464630126953
2017-10-03,137.83937072753906
2017-10-04,137.97164916992188
2017-10-05,139.32275390625
2017-10-06,139.51170349121094
2017-10-09,139.35105895996094
2017-10-10,139.4550323486328
2017-10-11,139.87074279785156
2017-10-12,139.6156768798828
2017-10-13,140.15420532226562
2017-10-16,140.63604736328125
2017-10-17,140.81552124023438
2017-10-18,140.6455078125
2017-10-19,140.12582397460938
2017-10-20,140.50376892089844
2017-10-23,139.58734130859375
2017-10-24,139.82351684570312
2017-10-25,139.29441833496094
2017-10-26,138.85032653808594
2017-10-27,142.89419555664062
2017-10-30,143.21542358398438
2017-10-31,143.75396728515625
2017-11-01,143.70672607421875
2017-11-02,143.43270874023438
2017-11-03,144.81214904785156
2017-11-06,145.30340576171875
2017-11-07,145.3884735107422
2017-11-08,145.9743194580078
2017-11-09,145.2089385986328
2017-11-10,145.1995086669922
2017-11-13,145.37904357910156
2017-11-14,144.8498992919922
2017-11-15,144.16966247558594
2017-11-16,146.0120391845703
2017-11-17,145.45460510253906
2017-11-20,145.34124755859375
2017-11-21,146.91908264160156
2017-11-22,147.09861755371094
2017-11-24,147.63719177246094
2017-11-27,147.57102966308594
2017-11-28,147.94891357421875
2017-11-29,145.36962890625
2017-11-30,146.58837890625
2017-12-01,145.96484375
2017-12-04,144.2830352783203
2017-12-05,144.37754821777344
2017-12-06,145.02947998046875
2017-12-07,145.520751953125
2017-12-08,146.16326904296875
2017-12-11,147.29698181152344
2017-12-12,147.09861755371094
2017-12-13,147.382080078125
2017-12-14,147.2781524658203
2017-12-15,148.95045471191406
2017-12-18,150.19927978515625
2017-12-19,149.30926513671875
2017-12-20,149.14837646484375
2017-12-21,149.16726684570312
2017-12-22,148.996826171875
2017-12-26,148.19207763671875
2017-12-27,148.21099853515625
2017-12-28,148.39085388183594
2017-12-29,147.47251892089844
2018-01-02,150.05731201171875
2018-01-03,151.51531982421875
2018-01-04,151.7804412841797
2018-01-05,153.3047332763672
2018-01-08,153.90122985839844
2018-01-09,153.91067504882812
2018-01-10,153.55093383789062
2018-01-11,154.60186767578125
2018-01-12,155.73800659179688
2018-01-16,155.2930145263672
2018-01-17,156.96884155273438
2018-01-18,156.99720764160156
2018-01-19,157.48953247070312
2018-01-22,159.1748809814453
2018-01-23,160.49087524414062
2018-01-24,159.44947814941406
2018-01-25,159.39263916015625
2018-01-26,161.8353729248047
2018-01-29,161.04949951171875
2018-01-30,159.72402954101562
2018-01-31,160.38668823242188
2018-02-01,159.02340698242188
2018-02-02,155.8516082763672
2018-02-05,149.70693969726562
2018-02-06,153.6739501953125
2018-02-07,151.6857452392578
2018-02-08,145.285400390625
2018-02-09,147.79444885253906
2018-02-12,150.4170684814453
2018-02-13,151.19338989257812
2018-02-14,154.0242919921875
2018-02-15,156.8835906982422
2018-02-16,156.1830291748047
2018-02-20,156.4954071044922
2018-02-21,156.0504150390625
2018-02-22,156.0315399169922
2018-02-23,159.2222137451172
2018-02-26,161.33355712890625
2018-02-27,159.3358154296875
2018-02-28,158.31326293945312
2018-03-01,155.7285614013672
2018-03-02,157.15818786621094
2018-03-05,158.90029907226562
2018-03-06,159.57257080078125
2018-03-07,159.9417266845703
2018-03-08,160.82228088378906
2018-03-09,163.9467010498047
2018-03-12,164.8176727294922
2018-03-13,162.57388305664062
2018-03-14,162.5454864501953
2018-03-15,162.40341186523438
2018-03-16,161.9205322265625
2018-03-19,158.46583557128906
2018-03-20,158.9873504638672
2018-03-21,158.29510498046875
2018-03-22,154.38804626464844
2018-03-23,150.31964111328125
2018-03-26,155.90530395507812
2018-03-27,150.8601837158203
2018-03-28,149.12474060058594
2018-03-29,151.85592651367188
2018-04-02,147.47463989257812
2018-04-03,149.13421630859375
2018-04-04,151.4861297607422
2018-04-05,152.34909057617188
2018-04-06,148.5368194580078
2018-04-09,149.5799560546875
2018-04-10,152.88015747070312
2018-04-11,151.9982147216797
2018-04-12,153.82847595214844
2018-04-13,153.03182983398438
2018-04-16,154.19833374023438
2018-04-17,157.5175018310547
2018-04-18,157.83993530273438
2018-04-19,156.38897705078125
2018-04-20,153.91384887695312
2018-04-23,153.52496337890625
2018-04-24,150.27224731445312
2018-04-25,150.45240783691406
2018-04-26,153.61981201171875
2018-04-27,153.71466064453125
2018-04-30,152.6240692138672
2018-05-01,154.36903381347656
2018-05-02,153.45864868164062
2018-05-03,153.439697265625
2018-05-04,156.35098266601562
2018-05-07,157.65025329589844
2018-05-08,157.48902893066406
2018-05-09,159.20545959472656
2018-05-10,160.85560607910156
2018-05-11,160.703857421875
2018-05-14,160.97879028320312
2018-05-15,159.19601440429688
2018-05-16,160.24867248535156
2018-05-17,159.63221740722656
2018-05-18,158.80722045898438
2018-05-21,159.69863891601562
2018-05-22,159.489990234375
2018-05-23,160.83663940429688
2018-05-24,160.78919982910156
2018-05-25,160.950439453125
2018-05-29,160.23916625976562
2018-05-30,161.3866729736328
2018-05-31,161.28231811523438
2018-06-01,163.8143768310547
2018-06-04,165.2937469482422
2018-06-05,165.8058319091797
2018-06-06,166.7731475830078
2018-06-07,165.41708374023438
2018-06-08,165.42654418945312
2018-06-11,165.8722381591797
2018-06-12,166.7447052001953
2018-06-13,166.73524475097656
2018-06-14,168.42327880859375
2018-06-15,167.8353271484375
2018-06-18,167.7383270263672
2018-06-19,167.26316833496094
2018-06-20,168.45111083984375
2018-06-21,166.98756408691406
2018-06-22,166.61688232421875
2018-06-25,162.86300659179688
2018-06-26,163.52825927734375
2018-06-27,161.30438232421875
2018-06-28,162.69192504882812
2018-06-29,163.1291046142578
2018-07-02,164.22201538085938
2018-07-03,162.32130432128906
2018-07-05,164.33607482910156
2018-07-06,166.8925018310547
2018-07-09,168.3940887451172
2018-07-10,168.5176544189453
2018-07-11,167.66232299804688
2018-07-12,170.55142211914062
2018-07-13,170.6940155029297
2018-07-16,170.2852783203125
2018-07-17,171.3212127685547
2018-07-18,170.99810791015625
2018-07-19,170.1427764892578
2018-07-20,170.10472106933594
2018-07-23,170.6464385986328
2018-07-24,171.34971618652344
2018-07-25,173.74462890625
2018-07-26,171.11209106445312
2018-07-27,168.80279541015625
2018-07-30,166.41737365722656
2018-07-31,167.69082641601562
2018-08-01,168.3275146484375
2018-08-02,170.6179656982422
2018-08-03,171.14064025878906
2018-08-06,172.1479949951172
2018-08-07,172.7752685546875
2018-08-08,172.98434448242188
2018-08-09,172.8798065185547
2018-08-10,171.55880737304688
2018-08-13,171.36875915527344
2018-08-14,172.442626953125
2018-08-15,170.3328094482422
2018-08-16,170.89356994628906
2018-08-17,170.9315185546875
2018-08-20,170.77947998046875
2018-08-21,171.40673828125
2018-08-22,172.0719757080078
2018-08-23,171.82489013671875
2018-08-24,173.42149353027344
2018-08-27,175.1891632080078
2018-08-28,175.44573974609375
2018-08-29,177.4700164794922
2018-08-30,177.15643310546875
2018-08-31,177.38449096679688
2018-09-04,176.62420654296875
2018-09-05,174.34339904785156
2018-09-06,172.78472900390625
2018-09-07,172.11949157714844
2018-09-10,172.69923400878906
2018-09-11,174.02972412109375
2018-09-12,173.51651000976562
2018-09-13,175.36968994140625
2018-09-14,174.85650634765625
2018-09-17,172.33810424804688
2018-09-18,173.7635955810547
2018-09-19,173.63058471679688
2018-09-20,175.55035400390625
2018-09-21,174.5904083251953
2018-09-24,175.0760040283203
2018-09-25,175.31399536132812
2018-09-26,175.43777465820312
2018-09-27,176.92300415039062
2018-09-28,176.8848876953125
2018-10-01,177.2467041015625
2018-10-02,176.84683227539062
2018-10-03,177.0372772216797
2018-10-04,173.63841247558594
2018-10-05,171.51524353027344
2018-10-08,170.468017578125
2018-10-09,171.0201416015625
2018-10-10,163.4988555908203
2018-10-11,161.47093200683594
2018-10-12,165.9646759033203
2018-10-15,163.95584106445312
2018-10-16,168.72564697265625
2018-10-17,168.7923583984375
2018-10-18,164.87930297851562
2018-10-19,164.72698974609375
2018-10-22,165.57440185546875
2018-10-23,164.9649658203125
2018-10-24,157.4151153564453
2018-10-25,162.8609619140625
2018-10-26,158.6717987060547
2018-10-29,155.40621948242188
2018-10-30,157.96728515625
2018-10-31,161.6803741455078
2018-11-01,163.81300354003906
2018-11-02,161.26148986816406
2018-11-05,160.861572265625
2018-11-06,162.0802459716797
2018-11-07,167.16427612304688
2018-11-08,166.0979766845703
2018-11-09,163.2989044189453
2018-11-12,158.357666015625
2018-11-13,158.4908905029297
2018-11-14,157.2818145751953
2018-11-15,160.03330993652344
2018-11-16,159.4715576171875
2018-11-19,154.29232788085938
2018-11-20,151.53135681152344
2018-11-21,152.6833038330078
2018-11-23,151.57888793945312
2018-11-26,155.08251953125
2018-11-27,155.60618591308594
2018-11-28,160.6140899658203
2018-11-29,160.09042358398438
2018-11-30,161.25193786621094
2018-12-03,164.07009887695312
2018-12-04,157.77691650390625
2018-12-06,158.890869140625
2018-12-07,153.64488220214844
2018-12-10,155.25389099121094
2018-12-11,155.76803588867188
2018-12-12,157.13902282714844
2018-12-13,157.18663024902344
2018-12-14,153.35928344726562
2018-12-17,149.88421630859375
2018-12-18,150.82679748535156
2018-12-19,147.12322998046875
2018-12-20,144.99061584472656
2018-12-21,140.496826171875
2018-12-24,137.01278686523438
2018-12-26,145.5677947998047
2018-12-27,146.13107299804688
2018-12-28,146.05462646484375
2018-12-31,147.28634643554688
2019-01-02,147.87832641601562
2019-01-03,143.04708862304688
2019-01-04,149.16729736328125
2019-01-07,150.94326782226562
2019-01-08,152.30862426757812
2019-01-09,153.54981994628906
2019-01-10,153.98902893066406
2019-01-11,153.42572021484375
2019-01-14,152.06991577148438
2019-01-15,155.039306640625
2019-01-16,155.01063537597656
2019-01-17,156.23280334472656
2019-01-18,157.77952575683594
2019-01-22,154.619140625
2019-01-23,154.81971740722656
2019-01-24,155.822265625
2019-01-25,157.68406677246094
2019-01-28,155.7362823486328
2019-01-29,154.2659454345703
2019-01-30,158.19004821777344
2019-01-31,160.55801391601562
2019-02-01,159.8800811767578
2019-02-04,161.8660430908203
2019-02-05,163.29824829101562
2019-02-06,162.81129455566406
2019-02-07,160.6248321533203
2019-02-08,160.93988037109375
2019-02-11,160.78712463378906
2019-02-12,163.1645965576172
2019-02-13,163.27915954589844
2019-02-14,163.47967529296875
2019-02-15,164.16709899902344
2019-02-19,164.49176025390625
2019-02-20,164.46311950683594
2019-02-21,163.861572265625
2019-02-22,165.07418823242188
2019-02-25,165.67568969726562
2019-02-26,165.84754943847656
2019-02-27,165.7425079345703
2019-02-28,165.36061096191406
2019-03-01,166.50633239746094
2019-03-04,166.53501892089844
2019-03-05,166.65911865234375
2019-03-06,165.7138671875
2019-03-07,163.68016052246094
2019-03-08,163.4319305419922
2019-03-11,166.83099365234375
2019-03-12,167.74758911132812
2019-03-13,169.00791931152344
2019-03-14,168.7214813232422
2019-03-15,170.2873077392578
2019-03-18,170.69290161132812
2019-03-19,171.26683044433594
2019-03-20,171.94593811035156
2019-03-21,174.63381958007812
2019-03-22,170.798095703125
2019-03-25,170.47288513183594
2019-03-26,171.26683044433594
2019-03-27,170.16680908203125
2019-03-28,170.55899047851562
2019-03-29,171.85028076171875
2019-04-01,174.12681579589844
2019-04-02,174.78684997558594
2019-04-03,175.79119873046875
2019-04-04,175.72422790527344
2019-04-05,176.63296508789062
2019-04-08,177.08250427246094
2019-04-09,176.4607696533203
2019-04-10,177.40774536132812
2019-04-11,176.98683166503906
2019-04-12,177.7521209716797
2019-04-15,177.78079223632812
2019-04-16,178.39295959472656
2019-04-17,179.01470947265625
2019-04-18,179.24427795410156
2019-04-22,179.75125122070312
2019-04-23,182.03732299804688
2019-04-24,181.46343994140625
2019-04-25,182.19996643066406
2019-04-26,182.36257934570312
2019-04-29,182.7165069580078
2019-04-30,181.30084228515625
2019-05-01,180.71734619140625
2019-05-02,179.93301391601562
2019-05-03,182.8025665283203
2019-05-06,181.68345642089844
2019-05-07,178.14427185058594
2019-05-08,177.69471740722656
2019-05-09,176.73822021484375
2019-05-10,176.9581756591797
2019-05-13,170.81723022460938
2019-05-14,172.6920623779297
2019-05-15,175.13119506835938
2019-05-16,176.89122009277344
2019-05-17,175.08335876464844
2019-05-20,172.12770080566406
2019-05-21,173.9259490966797
2019-05-22,173.15118408203125
2019-05-23,170.50155639648438
2019-05-24,170.41551208496094
2019-05-28,169.77462768554688
2019-05-29,168.37811279296875
2019-05-30,169.08592224121094
2019-05-31,166.38853454589844
2019-06-03,162.72499084472656
2019-06-04,167.3067626953125
2019-06-05,168.55030822753906
2019-06-06,169.88938903808594
2019-06-07,173.1703643798828
2019-06-10,175.18858337402344
2019-06-11,175.42776489257812
2019-06-12,174.41378784179688
2019-06-13,175.44683837890625
2019-06-14,174.7007598876953
2019-06-17,175.75296020507812
2019-06-18,178.30691528320312
2019-06-19,178.97645568847656
2019-06-20,180.64083862304688
2019-06-21,180.37298583984375
2019-06-24,180.3787841796875
2019-06-25,177.28233337402344
2019-06-26,178.10675048828125
2019-06-27,178.78741455078125
2019-06-28,179.0174560546875
2019-07-01,181.43324279785156
2019-07-02,182.15223693847656
2019-07-03,183.52310180664062
2019-07-05,183.1492156982422
2019-07-08,181.86460876464844
2019-07-09,182.7753448486328
2019-07-10,184.59678649902344
2019-07-11,184.46258544921875
2019-07-12,185.5266876220703
2019-07-15,186.12103271484375
2019-07-16,185.16241455078125
2019-07-17,184.2516326904297
2019-07-18,184.46258544921875
2019-07-19,183.1108856201172
2019-07-22,184.56800842285156
2019-07-23,185.7759246826172
2019-07-24,187.07968139648438
2019-07-25,185.30616760253906
2019-07-26,187.21388244628906
2019-07-29,186.5716094970703
2019-07-30,185.76632690429688
2019-07-31,183.19715881347656
2019-08-01,182.28646850585938
2019-08-02,179.60226440429688
2019-08-05,173.25601196289062
2019-08-06,175.6813201904297
2019-08-07,176.63043212890625
2019-08-08,180.47457885742188
2019-08-09,178.77780151367188
2019-08-12,176.72630310058594
2019-08-13,180.5991973876953
2019-08-14,175.20204162597656
2019-08-15,175.00071716308594
2019-08-16,177.8095245361328
2019-08-19,180.63754272460938
2019-08-20,179.23794555664062
2019-08-21,180.8292999267578
2019-08-22,180.2445831298828
2019-08-23,174.5406494140625
2019-08-26,177.17684936523438
2019-08-27,176.80299377441406
2019-08-28,177.4357147216797
2019-08-29,180.14866638183594
2019-08-30,179.71726989746094
2019-09-03,177.97256469726562
2019-09-04,180.54165649414062
2019-09-05,183.8490447998047
2019-09-06,183.66688537597656
2019-09-09,183.283447265625
2019-09-10,182.75619506835938
2019-09-11,184.4721221923828
2019-09-12,185.2390594482422
2019-09-13,184.5775909423828
2019-09-16,183.75314331054688
2019-09-17,184.63514709472656
2019-09-18,184.55848693847656
2019-09-19,184.86521911621094
2019-09-20,182.90957641601562
2019-09-23,182.99024963378906
2019-09-24,180.5599822998047
2019-09-25,182.5867919921875
2019-09-26,181.91441345214844
2019-09-27,179.6570587158203
2019-09-30,181.36683654785156
2019-10-01,179.8875274658203
2019-10-02,176.79454040527344
2019-10-03,178.7349090576172
2019-10-04,181.36683654785156
2019-10-07,180.8193359375
2019-10-08,178.11050415039062
2019-10-09,179.84912109375
2019-10-10,181.24200439453125
2019-10-11,183.5762176513672
2019-10-14,183.55699157714844
2019-10-15,185.89122009277344
2019-10-16,185.43011474609375
2019-10-17,185.9200439453125
2019-10-18,184.1333770751953
2019-10-21,185.76632690429688
2019-10-22,184.28704833984375
2019-10-23,184.6424560546875
2019-10-24,186.43869018554688
2019-10-25,187.92762756347656
2019-10-28,189.7815399169922
2019-10-29,188.3118438720703
2019-10-30,189.2244110107422
2019-10-31,189.3108673095703
2019-11-01,191.03033447265625
2019-11-04,192.21180725097656
2019-11-05,192.31744384765625
2019-11-06,191.8852081298828
2019-11-07,192.52877807617188
2019-11-08,193.2972412109375
2019-11-11,193.0379180908203
2019-11-12,193.59500122070312
2019-11-13,193.6431121826172
2019-11-14,193.4893341064453
2019-11-15,194.91104125976562
2019-11-18,195.06472778320312
2019-11-19,195.35289001464844
2019-11-20,194.18099975585938
2019-11-21,193.74874877929688
2019-11-22,193.87364196777344
2019-11-25,196.16940307617188
2019-11-26,196.54400634765625
2019-11-27,197.91763305664062
2019-11-29,197.0147247314453
2019-12-02,194.99745178222656
2019-12-03,193.47019958496094
2019-12-04,194.44993591308594
2019-12-05,194.83419799804688
2019-12-06,196.91860961914062
2019-12-09,196.02528381347656
2019-12-10,195.86204528808594
2019-12-11,196.8994140625
2019-12-12,198.369140625
2019-12-13,199.0222625732422
2019-12-16,201.02032470703125
2019-12-17,201.1356201171875
2019-12-18,201.289306640625
2019-12-19,202.54766845703125
2019-12-20,203.36415100097656
2019-12-23,203.9012908935547
2019-12-24,204.00718688964844
2019-12-26,205.80738830566406
2019-12-27,205.6340789794922
2019-12-30,204.28636169433594
2019-12-31,204.67141723632812
2020-01-02,208.08889770507812
2020-01-03,206.18276977539062
2020-01-06,207.51126098632812
2020-01-07,207.48236083984375
2020-01-08,209.04188537597656
2020-01-09,210.81317138671875
2020-01-10,210.27410888671875
2020-01-13,212.69998168945312
2020-01-14,211.86248779296875
2020-01-15,211.94912719726562
2020-01-16,213.9803466796875
2020-01-17,215.03927612304688
2020-01-21,214.9430389404297
2020-01-22,215.510986328125
2020-01-23,216.20411682128906
2020-01-24,214.38465881347656
2020-01-27,209.9564208984375
2020-01-28,213.1813507080078
2020-01-29,213.52789306640625
2020-01-30,214.28842163085938
2020-01-31,210.89027404785156
2020-02-03,214.07662963867188
2020-02-04,218.97657775878906
2020-02-05,219.69854736328125
2020-02-06,221.59503173828125
2020-02-07,220.6419677734375
2020-02-10,223.3085479736328
2020-02-11,223.34703063964844
2020-02-12,225.52267456054688
2020-02-13,225.23388671875
2020-02-14,225.8788604736328
2020-02-18,225.96548461914062
2020-02-19,228.13150024414062
2020-02-20,226.0135955810547
2020-02-21,221.67202758789062
2020-02-24,213.12359619140625
2020-02-25,207.32835388183594
2020-02-26,208.3969268798828
2020-02-27,197.961669921875
2020-02-28,198.11569213867188
2020-03-02,208.33914184570312
2020-03-03,201.6582794189453
2020-03-04,210.0719757080078
2020-03-05,203.68954467773438
2020-03-06,200.25283813476562
2020-03-09,186.3423614501953
2020-03-10,196.4888153076172
2020-03-11,187.9307403564453
2020-03-12,170.6990966796875
2020-03-13,185.15829467773438
2020-03-16,162.9785614013672
2020-03-17,175.33909606933594
2020-03-18,170.00599670410156
2020-03-19,171.0264129638672
2020-03-20,164.32627868652344
2020-03-23,164.44491577148438
2020-03-24,177.17913818359375
2020-03-25,175.86712646484375
2020-03-26,185.12838745117188
2020-03-27,178.7613067626953
2020-03-30,185.26344299316406
2020-03-31,183.68133544921875
2020-04-01,175.87672424316406
2020-04-02,179.44619750976562
2020-04-03,176.89935302734375
2020-04-06,189.54673767089844
2020-04-07,189.46954345703125
2020-04-08,193.49246215820312
2020-04-09,193.77220153808594
2020-04-13,195.86563110351562
2020-04-14,204.38404846191406
2020-04-15,202.03976440429688
2020-04-16,205.72499084472656
2020-04-17,207.69305419921875
2020-04-20,205.23300170898438
2020-04-21,197.6599884033203
2020-04-22,203.52545166015625
2020-04-23,203.09132385253906
2020-04-24,206.29417419433594
2020-04-27,207.95350646972656
2020-04-28,204.03672790527344
2020-04-29,211.2720947265625
2020-04-30,211.18527221679688
2020-05-01,205.23300170898438
2020-05-04,207.62548828125
2020-05-05,209.97938537597656
2020-05-06,211.2720947265625
2020-05-07,213.99258422851562
2020-05-08,216.92532348632812
2020-05-11,218.86434936523438
2020-05-12,214.28204345703125
2020-05-13,211.60009765625
2020-05-14,214.00225830078125
2020-05-15,215.39144897460938
2020-05-18,219.40464782714844
2020-05-19,218.85475158691406
2020-05-20,223.22491455078125
2020-05-21,220.79380798339844
2020-05-22,221.55596923828125
2020-05-26,220.9578094482422
2020-05-27,222.16366577148438
2020-05-28,221.87429809570312
2020-05-29,225.12535095214844
2020-06-01,225.80068969726562
2020-06-02,227.3152618408203
2020-06-03,228.33786010742188
2020-06-04,226.73641967773438
2020-06-05,231.23199462890625
2020-06-08,233.0263214111328
2020-06-09,234.71466064453125
2020-06-10,237.53164672851562
2020-06-11,225.76210021972656
2020-06-12,227.55648803710938
2020-06-15,230.3251953125
2020-06-16,234.28050231933594
2020-06-17,235.02334594726562
2020-06-18,235.66004943847656
2020-06-19,235.6214141845703
2020-06-22,238.44715881347656
2020-06-23,240.4766082763672
2020-06-24,235.51902770996094
2020-06-25,237.76101684570312
2020-06-26,232.14630126953125
2020-06-29,234.67822265625
2020-06-30,239.2782440185547
2020-07-01,242.07113647460938
2020-07-02,243.71401977539062
2020-07-06,249.70559692382812
2020-07-07,247.98541259765625
2020-07-08,251.25186157226562
2020-07-09,253.36819458007812
2020-07-10,255.0980224609375
2020-07-13,249.85057067871094
2020-07-14,251.6190643310547
2020-07-15,252.1312713623047
2020-07-16,250.41110229492188
2020-07-17,250.7009735107422
2020-07-20,257.8136291503906
2020-07-21,255.12709045410156
2020-07-22,256.0257568359375
2020-07-23,249.33839416503906
2020-07-24,246.970703125
2020-07-27,251.3775177001953
2020-07-28,248.17874145507812
2020-07-29,251.0391845703125
2020-07-30,252.3535614013672
2020-07-31,256.8569030761719
2020-08-03,260.32635498046875
2020-08-04,261.2926330566406
2020-08-05,261.9400939941406
2020-08-06,265.4094543457031
2020-08-07,262.3460693359375
2020-08-10,261.2250061035156
2020-08-11,256.2770690917969
2020-08-12,262.7227783203125
2020-08-13,263.32208251953125
2020-08-14,263.0129089355469
2020-08-17,266.066650390625
2020-08-18,268.62762451171875
2020-08-19,266.82049560546875
2020-08-20,270.52166748046875
2020-08-21,272.39642333984375
2020-08-24,274.0973815917969
2020-08-25,276.2523193359375
2020-08-26,282.1473388671875
2020-08-27,281.2679443359375
2020-08-28,282.6982421875
2020-08-31,284.9692077636719
2020-09-01,289.83984375
2020-09-02,292.58441162109375
2020-09-03,277.75030517578125
2020-09-04,274.0489501953125
2020-09-08,260.8771057128906
2020-09-09,268.5405578613281
2020-09-10,263.1866760253906
2020-09-11,261.3602294921875
2020-09-14,265.9119873046875
2020-09-15,269.6808776855469
2020-09-16,265.3805236816406
2020-09-17,261.23468017578125
2020-09-18,257.9005432128906
2020-09-21,258.5190734863281
2020-09-22,263.32208251953125
2020-09-23,255.28172302246094
2020-09-24,256.4703674316406
2020-09-25,262.4329528808594
2020-09-28,267.8833923339844
2020-09-29,266.6754150390625
2020-09-30,268.5018310546875
2020-10-01,272.76373291015625
2020-10-02,265.0905456542969
2020-10-05,270.7439880371094
2020-10-06,265.9119873046875
2020-10-07,270.51202392578125
2020-10-08,271.951904296875
2020-10-09,276.107421875
2020-10-12,284.63092041015625
2020-10-13,284.6213684082031
2020-10-14,282.2439270019531
2020-10-15,280.34991455078125
2020-10-16,278.8133239746094
2020-10-19,274.26165771484375
2020-10-20,274.85113525390625
2020-10-21,274.638427734375
2020-10-22,274.6288757324219
2020-10-23,275.1700439453125
2020-10-26,271.04351806640625
2020-10-27,273.1599426269531
2020-10-28,262.5103454589844
2020-10-29,267.1006774902344
2020-10-30,260.32635498046875
2020-11-02,260.9061279296875
2020-11-03,265.41912841796875
2020-11-04,277.2671203613281
2020-11-05,284.4956359863281
2020-11-06,284.7082214355469
2020-11-09,278.8905944824219
2020-11-10,273.8943786621094
2020-11-11,280.02130126953125
2020-11-12,278.70703125
2020-11-13,281.1519470214844
2020-11-16,283.34576416015625
2020-11-17,282.4468994140625
2020-11-18,280.3594970703125
2020-11-19,282.5531921386719
2020-11-20,280.62042236328125
2020-11-23,280.6301574707031
2020-11-24,284.572998046875
2020-11-25,286.3221130371094
2020-11-27,288.96038818359375
2020-11-30,289.5499572753906
2020-12-01,293.26092529296875
2020-12-02,293.63775634765625
2020-12-03,294.0532531738281
2020-12-04,295.2516174316406
2020-12-07,296.9234924316406
2020-12-08,297.9285583496094
2020-12-09,291.1829833984375
2020-12-10,292.35247802734375
2020-12-11,291.70501708984375
2020-12-14,293.8213806152344
2020-12-15,296.9621276855469
2020-12-16,298.5953063964844
2020-12-17,300.54742431640625
2020-12-18,299.63897705078125
2020-12-21,299.0784912109375
2020-12-22,299.8917541503906
2020-12-23,298.38140869140625
2020-12-24,299.6980895996094
2020-12-28,302.7186584472656
2020-12-29,302.9897155761719
2020-12-30,302.99945068359375
2020-12-31,303.7449035644531
2021-01-04,299.4560241699219
2021-01-05,301.9248352050781
2021-01-06,297.7424621582031
2021-01-07,304.9454345703125
2021-01-08,308.8663330078125
2021-01-11,304.4032287597656
2021-01-12,303.919189453125
2021-01-13,305.9715576171875
2021-01-14,304.3354797363281
2021-01-15,301.9248352050781
2021-01-19,306.329833984375
2021-01-20,313.4553527832031
2021-01-21,315.9628601074219
2021-01-22,315.0528869628906
2021-01-25,317.6571350097656
2021-01-26,318.12176513671875
2021-01-27,309.2536315917969
2021-01-28,311.0833740234375
2021-01-29,304.5387268066406
2021-02-01,312.14837646484375
2021-02-02,317.2407531738281
2021-02-03,315.9822082519531
2021-02-04,319.7192077636719
2021-02-05,320.8035583496094
2021-02-08,322.95281982421875
2021-02-09,322.88507080078125
2021-02-10,322.1492919921875
2021-02-11,323.92095947265625
2021-02-12,325.7313537597656
2021-02-16,324.8504638671875
2021-02-17,323.2916259765625
2021-02-18,321.87823486328125
2021-02-19,320.47442626953125
2021-02-22,312.16778564453125
2021-02-23,311.23828125
2021-02-24,313.8038330078125
2021-02-25,302.8638916015625
2021-02-26,304.13214111328125
2021-03-01,313.28106689453125
2021-03-02,308.2564392089844
2021-03-03,299.3108825683594
2021-03-04,294.41204833984375
2021-03-05,298.84613037109375
2021-03-08,290.38446044921875
2021-03-09,301.837646484375
2021-03-10,300.97601318359375
2021-03-11,307.90789794921875
2021-03-12,305.4101257324219
2021-03-15,308.67279052734375
2021-03-16,310.36700439453125
2021-03-17,311.6449890136719
2021-03-18,302.0990905761719
2021-03-19,303.1639099121094
2021-03-22,308.84930419921875
2021-03-23,307.5019226074219
2021-03-24,302.31585693359375
2021-03-25,301.7923889160156
2021-03-26,306.31927490234375
2021-03-29,306.23211669921875
2021-03-30,304.690673828125
2021-03-31,309.3534240722656
2021-04-01,314.626708984375
2021-04-05,320.908203125
2021-04-06,320.68524169921875
2021-04-07,321.4608154296875
2021-04-08,324.81475830078125
2021-04-09,326.78253173828125
2021-04-12,326.3560791015625
2021-04-13,330.1656494140625
2021-04-14,326.2008972167969
2021-04-15,331.14471435546875
2021-04-16,331.532470703125
2021-04-19,328.49835205078125
2021-04-20,326.1041564941406
2021-04-21,328.89581298828125
2021-04-22,324.93115234375
2021-04-23,329.0218811035156
2021-04-26,331.1641540527344
2021-04-27,329.7294006347656
2021-04-28,328.6147155761719
2021-04-29,329.7972717285156
2021-04-30,327.6356201171875
2021-05-03,325.8907165527344
2021-05-04,320.0260314941406
2021-05-05,318.9500427246094
2021-05-06,321.3540954589844
2021-05-07,323.9617614746094
2021-05-10,315.78033447265625
2021-05-11,315.3440856933594
2021-05-12,307.1820983886719
2021-05-13,309.55694580078125
2021-05-14,316.3909606933594
2021-05-17,314.4716491699219
2021-05-18,312.3487243652344
2021-05-19,312.7074279785156
2021-05-20,318.7562561035156
2021-05-21,316.99200439453125
2021-05-24,322.3235168457031
2021-05-25,322.7694091796875
2021-05-26,323.8939208984375
2021-05-27,322.6822204589844
2021-05-28,323.69989013671875
2021-06-01,322.6239929199219
2021-06-02,323.254150390625
2021-06-03,319.89044189453125
2021-06-04,325.3188171386719
2021-06-07,326.2882385253906
2021-06-08,326.443359375
2021-06-09,326.52081298828125
2021-06-10,329.9233703613281
2021-06-11,330.78607177734375
2021-06-14,333.9559326171875
2021-06-15,331.77484130859375
2021-06-16,330.56317138671875
2021-06-17,334.7604675292969
2021-06-18,332.13348388671875
2021-06-21,334.1976318359375
2021-06-22,337.3130187988281
2021-06-23,337.4779052734375
2021-06-24,339.56451416015625
2021-06-25,339.147216796875
2021-06-28,343.27178955078125
2021-06-29,344.51397705078125
2021-06-30,343.9704895019531
2021-07-01,344.1064147949219
2021-07-02,348.0562438964844
2021-07-06,349.560546875
2021-07-07,350.2981262207031
2021-07-08,348.1824645996094
2021-07-09,350.3563232421875
2021-07-12,351.7247314453125
2021-07-13,351.7247314453125
2021-07-14,352.35552978515625
2021-07-15,349.8807678222656
2021-07-16,347.0469970703125
2021-07-19,344.2035217285156
2021-07-20,348.2018737792969
2021-07-21,350.8901062011719
2021-07-22,353.2095947265625
2021-07-23,357.3341064453125
2021-07-26,357.6156005859375
2021-07-27,353.6754150390625
2021-07-28,355.0340881347656
2021-07-29,355.6649475097656
2021-07-30,353.8113098144531
2021-08-02,353.8404846191406
2021-08-03,355.9852294921875
2021-08-04,356.4995422363281
2021-08-05,358.76080322265625
2021-08-06,357.1885986328125
2021-08-09,357.84857177734375
2021-08-10,356.0142517089844
2021-08-11,355.4028625488281
2021-08-12,356.6838684082031
2021-08-13,357.9359130859375
2021-08-16,358.09112548828125
2021-08-17,354.93707275390625
2021-08-18,351.5208740234375
2021-08-19,353.2193298339844
2021-08-20,356.87799072265625
2021-08-23,362.2157897949219
2021-08-24,363.32208251953125
2021-08-25,363.73944091796875
2021-08-26,361.42962646484375
2021-08-27,364.9429016113281
2021-08-30,369.0382385253906
2021-08-31,368.7374572753906
2021-09-01,369.3487854003906
2021-09-02,369.1741027832031
2021-09-03,370.3096008300781
2021-09-07,370.8336181640625
2021-09-08,369.5429382324219
2021-09-09,368.27154541015625
2021-09-10,365.4765930175781
2021-09-13,365.22418212890625
2021-09-14,364.1858215332031
2021-09-15,366.89349365234375
2021-09-16,367.14581298828125
2021-09-17,362.798095703125
2021-09-20,355.3014831542969
2021-09-21,355.7386169433594
2021-09-22,359.0614013671875
2021-09-23,362.37445068359375
2021-09-24,362.7144775390625
2021-09-27,359.8193054199219
2021-09-28,349.63720703125
2021-09-29,349.06390380859375
2021-09-30,347.781494140625
2021-10-01,349.9383850097656
2021-10-04,342.59332275390625
2021-10-05,347.2179870605469
2021-10-06,349.4429016113281
2021-10-07,352.6491394042969
2021-10-08,350.8905029296875
2021-10-11,348.1993103027344
2021-10-12,346.9848327636719
2021-10-13,349.7635192871094
2021-10-14,356.2049560546875
2021-10-15,358.4493408203125
2021-10-18,362.0538635253906
2021-10-19,364.79364013671875
2021-10-20,364.3175354003906
2021-10-21,366.54248046875
2021-10-22,363.4625549316406
2021-10-25,367.18365478515625
2021-10-26,368.33984375
2021-10-27,369.1948547363281
2021-10-28,373.2948913574219
2021-10-29,375.1310729980469
2021-11-01,376.41351318359375
2021-11-02,377.9874572753906
2021-11-03,382.0000305175781
2021-11-04,386.896728515625
2021-11-05,387.2658386230469
2021-11-08,386.7412414550781
2021-11-09,384.0792236328125
2021-11-10,378.43438720703125
2021-11-11,379.4837341308594
2021-11-12,383.47686767578125
2021-11-15,383.3893737792969
2021-11-16,386.1195068359375
2021-11-17,386.3235168457031
2021-11-18,390.32635498046875
2021-11-19,392.50262451171875
2021-11-22,387.9460144042969
2021-11-23,386.1778564453125
2021-11-24,387.42138671875
2021-11-26,380.076416015625
2021-11-29,388.32489013671875
2021-11-30,382.6218566894531
2021-12-01,376.1123352050781
2021-12-02,378.8230285644531
2021-12-03,372.2358093261719
2021-12-06,375.2184753417969
2021-12-07,386.517822265625
2021-12-08,388.2471008300781
2021-12-09,382.53448486328125
2021-12-10,386.69268798828125
2021-12-13,381.1061096191406
2021-12-14,377.16168212890625
2021-12-15,385.7599792480469
2021-12-16,375.84027099609375
2021-12-17,373.9651794433594
2021-12-20,370.337646484375
2021-12-21,378.6258544921875
2021-12-22,383.2369689941406
2021-12-23,386.12628173828125
2021-12-27,392.5079040527344
2021-12-28,390.68865966796875
2021-12-29,390.63037109375
2021-12-30,389.46295166015625
2021-12-31,387.031005859375
2022-01-03,390.75677490234375
2022-01-04,385.6884460449219
2022-01-05,373.83978271484375
2022-01-06,373.5769958496094
2022-01-07,369.53009033203125
2022-01-10,369.7733154296875
2022-01-11,375.328125
2022-01-12,376.8165283203125
2022-01-13,367.38995361328125
2022-01-14,369.6761169433594
2022-01-18,360.4732666015625
2022-01-19,356.5140380859375
2022-01-20,351.8835144042969
2022-01-21,342.1262512207031
2022-01-24,343.69244384765625
2022-01-25,335.72509765625
2022-01-26,335.1998291015625
2022-01-27,331.82427978515625
2022-01-28,342.2332763671875
2022-01-31,353.17724609375
2022-02-01,355.580078125
2022-02-02,358.46942138671875
2022-02-03,343.93560791015625
2022-02-04,348.2743835449219
2022-02-07,345.4726867675781
2022-02-08,349.3541564941406
2022-02-09,356.7572326660156
2022-02-10,348.6828918457031
2022-02-11,337.6221618652344
2022-02-14,338.0403747558594
2022-02-15,346.4454650878906
2022-02-16,346.3579406738281
2022-02-17,336.0558776855469
2022-02-18,332.22308349609375
2022-02-22,328.8863525390625
2022-02-23,320.4617919921875
2022-02-24,331.2308044433594
2022-02-25,336.3671569824219
2022-02-28,337.369140625
2022-03-01,332.2035217285156
2022-03-02,337.77783203125
2022-03-03,332.95263671875
2022-03-04,328.1275634765625
2022-03-07,316.02587890625
2022-03-08,314.5569152832031
2022-03-09,325.8803405761719
2022-03-10,322.2614440917969
2022-03-11,315.5782775878906
2022-03-14,309.5177917480469
2022-03-15,319.2263488769531
2022-03-16,331.0653991699219
2022-03-17,335.0733337402344
2022-03-18,341.931640625
2022-03-21,340.9809875488281
2022-03-22,347.6822204589844
2022-03-23,342.6855163574219
2022-03-24,350.3023376464844
2022-03-25,350.01007080078125
2022-03-28,355.4255676269531
2022-03-29,361.5423889160156
2022-03-30,357.54888916015625
2022-03-31,353.11712646484375
2022-04-01,352.4451599121094
2022-04-04,359.70147705078125
2022-04-05,351.714599609375
2022-04-06,344.07843017578125
2022-04-07,344.89654541015625
2022-04-08,340.0751953125
2022-04-11,332.0299377441406
2022-04-12,330.6273498535156
2022-04-13,337.3479309082031
2022-04-14,329.6337890625
2022-04-18,329.88702392578125
2022-04-19,337.2603454589844
2022-04-20,332.34149169921875
2022-04-21,325.4650573730469
2022-04-22,316.9424743652344
2022-04-25,321.01385498046875
2022-04-26,308.897216796875
2022-04-27,308.52703857421875
2022-04-28,319.484619140625
2022-04-29,305.1082458496094
2022-05-02,310.2023620605469
2022-05-03,310.5335693359375
2022-05-04,321.03338623046875
2022-05-05,304.8647155761719
2022-05-06,301.2122497558594
2022-05-09,289.4267883300781
2022-05-10,292.94293212890625
2022-05-11,284.2547912597656
2022-05-12,283.5826416015625
2022-05-13,294.0922546386719
2022-05-16,290.6831970214844
2022-05-17,298.2123718261719
2022-05-18,283.57293701171875
2022-05-19,282.0534362792969
2022-05-20,281.1769104003906
2022-05-23,285.8522033691406
2022-05-24,279.7742919921875
2022-05-25,283.6898498535156
2022-05-26,291.550048828125
2022-05-27,301.0661926269531
2022-05-31,300.2674865722656
2022-06-01,298.0467529296875
2022-06-02,306.20892333984375
2022-06-03,298.2414855957031
2022-06-06,299.23492431640625
2022-06-07,301.816162109375
2022-06-08,299.6441345214844
2022-06-09,291.6182861328125
2022-06-10,281.3326721191406
2022-06-13,268.2518005371094
2022-06-14,268.73883056640625
2022-06-15,275.4496765136719
2022-06-16,264.3363037109375
2022-06-17,267.5505065917969
2022-06-21,274.3006591796875
2022-06-22,273.90057373046875
2022-06-23,277.9797668457031
2022-06-24,287.5043640136719
2022-06-27,285.39642333984375
2022-06-28,276.70135498046875
2022-06-29,276.9550476074219
2022-06-30,273.5199890136719
2022-07-01,275.3253173828125
2022-07-05,280.0388488769531
2022-07-06,281.83447265625
2022-07-07,287.86541748046875
2022-07-08,288.2264709472656
2022-07-11,282.0686950683594
2022-07-12,279.33624267578125
2022-07-13,278.76043701171875
2022-07-14,279.7558288574219
2022-07-15,284.8304138183594
2022-07-18,282.4200134277344
2022-07-19,291.1053161621094
2022-07-20,295.7213439941406
2022-07-21,299.9663391113281
2022-07-22,294.7063903808594
2022-07-25,293.0278015136719
2022-07-26,287.2701110839844
2022-07-27,299.4100646972656
2022-07-28,302.33770751953125
2022-07-29,307.8514709472656
2022-08-01,307.6660461425781
2022-08-02,306.74871826171875
2022-08-03,315.1022644042969
2022-08-04,316.5758972167969
2022-08-05,313.9897766113281
2022-08-08,312.974853515625
2022-08-09,309.432373046875
2022-08-10,318.0689392089844
2022-08-11,316.2635498046875
2022-08-12,322.4214172363281
2022-08-15,325.0270080566406
2022-08-16,324.26580810546875
2022-08-17,320.56719970703125
2022-08-18,321.3381652832031
2022-08-19,315.072998046875
2022-08-22,306.7779846191406
2022-08-23,306.5242614746094
2022-08-24,307.412353515625
2022-08-25,312.84796142578125
2022-08-26,300.0248107910156
2022-08-29,297.06805419921875
2022-08-30,293.7596435546875
2022-08-31,292.0519714355469
2022-09-01,292.1788635253906
2022-09-02,288.0508728027344
2022-09-06,285.9819641113281
2022-09-07,291.7591552734375
2022-09-08,293.27178955078125
2022-09-09,299.6833190917969
2022-09-12,303.2452697753906
2022-09-13,286.6163330078125
2022-09-14,288.89007568359375
2022-09-15,284.0789489746094
2022-09-16,282.3419494628906
2022-09-19,284.5406799316406
2022-09-20,282.27252197265625
2022-09-21,277.2181091308594
2022-09-22,273.80621337890625
2022-09-23,269.3481750488281
2022-09-26,268.2336120605469
2022-09-27,268.3412780761719
2022-09-28,273.67913818359375
2022-09-29,265.7895812988281
2022-09-30,261.28265380859375
2022-10-03,267.4124450683594
2022-10-04,275.8201904296875
2022-10-05,275.67352294921875
2022-10-06,273.5032043457031
2022-10-07,263.0815734863281
2022-10-10,260.4517517089844
2022-10-11,256.8735656738281
2022-10-12,256.7855224609375
2022-10-13,262.8077697753906
2022-10-14,254.90850830078125
2022-10-17,263.3260192871094
2022-10-18,265.4083251953125
2022-10-19,264.4403991699219
2022-10-20,263.09130859375
2022-10-21,269.26019287109375
2022-10-24,272.22247314453125
2022-10-25,277.8536071777344
2022-10-26,271.7140808105469
2022-10-27,266.76727294921875
2022-10-28,274.9305114746094
2022-10-31,271.7336120605469
2022-11-01,268.9571228027344
2022-11-02,259.738037109375
2022-11-03,254.66412353515625
2022-11-04,258.7603454589844
2022-11-07,261.60528564453125
2022-11-08,263.5117492675781
2022-11-09,257.4308166503906
2022-11-10,276.4263000488281
2022-11-11,281.51971435546875
2022-11-14,279.05609130859375
2022-11-15,282.9177551269531
2022-11-16,279.05609130859375
2022-11-17,278.4402160644531
2022-11-18,278.4499816894531
2022-11-21,275.58544921875
2022-11-22,279.5546875
2022-11-23,282.3604431152344
2022-11-25,280.50299072265625
2022-11-28,276.3871154785156
2022-11-29,274.2950439453125
2022-11-30,286.7989807128906
2022-12-01,287.1509704589844
2022-12-02,286.007080078125
2022-12-05,281.2068786621094
2022-12-06,275.3801574707031
2022-12-07,274.25592041015625
2022-12-08,277.5016784667969
2022-12-09,275.7321472167969
2022-12-12,279.1929626464844
2022-12-13,282.1942138671875
2022-12-14,280.1021423339844
2022-12-15,270.69732666015625
2022-12-16,268.11639404296875
2022-12-19,264.34832763671875
2022-12-20,264.142578125
2022-12-21,267.9742736816406
2022-12-22,261.4182434082031
2022-12-23,262.0061950683594
2022-12-27,258.3019104003906
2022-12-28,254.89158630371094
2022-12-29,261.10467529296875
2022-12-30,260.9478759765625
2023-01-03,259.1839599609375
2023-01-04,260.41864013671875
2023-01-05,256.3419494628906
2023-01-06,263.4173278808594
2023-01-09,265.1225891113281
2023-01-10,267.36669921875
2023-01-11,271.9921569824219
2023-01-12,273.4621276855469
2023-01-13,275.34375
2023-01-17,275.90228271484375
2023-01-18,272.3155822753906
2023-01-19,269.6401672363281
2023-01-20,277.0194396972656
2023-01-23,283.17364501953125
2023-01-24,282.5955505371094
2023-01-25,281.9683532714844
2023-01-26,287.4660339355469
2023-01-27,290.3274841308594
2023-01-30,284.4574890136719
2023-01-31,288.7203674316406
2023-02-01,294.8941955566406
2023-02-02,305.4779968261719
2023-02-03,300.0488586425781
2023-02-06,297.5107727050781
2023-02-07,303.6747741699219
2023-02-08,298.2751159667969
2023-02-09,295.6389465332031
2023-02-10,293.6986389160156
2023-02-13,298.40252685546875
2023-02-14,300.60748291015625
2023-02-15,302.91046142578125
2023-02-16,297.2265625
2023-02-17,295.1293640136719
2023-02-21,288.14215087890625
2023-02-22,288.3576965332031
2023-02-23,290.87628173828125
2023-02-24,286.00579833984375
2023-02-27,288.0539855957031
2023-02-28,287.68157958984375
2023-03-01,285.3688659667969
2023-03-02,287.7305603027344
2023-03-03,293.6790466308594
2023-03-06,294.01220703125
2023-03-07,290.4058837890625
2023-03-08,291.85626220703125
2023-03-09,286.7996520996094
2023-03-10,282.7718811035156
2023-03-13,284.8690490722656
2023-03-14,291.4152526855469
2023-03-15,292.94403076171875
2023-03-16,300.666259765625
2023-03-17,299.2453308105469
2023-03-20,300.3072814941406
2023-03-21,304.5964050292969
2023-03-22,300.4544677734375
2023-03-23,304.017333984375
2023-03-24,305.13623046875
2023-03-27,303.0456237792969
2023-03-28,301.43597412109375
2023-03-29,306.9323425292969
2023-03-30,309.83758544921875
2023-03-31,314.99041748046875
2023-04-03,314.224853515625
2023-04-04,313.1648254394531
2023-04-05,310.07318115234375
2023-04-06,312.16363525390625
2023-04-10,311.98699951171875
2023-04-11,309.9847412109375
2023-04-12,307.2464294433594
2023-04-13,313.26300048828125
2023-04-14,312.674072265625
2023-04-17,312.93902587890625
2023-04-18,312.9587097167969
2023-04-19,312.81146240234375
2023-04-20,310.4263916015625
2023-04-21,310.75030517578125
2023-04-24,310.1025390625
2023-04-25,304.25286865234375
2023-04-26,306.0980529785156
2023-04-27,314.421142578125
2023-04-28,316.5903015136719
2023-05-01,316.2270812988281
2023-05-02,313.46917724609375
2023-05-03,311.417724609375
2023-05-04,310.3184509277344
2023-05-05,316.9141540527344
2023-05-08,317.6993408203125
2023-05-09,315.6872863769531
2023-05-10,319.1224670410156
2023-05-11,320.16290283203125
2023-05-12,319.01446533203125
2023-05-15,320.7419128417969
2023-05-16,321.1051330566406
2023-05-17,324.9918212890625
2023-05-18,331.02801513671875
2023-05-19,330.2820739746094
2023-05-22,331.39117431640625
2023-05-23,327.19036865234375
2023-05-24,325.51202392578125
2023-05-25,333.43267822265625
2023-05-26,341.9519958496094
2023-05-30,343.5027160644531
2023-05-31,341.54962158203125
2023-06-01,345.4952087402344
2023-06-02,348.0863342285156
2023-06-05,348.3316955566406
2023-06-06,348.2728271484375
2023-06-07,342.36419677734375
2023-06-08,346.61407470703125
2023-06-09,347.9391784667969
2023-06-12,353.8181457519531
2023-06-13,356.53704833984375
2023-06-14,359.1281433105469
2023-06-15,363.40740966796875
2023-06-16,361.1205139160156
2023-06-20,360.60357666015625
2023-06-21,355.6894226074219
2023-06-22,359.8861083984375
2023-06-23,356.3184509277344
2023-06-26,351.54180908203125
2023-06-27,357.5862121582031
2023-06-28,358.2840881347656
2023-06-29,357.5665588378906
2023-06-30,363.08038330078125
2023-07-03,363.9354248046875
2023-07-05,363.9255676269531
2023-07-06,361.1539611816406
2023-07-07,359.95489501953125
2023-07-10,360.0728454589844
2023-07-11,361.851806640625
2023-07-12,366.4219970703125
2023-07-13,372.643310546875
2023-07-14,372.5647277832031
2023-07-17,376.04400634765625
2023-07-18,379.1202392578125
2023-07-19,379.0318298339844
2023-07-20,370.2944030761719
2023-07-21,369.18377685546875
2023-07-24,369.7734375
2023-07-25,372.27972412109375
2023-07-26,371.0412902832031
2023-07-27,370.15673828125
2023-07-28,376.8991394042969
2023-07-31,377.0955810546875
2023-08-01,376.2208557128906
2023-08-02,367.9651184082031
2023-08-03,367.3753356933594
2023-08-04,365.6554260253906
2023-08-07,368.7512512207031
2023-08-08,365.6160583496094
2023-08-09,361.5962219238281
2023-08-10,362.2645568847656
2023-08-11,359.95489501953125
2023-08-14,363.9944152832031
2023-08-15,360.1318664550781
2023-08-16,356.3184509277344
2023-08-17,352.4263916015625
2023-08-18,351.9841613769531
2023-08-21,357.65509033203125
2023-08-22,357.14398193359375
2023-08-23,362.7756652832031
2023-08-24,355.02105712890625
2023-08-25,357.77301025390625
2023-08-28,360.46600341796875
2023-08-29,368.3385009765625
2023-08-30,370.39263916015625
2023-08-31,371.50323486328125
2023-09-01,371.1101379394531
2023-09-05,371.5818786621094
2023-09-06,368.30902099609375
2023-09-07,365.675048828125
2023-09-08,366.1861267089844
2023-09-11,370.500732421875
2023-09-12,366.3924865722656
2023-09-13,367.7881164550781
2023-09-14,370.7956237792969
2023-09-15,364.44647216796875
2023-09-18,364.8263854980469
2023-09-19,364.04888916015625
2023-09-20,358.802734375
2023-09-21,352.2278747558594
2023-09-22,352.27703857421875
2023-09-25,353.9503479003906
2023-09-26,348.6352844238281
2023-09-27,349.4522399902344
2023-09-28,352.3754577636719
2023-09-29,352.63140869140625
2023-10-02,355.5743713378906
2023-10-03,349.3341979980469
2023-10-04,354.0881042480469
2023-10-05,353.04473876953125
2023-10-06,358.960205078125
2023-10-09,360.7908935546875
2023-10-10,362.78900146484375
2023-10-11,365.3775939941406
2023-10-12,364.1078796386719
2023-10-13,359.5310363769531
2023-10-16,363.5960693359375
2023-10-17,362.4051513671875
2023-10-18,357.651123046875
2023-10-19,354.3045959472656
2023-10-20,349.0191650390625
2023-10-23,350.07232666015625
2023-10-24,353.4779052734375
2023-10-25,344.8262023925781
2023-10-26,338.2513427734375
2023-10-27,339.8753662109375
2023-10-30,343.70416259765625
2023-10-31,345.3478088378906
2023-11-01,351.34197998046875
2023-11-02,357.72003173828125
2023-11-03,361.9228515625
2023-11-06,363.39923095703125
2023-11-07,366.83428955078125
2023-11-08,367.0705261230469
2023-11-09,364.2456359863281
2023-11-10,372.4347839355469
2023-11-13,371.2732849121094
2023-11-14,379.26556396484375
2023-11-15,379.5509948730469
2023-11-16,379.8758239746094
2023-11-17,379.96435546875
2023-11-20,384.59033203125
2023-11-21,382.3560791015625
2023-11-22,383.9210510253906
2023-11-24,383.3797302246094
2023-11-27,383.04510498046875
2023-11-28,384.049072265625
2023-11-29,383.67498779296875
2023-11-30,382.71044921875
2023-12-01,383.8030090332031
2023-12-04,380.2399597167969
2023-12-05,381.19464111328125
2023-12-06,378.9898986816406
2023-12-07,384.2852478027344
2023-12-08,385.9978942871094
2023-12-11,389.29510498046875
2023-12-12,392.39556884765625
2023-12-13,397.3857421875
2023-12-14,397.04119873046875
2023-12-15,398.9605712890625
2023-12-18,401.4735107421875
2023-12-19,403.5248718261719
2023-12-20,397.5285949707031
2023-12-21,402.1540222167969
2023-12-22,402.7556457519531
2023-12-26,405.2211608886719
2023-12-27,406.04608154296875
2023-12-28,405.84869384765625
2023-12-29,404.09228515625
2024-01-02,397.25421142578125
2024-01-03,393.0506286621094
2024-01-04,391.02783203125
2024-01-05,391.4916076660156
2024-01-08,399.5829162597656
2024-01-09,400.372314453125
2024-01-10,403.0859069824219
2024-01-11,403.92462158203125
2024-01-12,404.1318054199219
2024-01-16,404.09228515625
2024-01-17,401.81292724609375
2024-01-18,407.516357421875
2024-01-19,415.5978088378906
2024-01-22,416.1405334472656
2024-01-23,417.8673400878906
2024-01-24,420.1861572265625
2024-01-25,420.69927978515625
2024-01-26,418.19293212890625
2024-01-29,422.4754333496094
2024-01-30,419.6632080078125
2024-01-31,411.4436340332031
2024-02-01,416.2886047363281
2024-02-02,423.32403564453125
2024-02-05,422.7714538574219
2024-02-06,421.9228515625
2024-02-07,426.2644958496094
2024-02-08,427.053955078125
2024-02-09,431.2574462890625
2024-02-12,429.5701599121094
2024-02-13,422.8700866699219
2024-02-14,427.4782409667969
2024-02-15,428.75115966796875
2024-02-16,424.86334228515625
2024-02-20,421.65643310546875
2024-02-21,419.9690856933594
2024-02-22,432.26397705078125
2024-02-23,430.9910888671875
2024-02-26,430.76409912109375
2024-02-27,431.80023193359375
2024-02-28,429.5010681152344
2024-02-29,433.181640625
2024-03-01,439.7039794921875
2024-03-04,438.13507080078125
2024-03-05,430.270751953125
2024-03-06,432.9743957519531
2024-03-07,439.546142578125
2024-03-08,433.2013244628906
2024-03-11,431.593017578125
2024-03-12,437.7798156738281
2024-03-13,434.4150695800781
2024-03-14,433.3197937011719
2024-03-15,428.1689147949219
2024-03-18,432.2525634765625
2024-03-19,433.32952880859375
2024-03-20,438.4674377441406
2024-03-21,440.5423278808594
2024-03-22,441.0462646484375
2024-03-25,439.4455871582031
2024-03-26,438.0228271484375
2024-03-27,439.5147705078125
2024-03-28,438.70458984375
2024-04-01,439.63330078125
2024-04-02,435.83917236328125
2024-04-03,436.8173828125
2024-04-04,430.13818359375
2024-04-05,435.2068176269531
2024-04-08,435.3353271484375
2024-04-09,436.94586181640625
2024-04-10,433.1319885253906
2024-04-11,440.0483093261719
2024-04-12,433.0331115722656
2024-04-15,425.9092712402344
2024-04-16,425.9488525390625
2024-04-17,420.75164794921875
2024-04-18,418.3507080078125
2024-04-19,409.6954040527344
2024-04-22,413.8155212402344
2024-04-23,419.9908752441406
2024-04-24,421.4137268066406
2024-04-25,419.3782958984375
2024-04-26,425.8499755859375
2024-04-29,427.5791320800781
2024-04-30,419.5166320800781
2024-05-01,416.4832458496094
2024-05-02,421.79901123046875
2024-05-03,430.2764587402344
2024-05-06,434.989501953125
2024-05-07,435.05859375
2024-05-08,434.8017578125
2024-05-09,435.7502746582031
2024-05-10,436.7778625488281
2024-05-13,437.7856750488281
2024-05-14,440.60162353515625
2024-05-15,447.4883117675781
2024-05-16,446.5793762207031
2024-05-17,446.3619689941406
2024-05-20,449.47430419921875
2024-05-21,450.35369873046875
2024-05-22,450.2647399902344
2024-05-23,448.2392272949219
2024-05-24,452.4779968261719
2024-05-28,454.18731689453125
2024-05-29,450.9860534667969
2024-05-30,446.1544494628906
2024-05-31,445.32452392578125
2024-06-03,447.7155456542969
2024-06-04,448.9407958984375
2024-06-05,457.9913330078125
2024-06-06,457.83319091796875
2024-06-07,457.4281311035156
2024-06-10,459.2757263183594
2024-06-11,462.4276123046875
2024-06-12,468.4844055175781
2024-06-13,471.02374267578125
2024-06-14,473.46417236328125
2024-06-17,479.2640380859375
2024-06-18,479.4122314453125
2024-06-20,475.7169189453125
2024-06-21,474.44232177734375
2024-06-24,469.041015625
2024-06-25,474.4047546386719
2024-06-26,475.38446044921875
2024-06-27,476.611572265625
2024-06-28,474.1375427246094
2024-07-01,476.91839599609375
2024-07-02,481.9259033203125
2024-07-03,485.9437561035156
2024-07-05,491.0106506347656
2024-07-08,492.1783752441406
2024-07-09,492.6038818359375
2024-07-10,497.739990234375
2024-07-11,486.8244934082031
2024-07-12,489.68450927734375
2024-07-15,491.0007019042969
2024-07-16,491.188720703125
2024-07-17,476.7699279785156
2024-07-18,474.5136413574219
2024-07-19,470.3077087402344
2024-07-22,477.314208984375
2024-07-23,475.6318359375
2024-07-24,458.57080078125
2024-07-25,453.5138244628906
2024-07-26,458.1650390625
2024-07-29,459.08538818359375
2024-07-30,452.7815246582031
2024-07-31,466.1809997558594
2024-08-01,454.889404296875
2024-08-02,444.0926208496094
2024-08-05,430.85150146484375
2024-08-06,434.9683532714844
2024-08-07,430.2576904296875
2024-08-08,443.4197082519531
2024-08-09,445.7354431152344
2024-08-12,446.6953430175781
2024-08-13,457.7790832519531
2024-08-14,457.92755126953125
2024-08-15,469.4962463378906
2024-08-16,470.0999755859375
2024-08-19,476.2751159667969
2024-08-20,475.275634765625
2024-08-21,477.4924011230469
2024-08-22,469.9217529296875
2024-08-23,475.018310546875
2024-08-26,470.40667724609375
2024-08-27,471.81195068359375
2024-08-28,466.4580993652344
2024-08-29,465.7752380371094
2024-08-30,471.3269958496094
2024-09-03,457.0171203613281
2024-09-04,455.8294982910156
2024-09-05,456.255126953125
2024-09-06,444.03326416015625
2024-09-09,449.7433776855469
2024-09-10,453.8997802734375
2024-09-11,463.75640869140625
2024-09-12,468.3086853027344
2024-09-13,470.40667724609375
2024-09-16,468.3284606933594
2024-09-17,468.5758972167969
2024-09-18,466.54718017578125
2024-09-19,478.34344482421875
2024-09-20,477.4330139160156
2024-09-23,478.69854736328125
2024-09-24,481.0075988769531
2024-09-25,481.45355224609375
2024-09-26,485.07073974609375
2024-09-27,482.37518310546875
2024-09-30,483.6833190917969
2024-10-01,476.94439697265625
2024-10-02,477.6183166503906
2024-10-03,477.2615661621094
2024-10-04,482.9400329589844
2024-10-07,477.7669677734375
2024-10-08,484.9022521972656
2024-10-09,488.7176208496094
2024-10-10,488.16265869140625
2024-10-11,488.92578125
2024-10-14,493.028564453125
2024-10-15,486.43829345703125
2024-10-16,486.4977722167969
2024-10-17,486.8347473144531
2024-10-18,490.0257568359375
2024-10-21,490.9672546386719
2024-10-22,491.50238037109375
2024-10-23,483.9706726074219
2024-10-24,487.8951721191406
2024-10-25,490.8681640625
2024-10-28,490.9474182128906
2024-10-29,495.6646728515625
2024-10-30,491.91864013671875
2024-10-31,479.501220703125
2024-11-01,483.0490417480469
2024-11-04,481.641845703125
2024-11-05,487.7861022949219
2024-11-06,501.03594970703125
2024-11-07,508.9244079589844
2024-11-08,509.5190124511719
2024-11-11,509.22174072265625
2024-11-12,508.300048828125
2024-11-13,507.64599609375
2024-11-14,504.11798095703125
2024-11-15,492.10693359375
2024-11-18,495.52587890625
2024-11-19,498.9349670410156
2024-11-20,498.6475830078125
2024-11-21,500.44134521484375
2024-11-22,501.2440490722656
2024-11-25,502.036865234375
2024-11-26,504.73236083984375
2024-11-27,500.7584533691406
2024-11-29,505.1585388183594
2024-12-02,510.65869140625
2024-12-03,512.224365234375
2024-12-04,518.5570678710938
2024-12-05,517.1199951171875
2024-12-06,521.7481079101562
2024-12-09,517.6848754882812
2024-12-10,515.9209594726562
2024-12-11,525.1571044921875
2024-12-12,521.7678833007812
2024-12-13,525.7616577148438
2024-12-16,533.3330078125
2024-12-17,530.9842529296875
2024-12-18,511.8280944824219
2024-12-19,509.5487365722656
2024-12-20,513.9984130859375
2024-12-23,519.0060424804688
2024-12-24,526.0437622070312
2024-12-26,525.6863403320312
2024-12-27,518.6984252929688
2024-12-30,511.79974365234375
2024-12-31,507.4521179199219
2025-01-02,506.4595031738281
2025-01-03,514.7477416992188
2025-01-06,520.6636962890625
2025-01-07,511.3728942871094
2025-01-08,511.4622802734375
2025-01-10,503.44195556640625
2025-01-13,501.8240051269531
2025-01-14,501.3475341796875
2025-01-15,512.8817138671875
2025-01-16,509.28839111328125
2025-01-17,517.8843383789062
2025-01-21,520.9218139648438
2025-01-22,527.582275390625
2025-01-23,528.7039794921875
2025-01-24,525.716064453125
2025-01-27,510.41009521484375
2025-01-28,517.9539184570312
2025-01-29,516.9812622070312
2025-01-30,519.1847534179688
2025-01-31,518.4303588867188
2025-02-03,514.28125
2025-02-04,520.59423828125
2025-02-05,522.9566650390625
2025-02-06,525.6863403320312
2025-02-07,519.0557250976562
2025-02-10,525.3389282226562
2025-02-11,524.0882568359375
2025-02-12,524.3959350585938
2025-02-13,531.9398193359375
2025-02-14,534.1732177734375
2025-02-18,535.384033203125
2025-02-19,535.5331420898438
2025-02-20,533.2599487304688
2025-02-21,522.1923828125
2025-02-24,516.0282592773438
2025-02-25,509.52667236328125
2025-02-26,510.7574768066406
2025-02-27,496.5730895996094
2025-02-28,504.4147033691406
2025-03-03,493.3768615722656
2025-03-04,491.8879699707031
2025-03-05,498.3002624511719
2025-03-06,484.5923156738281
2025-03-07,488.15576171875
2025-03-10,469.23663330078125
2025-03-11,468.11492919921875
2025-03-12,473.3956604003906
2025-03-13,464.8790588378906
2025-03-14,476.11541748046875
2025-03-17,479.2024230957031
2025-03-18,471.03326416015625
2025-03-19,477.3363342285156
2025-03-20,475.7183837890625
2025-03-21,477.2867126464844
2025-03-24,487.7604675292969
2025-03-25,490.54388427734375
2025-03-26,481.5175476074219
2025-03-27,478.7738037109375
2025-03-28,466.1687927246094
2025-03-31,466.1488952636719
2025-04-01,469.90655517578125
2025-04-02,473.336181640625
2025-04-03,447.99676513671875
2025-04-04,420.1722412109375
2025-04-07,421.1861572265625
2025-04-08,413.60125732421875
2025-04-09,463.24615478515625
2025-04-10,443.54327392578125
2025-04-11,451.7147216796875
2025-04-14,454.7764892578125
2025-04-15,455.2834777832031
2025-04-16,441.5550842285156
2025-04-17,441.4755554199219
2025-04-21,430.55047607421875
2025-04-22,441.8533630371094
2025-04-23,451.8737487792969
2025-04-24,464.5881652832031
2025-04-25,469.76739501953125
2025-04-28,469.6182556152344
2025-04-29,472.7198181152344
2025-04-30,472.66015625
2025-05-01,478.8334655761719
2025-05-02,485.94122314453125
2025-05-05,483.058349609375
2025-05-06,478.5650939941406
2025-05-07,480.4438781738281
2025-05-08,485.4043884277344
2025-05-09,485.0863037109375
2025-05-12,504.84881591796875
2025-05-13,512.5431518554688
2025-05-14,515.61474609375
2025-05-15,516.1815185546875
2025-05-16,518.4281616210938
2025-05-19,518.9251708984375
2025-05-20,517.1954956054688
2025-05-21,510.0081481933594
2025-05-22,510.9624938964844
2025-05-23,506.2306213378906
2025-05-27,518.1397705078125
2025-05-28,515.8434448242188
2025-05-29,516.8574829101562
2025-05-30,516.042236328125
2025-06-02,520.1181030273438
2025-06-03,524.183837890625
2025-06-04,525.6452026367188
2025-06-05,521.688720703125
2025-06-06,526.788330078125
2025-06-09,527.5638427734375
2025-06-10,531.0530395507812
2025-06-11,529.263671875
2025-06-12,530.5062255859375
2025-06-13,523.845947265625
2025-06-16,531.132568359375
2025-06-17,525.9533081054688
2025-06-18,525.8638916015625
2025-06-20,523.7166748046875
2025-06-23,529.1017456054688
2025-06-24,537.1928100585938
2025-06-25,538.5661010742188
2025-06-26,543.6018676757812
2025-06-27,545.4629516601562
2025-06-30,548.9959106445312
2025-07-01,544.3682250976562
2025-07-02,548.159912109375
2025-07-03,553.553955078125
2025-07-07,549.3840942382812
2025-07-08,549.6926879882812
2025-07-09,553.5838623046875
2025-07-10,552.7877197265625
2025-07-11,551.5435791015625
2025-07-14,553.5440063476562
2025-07-15,554.051513671875
2025-07-16,554.6188354492188
2025-07-17,559.107177734375
2025-07-18,558.56982421875
2025-07-21,561.4658813476562
2025-07-22,558.5598754882812
2025-07-23,561.1075439453125
2025-07-24,562.3018798828125
2025-07-25,563.6553344726562
2025-07-28,565.4168090820312
2025-07-29,564.541015625
2025-07-30,565.2974853515625
2025-07-31,562.3018798828125
2025-08-01,551.2251586914062
2025-08-04,561.3961791992188
2025-08-05,557.5845336914062
2025-08-06,564.6007690429688
2025-08-07,566.5115356445312
2025-08-08,571.7960815429688
2025-08-11,570.1041870117188
2025-08-12,577.2697143554688
2025-08-13,577.558349609375
2025-08-14,577.1105346679688
2025-08-15,574.57275390625
2025-08-18,574.3438110351562
2025-08-19,566.5513916015625
2025-08-20,563.1876220703125
2025-08-21,560.5801391601562
2025-08-22,569.2284545898438
2025-08-25,567.5863647460938
2025-08-26,569.8654174804688
2025-08-27,570.7412109375
2025-08-28,574.31396484375
2025-08-29,567.666015625
2025-09-02,562.908935546875
2025-09-03,567.337646484375
2025-09-04,572.4728393554688
2025-09-05,573.298828125
2025-09-08,576.0953369140625
2025-09-09,577.7276000976562
2025-09-10,577.9166870117188
2025-09-11,581.2803955078125
2025-09-12,583.8480224609375
2025-09-15,588.843994140625
2025-09-16,588.346435546875
2025-09-17,587.1720581054688
2025-09-18,592.466552734375
2025-09-19,596.4771728515625
2025-09-22,600.0083618164062
2025-09-23,596.02294921875
2025-09-24,593.9305419921875
2025-09-25,591.3699340820312
2025-09-26,593.801025390625
2025-09-29,596.5509643554688
2025-09-30,598.18505859375
2025-10-01,601.0545043945312
2025-10-02,603.5254516601562
2025-10-03,600.9848022460938
2025-10-06,605.498291015625
2025-10-07,602.3099365234375
2025-10-08,609.2147827148438
2025-10-09,608.4774169921875
2025-10-10,587.3546142578125
2025-10-13,599.8190307617188
2025-10-14,595.8236083984375
2025-10-15,600.0281982421875
2025-10-16,597.8063354492188
2025-10-17,601.7320556640625
2025-10-20,609.3142700195312
2025-10-21,609.1549682617188
2025-10-22,603.286376953125
2025-10-23,608.3578491210938
2025-10-24,614.8540649414062
2025-10-27,625.8041381835938
2025-10-28,630.6165771484375
2025-10-29,633.4562377929688
2025-10-30,623.7715454101562
2025-10-31,626.7805786132812
2025-11-03,629.7796020507812
2025-11-04,616.996337890625
2025-11-05,621.01171875
2025-11-06,609.4439086914062
2025-11-07,607.5209350585938
2025-11-10,620.9618530273438
2025-11-11,619.307861328125
2025-11-12,618.8196411132812
2025-11-13,606.1858520507812
2025-11-14,606.6441040039062
2025-11-17,601.4630737304688
2025-11-18,594.1397705078125
2025-11-19,597.6868896484375
2025-11-20,583.5385131835938
2025-11-21,587.9224853515625
2025-11-24,602.9575805664062
2025-11-25,606.6740112304688
2025-11-26,612.034423828125
2025-11-28,616.996337890625
2025-12-01,614.923828125
2025-12-02,619.736328125
2025-12-03,621.2507934570312
2025-12-04,620.6729125976562
2025-12-05,623.20361328125
2025-12-08,622.008056640625
2025-12-09,622.7752075195312
2025-12-10,625.3258666992188
2025-12-11,623.3032836914062
2025-12-12,611.3868408203125
2025-12-15,608.3179931640625
2025-12-16,609.5235595703125
2025-12-17,598.224853515625
2025-12-18,606.8932495117188
2025-12-19,614.8042602539062
2025-12-22,617.7513427734375
2025-12-23,620.6444702148438
2025-12-24,622.4602661132812
2025-12-26,622.4202880859375
2025-12-29,619.4074096679688
2025-12-30,617.9707641601562
2025-12-31,612.8628540039062
2026-01-02,611.6757202148438
2026-01-05,616.5341796875
2026-01-06,621.951416015625
2026-01-07,622.550048828125
2026-01-08,619.0083618164062
2026-01-09,625.173828125
2026-01-12,625.6925659179688
2026-01-13,624.7647705078125
2026-01-14,618.0905151367188
2026-01-15,620.3153076171875
2026-01-16,619.7965087890625
2026-01-20,606.6276245117188
2026-01-21,614.8282470703125
2026-01-22,619.2976684570312
2026-01-23,621.2530517578125
2026-01-26,623.9866333007812
2026-01-27,629.6432495117188
2026-01-28,631.7283325195312
2026-01-29,627.947265625
2026-01-30,620.4050903320312
2026-02-02,624.6650390625
2026-02-03,615.0676879882812
2026-02-04,604.3230590820312
2026-02-05,595.6236572265625
2026-02-06,608.2138671875
2026-02-09,612.8728637695312
2026-02-10,610.029541015625
2026-02-11,611.6657104492188
2026-02-12,599.22509765625
2026-02-13,600.5020751953125
2026-02-17,599.8834838867188
2026-02-18,604.3629150390625
2026-02-19,602.0484008789062
2026-02-20,607.3758544921875
2026-02-23,599.9932250976562
2026-02-24,606.4380493164062
2026-02-25,615.227294921875
2026-02-26,607.8048095703125
2026-02-27,605.859375
2026-03-02,606.6575317382812
2026-03-03,600.1629028320312
2026-03-04,609.311279296875
2026-03-05,607.4755249023438
2026-03-06,598.337158203125
2026-03-09,606.3283081054688
2026-03-10,606.3383178710938
2026-03-11,606.2584838867188
2026-03-12,595.8530883789062
2026-03-13,592.3213500976562
2026-03-16,598.9656982421875
2026-03-17,601.8887939453125
2026-03-18,593.4986572265625
2026-03-19,591.623046875
2026-03-20,580.6888427734375
2026-03-23,587.3545532226562
2026-03-24,583.3389282226562
2026-03-25,587.1747436523438
2026-03-26,573.1600952148438
2026-03-27,561.9624633789062
2026-03-30,557.6671752929688
2026-03-31,576.54638671875
2026-04-01,583.6685791015625
2026-04-02,584.3378295898438
2026-04-06,587.85400390625
2026-04-07,587.9439086914062
2026-04-08,605.4246826171875
2026-04-09,609.5202026367188
2026-04-10,610.3992309570312
2026-04-13,616.7122802734375
2026-04-14,627.909912109375
2026-04-15,636.7003173828125
2026-04-16,639.7669067382812
2026-04-17,648.1376953125
2026-04-20,646.0799560546875
2026-04-21,643.6226806640625
2026-04-22,654.390869140625
2026-04-23,650.7048950195312
2026-04-24,663.1512451171875
2026-04-27,663.5008544921875
2026-04-28,656.8281860351562
2026-04-29,660.84375
2026-04-30,667.0069580078125
2026-05-01,673.4099731445312
2026-05-04,672.141357421875
2026-05-05,680.8617553710938
2026-05-06,695.0062255859375
2026-05-07,694.1771240234375
2026-05-08,710.44921875
2026-05-11,712.5069580078125
2026-05-12,706.463623046875
2026-05-13,713.9254760742188
2026-05-14,718.9998168945312
2026-05-15,708.1517944335938
2026-05-18,705.1051025390625
2026-05-19,700.7599487304688
2026-05-20,712.3671875
2026-05-21,713.7256469726562
2026-05-22,716.7523193359375
2026-05-26,729.4783935546875
2026-05-27,728.6492919921875
2026-05-28,734.79248046875
2026-05-29,737.49951171875
2026-06-01,741.9246826171875
2026-06-02,745.3408813476562
2026-06-03,743.39306640625
2026-06-04,739.7969970703125
2026-06-05,704.2860107421875
2026-06-08,715.283935546875
2026-06-09,707.052978515625
2026-06-10,692.9285278320312
2026-06-11,716.332763671875
2026-06-12,720.5481567382812
2026-06-15,743.1832885742188
2026-06-16,729.0587768554688
2026-06-17,721.7168579101562
2026-06-18,739.8070068359375
2026-06-22,737.9500122070312
2026-06-23,713.6500244140625
2026-06-24,710.6199951171875
2026-06-25,716.3800048828125
2026-06-26,706.52001953125
2026-06-29,724.0800170898438
2026-06-30,736.4000244140625
2026-07-01,725.1699829101562
2026-07-02,712.5999755859375
2026-07-06,722.8200073242188
2026-07-07,709.4299926757812
2026-07-08,711.4400024414062
2026-07-09,723.280029296875
2026-07-10,725.510009765625
2026-07-13,711.739990234375
2026-07-14,719.6900024414062
2026-07-15,717.739990234375
2026-07-16,705.9400024414062
2026-07-17,695.3300170898438
2026-07-20,696.0599975585938
2026-07-21,708.969970703125
2026-07-22,705.3499755859375
2026-07-23,691.9600219726562
2026-07-24,684.22998046875
2026-07-27,682.1199951171875
2026-07-28,675.489990234375
2026-07-29,661.72998046875
2026-07-30,683.5499877929688
2026-07-31,687.989990234375
2026-08-03,700.0700073242188
2026-08-04,723.8499755859375
2026-08-05,717.2999877929688
2026-08-06,714.6500244140625
2026-08-07,723.030029296875
2026-08-10,720.8699951171875
2026-08-11,718.4500122070312
2026-08-12,723.7000122070312
2026-08-13,732.0700073242188
2026-08-14,731.0700073242188
2026-08-17,729.8699951171875
2026-08-18,717.510009765625
2026-08-19,716.0800170898438
2026-08-20,710.9299926757812
2026-08-21,713.4400024414062
2026-08-24,706.3200073242188
2026-08-25,710.719970703125
2026-08-26,711.3699951171875
2026-08-27,721.1099853515625
2026-08-28,716.4299926757812
2026-08-31,716.760009765625
2026-09-01,707.6400146484375
2026-09-02,709.239990234375
2026-09-03,717.6699829101562
2026-09-04,718.9600219726562
2026-09-08,718.3599853515625
2026-09-09,716.3099975585938
2026-09-10,708.6900024414062
2026-09-11,714.8800048828125
2026-09-14,709.1799926757812
2026-09-15,704.5399780273438
2026-09-16,704.719970703125
2026-09-17,716.9199829101562
2026-09-18,721.4500122070312
