Date,adj_close
1995-01-03,26.378320693969727
1995-01-04,26.50436019897461
1995-01-05,26.50436019897461
1995-01-06,26.53135871887207
1995-01-09,26.55837631225586
1995-01-10,26.58538246154785
1995-01-11,26.6033992767334
1995-01-12,26.612398147583008
1995-01-13,26.9274845123291
1995-01-16,27.089536666870117
1995-01-17,27.09855842590332
1995-01-18,27.07152557373047
1995-01-19,26.91849708557129
1995-01-20,26.819473266601562
1995-01-23,26.900484085083008
1995-01-24,26.936494827270508
1995-01-25,27.00853157043457
1995-01-26,27.035524368286133
1995-01-27,27.143564224243164
1995-01-30,27.02654266357422
1995-01-31,27.134565353393555
1995-02-01,27.125551223754883
1995-02-02,27.28761100769043
1995-02-03,27.674739837646484
1995-02-06,27.79176902770996
1995-02-07,27.82777214050293
1995-02-08,27.82777214050293
1995-02-09,27.82777214050293
1995-02-10,27.86379051208496
1995-02-13,27.872802734375
1995-02-14,27.908796310424805
1995-02-15,28.061859130859375
1995-02-16,28.025848388671875
1995-02-17,27.917797088623047
1995-02-21,27.908796310424805
1995-02-22,28.115880966186523
1995-02-23,28.160877227783203
1995-02-24,28.23290252685547
1995-02-27,28.007822036743164
1995-02-28,28.241931915283203
1995-03-01,28.061859130859375
1995-03-02,28.097854614257812
1995-03-03,28.10688591003418
1995-03-06,28.124887466430664
1995-03-07,27.908796310424805
1995-03-08,27.98082160949707
1995-03-09,27.97180938720703
1995-03-10,28.385967254638672
1995-03-13,28.35894775390625
1995-03-14,28.56599998474121
1995-03-15,28.512004852294922
1995-03-16,28.68305015563965
1995-03-17,28.711578369140625
1995-03-20,28.711578369140625
1995-03-21,28.6391544342041
1995-03-22,28.66633415222168
1995-03-23,28.68444061279297
1995-03-24,29.09174156188965
1995-03-27,29.20941925048828
1995-03-28,29.20941925048828
1995-03-29,29.20037269592285
1995-03-30,29.14605140686035
1995-03-31,29.028385162353516
1995-04-03,29.100805282592773
1995-04-04,29.290876388549805
1995-04-05,29.290876388549805
1995-04-06,29.39948272705078
1995-04-07,29.37234878540039
1995-04-10,29.42667007446289
1995-04-11,29.327096939086914
1995-04-12,29.42667007446289
1995-04-13,29.589576721191406
1995-04-17,29.41759490966797
1995-04-18,29.318031311035156
1995-04-19,29.290876388549805
1995-04-20,29.33613395690918
1995-04-21,29.4809627532959
1995-04-24,29.82493782043457
1995-04-25,29.743459701538086
1995-04-26,29.770614624023438
1995-04-27,29.843027114868164
1995-04-28,29.888288497924805
1995-05-01,29.806819915771484
1995-05-02,29.87018585205078
1995-05-03,30.286569595336914
1995-05-04,30.268451690673828
1995-05-05,30.23223114013672
1995-05-08,30.449480056762695
1995-05-09,30.42232322692871
1995-05-10,30.458518981933594
1995-05-11,30.539997100830078
1995-05-12,30.5580997467041
1995-05-15,30.702917098999023
1995-05-16,30.721027374267578
1995-05-17,30.603351593017578
1995-05-18,30.159828186035156
1995-05-19,30.177927017211914
1995-05-22,30.512840270996094
1995-05-23,30.793420791625977
1995-05-24,30.775346755981445
1995-05-25,30.802494049072266
1995-05-26,30.449480056762695
1995-05-30,30.440433502197266
1995-05-31,31.074031829833984
1995-06-01,30.99258041381836
1995-06-02,31.01974105834961
1995-06-05,31.20981788635254
1995-06-06,31.155498504638672
1995-06-07,30.99258041381836
1995-06-08,30.92017364501953
1995-06-09,30.739120483398438
1995-06-12,30.9111328125
1995-06-13,31.246004104614258
1995-06-14,31.218873977661133
1995-06-15,31.35464859008789
1995-06-16,31.447717666625977
1995-06-19,31.802814483642578
1995-06-20,31.720867156982422
1995-06-21,31.702655792236328
1995-06-22,32.121463775634766
1995-06-23,32.057735443115234
1995-06-26,31.675334930419922
1995-06-27,31.611600875854492
1995-06-28,31.775489807128906
1995-06-29,31.720867156982422
1995-06-30,31.702655792236328
1995-07-03,31.821014404296875
1995-07-05,31.939376831054688
1995-07-06,32.34909439086914
1995-07-07,32.49476623535156
1995-07-10,32.51296615600586
1995-07-11,32.35819625854492
1995-07-12,32.75880432128906
1995-07-13,32.685970306396484
1995-07-14,32.65864562988281
1995-07-17,32.84076690673828
1995-07-18,32.55849838256836
1995-07-19,32.20341873168945
1995-07-20,32.32177734375
1995-07-21,32.285362243652344
1995-07-24,32.5220832824707
1995-07-25,32.76789474487305
1995-07-26,32.74058532714844
1995-07-27,33.01374053955078
1995-07-28,32.804325103759766
1995-07-31,32.72239303588867
1995-08-01,32.66775894165039
1995-08-02,32.59491729736328
1995-08-03,32.585819244384766
1995-08-04,32.62225341796875
1995-08-07,32.6950798034668
1995-08-08,32.6950798034668
1995-08-09,32.685970306396484
1995-08-10,32.613121032714844
1995-08-11,32.4310302734375
1995-08-14,32.72239303588867
1995-08-15,32.65864562988281
1995-08-16,32.74969482421875
1995-08-17,32.6950798034668
1995-08-18,32.73150634765625
1995-08-21,32.64044952392578
1995-08-22,32.70418167114258
1995-08-23,32.585819244384766
1995-08-24,32.62225341796875
1995-08-25,32.804325103759766
1995-08-28,32.685970306396484
1995-08-29,32.76789474487305
1995-08-30,32.84076690673828
1995-08-31,32.8680534362793
1995-09-01,33.01374053955078
1995-09-05,33.32329177856445
1995-09-06,33.38705062866211
1995-09-07,33.405242919921875
1995-09-08,33.53269958496094
1995-09-11,33.62376022338867
1995-09-12,33.77854537963867
1995-09-13,33.933326721191406
1995-09-14,34.242855072021484
1995-09-15,34.233428955078125
1995-09-18,34.10528564453125
1995-09-19,34.270042419433594
1995-09-20,34.434810638427734
1995-09-21,34.151058197021484
1995-09-22,34.16019821166992
1995-09-25,34.10528564453125
1995-09-26,34.09613037109375
1995-09-27,34.06867599487305
1995-09-28,34.3249626159668
1995-09-29,34.2608757019043
1995-10-02,34.08695983886719
1995-10-03,34.12358093261719
1995-10-04,34.08695983886719
1995-10-05,34.187652587890625
1995-10-06,34.21511459350586
1995-10-09,33.931365966796875
1995-10-10,33.913055419921875
1995-10-11,34.02288818359375
1995-10-12,34.233428955078125
1995-10-13,34.34326171875
1995-10-16,34.178497314453125
1995-10-17,34.407344818115234
1995-10-18,34.50802993774414
1995-10-19,34.67277908325195
1995-10-20,34.4622802734375
1995-10-23,34.38904571533203
1995-10-24,34.4256591796875
1995-10-25,34.14189147949219
1995-10-26,33.83068084716797
1995-10-27,34.08695983886719
1995-10-30,34.30665588378906
1995-10-31,34.16019821166992
1995-11-01,34.434810638427734
1995-11-02,34.654476165771484
1995-11-03,34.70024490356445
1995-11-06,34.58125305175781
1995-11-07,34.45311737060547
1995-11-08,34.764320373535156
1995-11-09,34.8924674987793
1995-11-10,34.874168395996094
1995-11-13,34.83754348754883
1995-11-14,34.60872268676758
1995-11-15,34.95654296875
1995-11-16,35.14875793457031
1995-11-17,35.258609771728516
1995-11-20,35.075523376464844
1995-11-21,35.359283447265625
1995-11-22,35.24943161010742
1995-11-24,35.34097671508789
1995-11-27,35.35013198852539
1995-11-28,35.72541427612305
1995-11-29,35.76204299926758
1995-11-30,35.67967224121094
1995-12-01,35.72541427612305
1995-12-04,36.164791107177734
1995-12-05,36.40276336669922
1995-12-06,36.48515701293945
1995-12-07,36.29293441772461
1995-12-08,36.41191482543945
1995-12-11,36.5675163269043
1995-12-12,36.45766830444336
1995-12-13,36.6865234375
1995-12-14,36.421077728271484
1995-12-15,36.434410095214844
1995-12-18,35.73444366455078
1995-12-19,36.112064361572266
1995-12-20,35.762088775634766
1995-12-21,35.946285247802734
1995-12-22,36.07523727416992
1995-12-26,36.25020217895508
1995-12-27,36.23179626464844
1995-12-28,36.1949577331543
1995-12-29,36.24100112915039
1996-01-02,36.62784194946289
1996-01-03,36.7291374206543
1996-01-04,36.379146575927734
1996-01-05,36.30549621582031
1996-01-08,36.44361877441406
1996-01-09,35.81735610961914
1996-01-10,35.34764099121094
1996-01-11,35.5594596862793
1996-01-12,35.50421905517578
1996-01-15,35.430538177490234
1996-01-16,35.8633918762207
1996-01-17,35.75287628173828
1996-01-18,35.872596740722656
1996-01-19,36.112064361572266
1996-01-22,36.12127685546875
1996-01-23,36.20415115356445
1996-01-24,36.4988899230957
1996-01-25,36.36992645263672
1996-01-26,36.683074951171875
1996-01-29,36.83042526245117
1996-01-30,37.14358139038086
1996-01-31,37.530391693115234
1996-02-01,37.66852569580078
1996-02-02,37.511966705322266
1996-02-05,37.8159065246582
1996-02-06,38.17509841918945
1996-02-07,38.39612579345703
1996-02-08,38.81056594848633
1996-02-09,38.80135726928711
1996-02-12,39.09607696533203
1996-02-13,39.01318359375
1996-02-14,38.672428131103516
1996-02-15,38.43295669555664
1996-02-16,38.276390075683594
1996-02-20,37.89878463745117
1996-02-21,38.36848068237305
1996-02-22,38.97633743286133
1996-02-23,38.86581802368164
1996-02-26,38.313232421875
1996-02-27,38.19351577758789
1996-02-28,38.01852035522461
1996-02-29,37.65013122558594
1996-03-01,38.248756408691406
1996-03-04,38.46983337402344
1996-03-05,38.82899475097656
1996-03-06,38.48822021484375
1996-03-07,38.68163299560547
1996-03-08,37.42909240722656
1996-03-11,37.861968994140625
1996-03-12,37.56722640991211
1996-03-13,37.825111389160156
1996-03-14,37.990882873535156
1996-03-15,37.96534729003906
1996-03-18,38.69615936279297
1996-03-19,38.612918853759766
1996-03-20,38.566654205322266
1996-03-21,38.474159240722656
1996-03-22,38.57588195800781
1996-03-25,38.501895904541016
1996-03-26,38.68693923950195
1996-03-27,38.33538055419922
1996-03-28,38.48340606689453
1996-03-29,38.298397064208984
1996-04-01,38.74241638183594
1996-04-02,38.81642532348633
1996-04-03,38.81642532348633
1996-04-04,38.788673400878906
1996-04-08,38.122623443603516
1996-04-09,37.97462463378906
1996-04-10,37.299285888671875
1996-04-11,37.25303649902344
1996-04-12,37.724830627441406
1996-04-15,38.03935241699219
1996-04-16,38.15036392211914
1996-04-17,38.057857513427734
1996-04-18,38.11336135864258
1996-04-19,38.20586395263672
1996-04-22,38.501895904541016
1996-04-23,38.62217330932617
1996-04-24,38.48340606689453
1996-04-25,38.65916061401367
1996-04-26,38.74241638183594
1996-04-29,38.74241638183594
1996-04-30,38.71466827392578
1996-05-01,38.797943115234375
1996-05-02,38.131874084472656
1996-05-03,38.07634735107422
1996-05-06,38.03935241699219
1996-05-07,37.882102966308594
1996-05-08,38.353885650634766
1996-05-09,38.32615661621094
1996-05-10,38.70541000366211
1996-05-13,39.28820037841797
1996-05-14,39.52874755859375
1996-05-15,39.482486724853516
1996-05-16,39.56575012207031
1996-05-17,39.77852249145508
1996-05-20,40.046783447265625
1996-05-21,39.99128341674805
1996-05-22,40.370567321777344
1996-05-23,40.20406723022461
1996-05-24,40.3613166809082
1996-05-28,39.95427322387695
1996-05-29,39.686004638671875
1996-05-30,39.8895263671875
1996-05-31,39.59349822998047
1996-06-03,39.70452117919922
1996-06-04,39.98201370239258
1996-06-05,40.33356475830078
1996-06-06,40.03754806518555
1996-06-07,40.03754806518555
1996-06-10,39.90802764892578
1996-06-11,39.87102127075195
1996-06-12,39.79701232910156
1996-06-13,39.79701232910156
1996-06-14,39.63050079345703
1996-06-17,39.60272979736328
1996-06-18,39.278968811035156
1996-06-19,39.45474624633789
1996-06-20,39.426979064941406
1996-06-21,39.76609420776367
1996-06-24,39.840492248535156
1996-06-25,39.79399490356445
1996-06-26,39.5243034362793
1996-06-27,39.80329513549805
1996-06-28,39.942806243896484
1996-07-01,40.28689193725586
1996-07-02,40.13809585571289
1996-07-03,40.05438995361328
1996-07-05,39.031410217285156
1996-07-08,38.87329864501953
1996-07-09,39.031410217285156
1996-07-10,39.189510345458984
1996-07-11,38.39902877807617
1996-07-12,38.42691421508789
1996-07-15,37.29233932495117
1996-07-16,37.385337829589844
1996-07-17,37.831729888916016
1996-07-18,38.35250473022461
1996-07-19,38.07350540161133
1996-07-22,37.79453659057617
1996-07-23,37.310935974121094
1996-07-24,37.385337829589844
1996-07-25,37.72012710571289
1996-07-26,37.92473220825195
1996-07-29,37.50623321533203
1996-07-30,37.868927001953125
1996-07-31,38.147926330566406
1996-08-01,38.78030014038086
1996-08-02,39.61729049682617
1996-08-05,39.384796142578125
1996-08-06,39.50569534301758
1996-08-07,39.60798645019531
1996-08-08,39.542911529541016
1996-08-09,39.41269302368164
1996-08-12,39.70098876953125
1996-08-13,39.384796142578125
1996-08-14,39.5243034362793
1996-08-15,39.44989776611328
1996-08-16,39.784690856933594
1996-08-19,39.80329513549805
1996-08-20,39.775390625
1996-08-21,39.635887145996094
1996-08-22,40.007904052734375
1996-08-23,39.79399490356445
1996-08-26,39.598690032958984
1996-08-27,39.74748611450195
1996-08-28,39.682395935058594
1996-08-29,39.29182052612305
1996-08-30,38.88260269165039
1996-09-03,39.133705139160156
1996-09-04,39.170921325683594
1996-09-05,38.696624755859375
1996-09-06,39.24531173706055
1996-09-09,39.710269927978516
1996-09-10,39.691707611083984
1996-09-11,39.91488265991211
1996-09-12,40.19387435913086
1996-09-13,40.80766296386719
1996-09-16,40.95647430419922
1996-09-17,40.86349868774414
1996-09-18,40.761173248291016
1996-09-19,40.91926574707031
1996-09-20,41.064430236816406
1996-09-23,41.05506896972656
1996-09-24,41.045738220214844
1996-09-25,41.073787689208984
1996-09-26,41.05506896972656
1996-09-27,41.09246826171875
1996-09-30,41.05506896972656
1996-10-01,41.27940368652344
1996-10-02,41.55986404418945
1996-10-03,41.52245330810547
1996-10-04,42.08331298828125
1996-10-07,42.130069732666016
1996-10-08,41.96180725097656
1996-10-09,41.63462829589844
1996-10-10,41.55051040649414
1996-10-11,42.06464385986328
1996-10-14,42.120704650878906
1996-10-15,42.06464385986328
1996-10-16,42.270259857177734
1996-10-17,42.38245391845703
1996-10-18,42.60679626464844
1996-10-21,42.550689697265625
1996-10-22,42.25159454345703
1996-10-23,42.39180374145508
1996-10-24,42.027244567871094
1996-10-25,42.06464385986328
1996-10-28,41.78419876098633
1996-10-29,42.120704650878906
1996-10-30,41.98049545288086
1996-10-31,42.38245391845703
1996-11-01,42.23289108276367
1996-11-04,42.51332092285156
1996-11-05,42.75636672973633
1996-11-06,43.57896423339844
1996-11-07,43.6817741394043
1996-11-08,43.924808502197266
1996-11-11,43.87805938720703
1996-11-12,43.747215270996094
1996-11-13,43.943519592285156
1996-11-14,44.233299255371094
1996-11-15,44.28936767578125
1996-11-18,44.29872512817383
1996-11-19,44.616546630859375
1996-11-20,44.69133758544922
1996-11-21,44.62588882446289
1996-11-22,44.97175598144531
1996-11-25,45.54195785522461
1996-11-26,45.39240264892578
1996-11-27,45.30826950073242
1996-11-29,45.476524353027344
1996-12-02,45.495216369628906
1996-12-03,44.7193717956543
1996-12-04,44.840885162353516
1996-12-05,44.7193717956543
1996-12-06,44.457637786865234
1996-12-09,45.11197280883789
1996-12-10,44.89698791503906
1996-12-11,44.48567199707031
1996-12-12,43.747215270996094
1996-12-13,43.8593635559082
1996-12-16,43.29850769042969
1996-12-17,43.64436721801758
1996-12-18,43.99026107788086
1996-12-19,44.89698791503906
1996-12-20,44.99549865722656
1996-12-23,44.88277053833008
1996-12-24,45.21157455444336
1996-12-26,45.55911636352539
1996-12-27,45.615474700927734
1996-12-30,45.22095489501953
1996-12-31,44.394309997558594
1997-01-02,44.507022857666016
1997-01-03,45.14579772949219
1997-01-06,44.751251220703125
1997-01-07,45.29611587524414
1997-01-08,44.901546478271484
1997-01-09,45.27729797363281
1997-01-10,45.76577377319336
1997-01-13,45.700008392333984
1997-01-14,46.27302169799805
1997-01-15,46.16029739379883
1997-01-16,46.34818649291992
1997-01-17,46.62997817993164
1997-01-20,46.68634033203125
1997-01-21,47.062103271484375
1997-01-22,47.400272369384766
1997-01-23,46.742740631103516
1997-01-24,46.14154052734375
1997-01-27,46.01002883911133
1997-01-28,46.14154052734375
1997-01-29,46.59242630004883
1997-01-30,47.19361877441406
1997-01-31,47.137264251708984
1997-02-03,47.278141021728516
1997-02-04,47.56935119628906
1997-02-05,46.67694854736328
1997-02-06,46.9869384765625
1997-02-07,47.62572479248047
1997-02-10,47.174800872802734
1997-02-11,47.719661712646484
1997-02-12,48.39598846435547
1997-02-13,48.9220085144043
1997-02-14,48.8093376159668
1997-02-18,49.22262191772461
1997-02-19,48.893836975097656
1997-02-20,48.302059173583984
1997-02-21,48.320838928222656
1997-02-24,48.893836975097656
1997-02-25,48.93143844604492
1997-02-26,48.45237350463867
1997-02-27,47.729068756103516
1997-02-28,47.588134765625
1997-03-03,47.90752029418945
1997-03-04,47.644527435302734
1997-03-05,48.45237350463867
1997-03-06,48.170562744140625
1997-03-07,48.602657318115234
1997-03-10,49.109901428222656
1997-03-11,48.84687423706055
1997-03-12,48.414764404296875
1997-03-13,47.66326904296875
1997-03-14,47.90752029418945
1997-03-17,48.0390510559082
1997-03-18,47.52238845825195
1997-03-19,47.3626823425293
1997-03-20,47.11845779418945
1997-03-21,47.33661651611328
1997-03-24,47.99668884277344
1997-03-25,47.525184631347656
1997-03-26,47.732643127441406
1997-03-27,46.469085693359375
1997-03-31,45.4884147644043
1997-04-01,45.780738830566406
1997-04-02,44.96036148071289
1997-04-03,45.205528259277344
1997-04-04,45.77130889892578
1997-04-07,45.95045852661133
1997-04-08,46.28050994873047
1997-04-09,45.90333557128906
1997-04-10,45.73358154296875
1997-04-11,44.28142166137695
1997-04-14,44.875511169433594
1997-04-15,45.639278411865234
1997-04-16,46.1673583984375
1997-04-17,45.978755950927734
1997-04-18,46.205078125
1997-04-21,45.90333557128906
1997-04-22,46.91228485107422
1997-04-23,46.95943069458008
1997-04-24,46.723690032958984
1997-04-25,46.18621063232422
1997-04-28,46.63881301879883
1997-04-29,48.10989761352539
1997-04-30,48.3361701965332
1997-05-01,48.27961349487305
1997-05-02,49.14707946777344
1997-05-05,50.31638717651367
1997-05-06,50.2786865234375
1997-05-07,49.18483352661133
1997-05-08,49.52426528930664
1997-05-09,49.86374282836914
1997-05-12,50.69355773925781
1997-05-13,50.48611068725586
1997-05-14,50.580387115478516
1997-05-15,50.919883728027344
1997-05-16,50.222068786621094
1997-05-19,50.37295150756836
1997-05-20,50.976436614990234
1997-05-21,50.8632926940918
1997-05-22,50.69355773925781
1997-05-23,51.165042877197266
1997-05-27,51.37250518798828
1997-05-28,51.363037109375
1997-05-29,51.06132507324219
1997-05-30,51.391334533691406
1997-06-02,51.165042877197266
1997-06-03,50.99530792236328
1997-06-04,50.938743591308594
1997-06-05,51.12732696533203
1997-06-06,52.12687301635742
1997-06-09,52.390865325927734
1997-06-10,52.551185607910156
1997-06-11,52.673770904541016
1997-06-12,53.69218063354492
1997-06-13,54.144798278808594
1997-06-16,54.163665771484375
1997-06-17,54.088233947753906
1997-06-18,53.89962387084961
1997-06-19,54.45595169067383
1997-06-20,54.2703971862793
1997-06-23,52.954593658447266
1997-06-24,54.2988395690918
1997-06-25,53.92018127441406
1997-06-26,53.65511703491211
1997-06-27,53.86338806152344
1997-06-30,53.50365447998047
1997-07-01,54.128448486328125
1997-07-02,55.01827621459961
1997-07-03,55.77558135986328
1997-07-07,55.20761489868164
1997-07-08,55.78506088256836
1997-07-09,55.16973876953125
1997-07-10,55.41585922241211
1997-07-11,55.60518264770508
1997-07-14,55.77558135986328
1997-07-15,56.0595817565918
1997-07-16,56.79794692993164
1997-07-17,56.513954162597656
1997-07-18,55.311729431152344
1997-07-21,55.32119369506836
1997-07-22,56.788448333740234
1997-07-23,56.741153717041016
1997-07-24,57.006168365478516
1997-07-25,56.96833419799805
1997-07-28,56.930484771728516
1997-07-29,57.119808197021484
1997-07-30,57.8013801574707
1997-07-31,57.744590759277344
1997-08-01,57.51738357543945
1997-08-04,57.66884231567383
1997-08-05,57.70671081542969
1997-08-06,58.18004608154297
1997-08-07,57.744590759277344
1997-08-08,56.57075881958008
1997-08-11,56.987274169921875
1997-08-12,56.07849884033203
1997-08-13,55.908111572265625
1997-08-14,56.116363525390625
1997-08-15,54.393489837646484
1997-08-18,55.60518264770508
1997-08-19,56.2488899230957
1997-08-20,57.100868225097656
1997-08-21,56.09742736816406
1997-08-22,56.07849884033203
1997-08-25,55.87022018432617
1997-08-26,55.046688079833984
1997-08-27,55.37797164916992
1997-08-28,54.53547286987305
1997-08-29,54.75322723388672
1997-09-02,56.532867431640625
1997-09-03,56.229942321777344
1997-09-04,56.589698791503906
1997-09-05,56.42878341674805
1997-09-08,56.674922943115234
1997-09-09,56.703277587890625
1997-09-10,55.52942657470703
1997-09-11,55.24544906616211
1997-09-12,56.13528823852539
1997-09-15,56.0406379699707
1997-09-16,57.441654205322266
1997-09-17,57.441654205322266
1997-09-18,57.687782287597656
1997-09-19,57.785362243652344
1997-09-22,58.108428955078125
1997-09-23,57.84237289428711
1997-09-24,57.36732482910156
1997-09-25,56.96826171875
1997-09-26,57.443359375
1997-09-29,57.994422912597656
1997-09-30,57.38633728027344
1997-10-01,58.14641189575195
1997-10-02,58.469451904296875
1997-10-03,58.763999938964844
1997-10-06,59.15353775024414
1997-10-07,59.704566955566406
1997-10-08,59.28654861450195
1997-10-09,59.07754898071289
1997-10-10,58.906497955322266
1997-10-13,58.963504791259766
1997-10-14,58.982505798339844
1997-10-15,58.84950637817383
1997-10-16,57.918392181396484
1997-10-17,57.329345703125
1997-10-20,58.14641189575195
1997-10-21,59.27705383300781
1997-10-22,58.887474060058594
1997-10-23,57.7283935546875
1997-10-24,57.158287048339844
1997-10-27,53.015846252441406
1997-10-28,56.075164794921875
1997-10-29,55.92316818237305
1997-10-30,54.68803787231445
1997-10-31,55.980167388916016
1997-11-03,57.158287048339844
1997-11-04,57.158287048339844
1997-11-05,57.34833908081055
1997-11-06,57.12984085083008
1997-11-07,56.5122184753418
1997-11-10,56.170188903808594
1997-11-11,56.18921661376953
1997-11-12,55.03005599975586
1997-11-13,55.82814407348633
1997-11-14,56.588253021240234
1997-11-17,57.633331298828125
1997-11-18,57.272308349609375
1997-11-19,57.55733108520508
1997-11-20,58.43144226074219
1997-11-21,58.83043670654297
1997-11-24,57.76637649536133
1997-11-25,57.918392181396484
1997-11-26,58.08939743041992
1997-11-28,58.14641189575195
1997-12-01,59.647579193115234
1997-12-02,59.28654861450195
1997-12-03,59.45756912231445
1997-12-04,59.40053176879883
1997-12-05,60.16062927246094
1997-12-08,59.989627838134766
1997-12-09,59.628536224365234
1997-12-10,59.11551284790039
1997-12-11,58.108428955078125
1997-12-12,58.22243118286133
1997-12-15,58.81147003173828
1997-12-16,59.172515869140625
1997-12-17,58.86848831176758
1997-12-18,58.298439025878906
1997-12-19,57.86266326904297
1997-12-22,58.234703063964844
1997-12-23,57.1949348449707
1997-12-24,57.02325439453125
1997-12-26,57.25220489501953
1997-12-29,58.377784729003906
1997-12-30,59.29349136352539
1997-12-31,59.255367279052734
1998-01-02,59.560569763183594
1998-01-05,59.69418716430664
1998-01-06,58.740257263183594
1998-01-07,58.892913818359375
1998-01-08,58.377784729003906
1998-01-09,56.35554122924805
1998-01-12,57.38572692871094
1998-01-13,58.1870231628418
1998-01-14,58.4540901184082
1998-01-15,57.967586517333984
1998-01-16,58.79750442504883
1998-01-20,59.75135803222656
1998-01-21,59.17905807495117
1998-01-22,58.654422760009766
1998-01-23,58.56856155395508
1998-01-26,58.530426025390625
1998-01-27,59.12183380126953
1998-01-28,59.6560173034668
1998-01-29,59.98033142089844
1998-01-30,60.01845932006836
1998-02-02,61.010494232177734
1998-02-03,61.46836471557617
1998-02-04,61.39204025268555
1998-02-05,61.35391616821289
1998-02-06,62.04072189331055
1998-02-09,61.83087158203125
1998-02-10,62.42226791381836
1998-02-11,62.365028381347656
1998-02-12,62.632102966308594
1998-02-13,62.269649505615234
1998-02-17,62.574886322021484
1998-02-18,63.14720153808594
1998-02-19,62.813377380371094
1998-02-20,63.28076171875
1998-02-23,63.52876663208008
1998-02-24,63.03272247314453
1998-02-25,63.81496810913086
1998-02-26,64.17742156982422
1998-02-27,64.17742156982422
1998-03-02,64.04385375976562
1998-03-03,64.40631866455078
1998-03-04,63.98663330078125
1998-03-05,63.3952522277832
1998-03-06,64.6734390258789
1998-03-09,64.44450378417969
1998-03-10,65.05497741699219
1998-03-11,65.36019134521484
1998-03-12,65.62728118896484
1998-03-13,65.37930297851562
1998-03-16,66.08515930175781
1998-03-17,66.27595520019531
1998-03-18,66.52395629882812
1998-03-19,66.69569396972656
1998-03-20,67.26995086669922
1998-03-23,67.11688995361328
1998-03-24,67.69091033935547
1998-03-25,67.4421157836914
1998-03-26,67.40386199951172
1998-03-27,67.11688995361328
1998-03-30,67.07862854003906
1998-03-31,67.30823516845703
1998-04-01,67.85347747802734
1998-04-02,68.59010314941406
1998-04-03,68.9344711303711
1998-04-06,68.37965393066406
1998-04-07,67.92046356201172
1998-04-08,67.53780364990234
1998-04-09,68.07352447509766
1998-04-13,67.88217163085938
1998-04-14,68.45619201660156
1998-04-15,68.64749908447266
1998-04-16,67.84390258789062
1998-04-17,68.7431640625
1998-04-20,68.72404479980469
1998-04-21,69.04924011230469
1998-04-22,69.24061584472656
1998-04-23,68.5709457397461
1998-04-24,67.84390258789062
1998-04-27,66.56204986572266
1998-04-28,66.46635437011719
1998-04-29,66.92559051513672
1998-04-30,68.16917419433594
1998-05-01,68.9344711303711
1998-05-04,68.76229858398438
1998-05-05,68.28399658203125
1998-05-06,67.48043060302734
1998-05-07,66.94468688964844
1998-05-08,68.03523254394531
1998-05-11,67.80567932128906
1998-05-12,68.5327377319336
1998-05-13,68.70488739013672
1998-05-14,68.36052703857422
1998-05-15,67.97785186767578
1998-05-18,67.70997619628906
1998-05-19,68.16917419433594
1998-05-20,68.8196792602539
1998-05-21,68.37965393066406
1998-05-22,68.11175537109375
1998-05-26,67.0212173461914
1998-05-27,67.11688995361328
1998-05-28,67.4229965209961
1998-05-29,66.75336456298828
1998-06-01,67.0594711303711
1998-06-02,67.11688995361328
1998-06-03,66.04548645019531
1998-06-04,67.26995086669922
1998-06-05,68.5709457397461
1998-06-08,68.49441528320312
1998-06-09,68.70488739013672
1998-06-10,68.26484680175781
1998-06-11,66.98294830322266
1998-06-12,67.61431121826172
1998-06-15,65.83499908447266
1998-06-16,66.84906005859375
1998-06-17,68.2457275390625
1998-06-18,67.93956756591797
1998-06-19,67.59918975830078
1998-06-22,67.92545318603516
1998-06-23,68.73155975341797
1998-06-24,69.65286254882812
1998-06-25,69.5377197265625
1998-06-26,69.82559967041016
1998-06-29,70.07514953613281
1998-06-30,69.59529113769531
1998-07-01,70.40143585205078
1998-07-02,70.53572845458984
1998-07-06,71.24590301513672
1998-07-07,71.11157989501953
1998-07-08,71.62977600097656
1998-07-09,71.14994049072266
1998-07-10,71.53385162353516
1998-07-13,71.552978515625
1998-07-14,72.35914611816406
1998-07-15,72.22479248046875
1998-07-16,72.72378540039062
1998-07-17,72.8198013305664
1998-07-20,72.8198013305664
1998-07-21,71.552978515625
1998-07-22,71.552978515625
1998-07-23,70.13272857666016
1998-07-24,70.07514953613281
1998-07-27,70.57415771484375
1998-07-28,69.38418579101562
1998-07-29,69.11546325683594
1998-07-30,70.15190887451172
1998-07-31,68.65481567382812
1998-08-03,68.36685180664062
1998-08-04,65.71823120117188
1998-08-05,66.62032318115234
1998-08-06,66.9081802368164
1998-08-07,67.02338409423828
1998-08-10,66.63951110839844
1998-08-11,65.64144897460938
1998-08-12,66.754638671875
1998-08-13,65.94853973388672
1998-08-14,65.1808090209961
1998-08-17,66.562744140625
1998-08-18,67.79109954833984
1998-08-19,67.61835479736328
1998-08-20,67.21527099609375
1998-08-21,66.67789459228516
1998-08-24,67.10017395019531
1998-08-25,67.2536849975586
1998-08-26,66.86984252929688
1998-08-27,63.722103118896484
1998-08-28,63.491783142089844
1998-08-31,58.96215057373047
1998-09-01,61.457305908203125
1998-09-02,61.01582717895508
1998-09-03,60.53600311279297
1998-09-04,60.0369873046875
1998-09-08,63.26148223876953
1998-09-09,61.7259521484375
1998-09-10,60.49764633178711
1998-09-11,62.45533752441406
1998-09-14,63.530181884765625
1998-09-15,63.91403579711914
1998-09-16,64.48982238769531
1998-09-17,62.64729690551758
1998-09-18,62.92634582519531
1998-09-21,62.88782501220703
1998-09-22,63.40788269042969
1998-09-23,65.9503173828125
1998-09-24,64.33242797851562
1998-09-25,64.25534057617188
1998-09-28,64.83318328857422
1998-09-29,64.6791000366211
1998-09-30,62.71449279785156
1998-10-01,60.90391159057617
1998-10-02,62.07883071899414
1998-10-05,60.82685470581055
1998-10-06,60.769073486328125
1998-10-07,59.863800048828125
1998-10-08,59.536373138427734
1998-10-09,60.730560302734375
1998-10-12,61.61656951904297
1998-10-13,61.4046745300293
1998-10-14,61.98252487182617
1998-10-15,65.31468963623047
1998-10-16,65.33399200439453
1998-10-19,65.56511688232422
1998-10-20,65.9503173828125
1998-10-21,65.71920776367188
1998-10-22,66.70154571533203
1998-10-23,65.8540267944336
1998-10-26,66.33557891845703
1998-10-27,65.9503173828125
1998-10-28,65.83476257324219
1998-10-29,67.43345642089844
1998-10-30,67.7994155883789
1998-11-02,68.95506286621094
1998-11-03,68.45428466796875
1998-11-04,69.18618774414062
1998-11-05,70.13003540039062
1998-11-06,70.3419189453125
1998-11-09,69.84109497070312
1998-11-10,69.64849090576172
1998-11-11,69.18618774414062
1998-11-12,69.10920715332031
1998-11-13,69.78334045410156
1998-11-16,70.30337524414062
1998-11-17,70.30337524414062
1998-11-18,70.72712707519531
1998-11-19,71.34346008300781
1998-11-20,71.88279724121094
1998-11-23,73.57777404785156
1998-11-24,73.11551666259766
1998-11-25,73.11551666259766
1998-11-27,73.65481567382812
1998-11-30,71.57460021972656
1998-12-01,72.49913024902344
1998-12-02,72.28727722167969
1998-12-03,71.09310150146484
1998-12-04,72.96138000488281
1998-12-07,73.3081283569336
1998-12-08,72.98067474365234
1998-12-09,73.11551666259766
1998-12-10,72.0464859008789
1998-12-11,72.19096374511719
1998-12-14,70.11076354980469
1998-12-15,71.92134094238281
1998-12-16,71.82501983642578
1998-12-17,72.97105407714844
1998-12-18,73.28108978271484
1998-12-21,74.30534362792969
1998-12-22,74.63385772705078
1998-12-23,76.1991958618164
1998-12-24,75.87068176269531
1998-12-28,75.67744445800781
1998-12-29,76.87559509277344
1998-12-30,76.25719451904297
1998-12-31,76.25719451904297
1999-01-04,76.08325958251953
1999-01-05,76.952880859375
1999-01-06,78.80810546875
1999-01-07,78.4216079711914
1999-01-08,79.00133514404297
1999-01-11,78.24769592285156
1999-01-12,76.8369369506836
1999-01-13,76.29581451416016
1999-01-14,74.96237182617188
1999-01-15,76.91424560546875
1999-01-19,77.41668701171875
1999-01-20,78.03507995605469
1999-01-21,75.96730041503906
1999-01-22,75.79338073730469
1999-01-25,76.56637573242188
1999-01-26,77.95779418945312
1999-01-27,77.04950714111328
1999-01-28,78.34432220458984
1999-01-29,78.94338989257812
1999-02-01,78.47956085205078
1999-02-02,77.99645233154297
1999-02-03,78.78875732421875
1999-02-04,77.60994720458984
1999-02-05,76.72100067138672
1999-02-08,76.87559509277344
1999-02-09,75.1556625366211
1999-02-10,75.63877868652344
1999-02-11,77.37804412841797
1999-02-12,76.45044708251953
1999-02-16,75.98661041259766
1999-02-17,75.90933227539062
1999-02-18,76.5084228515625
1999-02-19,76.8369369506836
1999-02-22,78.8853988647461
1999-02-23,78.84676361083984
1999-02-24,77.45532989501953
1999-02-25,76.72100067138672
1999-02-26,76.41178894042969
1999-03-01,76.6243667602539
1999-03-02,75.94799041748047
1999-03-03,76.35381317138672
1999-03-04,77.32008361816406
1999-03-05,78.87574005126953
1999-03-08,79.38788604736328
1999-03-09,79.19465637207031
1999-03-10,79.89031982421875
1999-03-11,80.77924346923828
1999-03-12,80.00624084472656
1999-03-15,81.14645385742188
1999-03-16,80.8372573852539
1999-03-17,80.48938751220703
1999-03-18,81.78422546386719
1999-03-19,80.39404296875
1999-03-22,80.54899597167969
1999-03-23,78.224365234375
1999-03-24,78.66991424560547
1999-03-25,80.27779388427734
1999-03-26,79.6966552734375
1999-03-29,81.30453491210938
1999-03-30,80.87834930419922
1999-03-31,79.58042907714844
1999-04-01,80.18095397949219
1999-04-05,82.07939910888672
1999-04-06,81.88565826416016
1999-04-07,82.5443344116211
1999-04-08,83.5904769897461
1999-04-09,83.60980224609375
1999-04-12,84.50093841552734
1999-04-13,83.95848846435547
1999-04-14,82.5443344116211
1999-04-15,82.23441314697266
1999-04-16,81.53697204589844
1999-04-19,80.27779388427734
1999-04-20,81.28516387939453
1999-04-21,83.60980224609375
1999-04-22,84.40404510498047
1999-04-23,84.19098663330078
1999-04-26,84.67530059814453
1999-04-27,85.08209991455078
1999-04-28,83.91976928710938
1999-04-29,83.28046417236328
1999-04-30,82.60246276855469
1999-05-03,84.11349487304688
1999-05-04,82.91241455078125
1999-05-05,83.57111358642578
1999-05-06,83.05770111083984
1999-05-07,83.68729400634766
1999-05-10,83.27076721191406
1999-05-11,84.11349487304688
1999-05-12,84.7721176147461
1999-05-13,85.14018249511719
1999-05-14,82.93180847167969
1999-05-17,83.18362426757812
1999-05-18,83.02860260009766
1999-05-19,83.62916564941406
1999-05-20,83.1254653930664
1999-05-21,82.66058349609375
1999-05-24,81.28516387939453
1999-05-25,79.96786499023438
1999-05-26,80.85897064208984
1999-05-27,79.6966552734375
1999-05-28,80.71369934082031
1999-06-01,80.43277740478516
1999-06-02,80.51029968261719
1999-06-03,80.95581817626953
1999-06-04,82.58313751220703
1999-06-07,82.79617309570312
1999-06-08,81.98258972167969
1999-06-09,81.90506744384766
1999-06-10,81.14958953857422
1999-06-11,80.47154998779297
1999-06-14,80.54899597167969
1999-06-15,81.0914535522461
1999-06-16,82.64119720458984
1999-06-17,83.41606140136719
1999-06-18,83.51245880126953
1999-06-21,83.70674133300781
1999-06-22,83.12382507324219
1999-06-23,82.71580505371094
1999-06-24,82.09403991699219
1999-06-25,81.8900146484375
1999-06-28,82.89067077636719
1999-06-29,83.66789245605469
1999-06-30,85.18350982666016
1999-07-01,85.82467651367188
1999-07-02,86.6796646118164
1999-07-06,86.66019439697266
1999-07-07,86.77678680419922
1999-07-08,86.84478759765625
1999-07-09,87.35971069335938
1999-07-12,86.97108459472656
1999-07-13,86.66019439697266
1999-07-14,87.14600372314453
1999-07-15,87.69976806640625
1999-07-16,88.17578887939453
1999-07-19,87.59285736083984
1999-07-20,85.7955093383789
1999-07-21,85.6983871459961
1999-07-22,84.5714340209961
1999-07-23,84.40628051757812
1999-07-26,83.78448486328125
1999-07-27,84.48400115966797
1999-07-28,84.75603485107422
1999-07-29,83.57075500488281
1999-07-30,82.5409164428711
1999-08-02,82.7352294921875
1999-08-03,82.34664916992188
1999-08-04,81.2196273803711
1999-08-05,81.9580078125
1999-08-06,81.06422424316406
1999-08-09,80.88931274414062
1999-08-10,79.99552154541016
1999-08-11,80.9670639038086
1999-08-12,80.91848754882812
1999-08-13,82.79351806640625
1999-08-16,83.16270446777344
1999-08-17,83.70674133300781
1999-08-18,83.1043930053711
1999-08-19,82.42436218261719
1999-08-20,83.25990295410156
1999-08-23,84.85316467285156
1999-08-24,85.16404724121094
1999-08-25,86.03839874267578
1999-08-26,85.00860595703125
1999-08-27,83.9787826538086
1999-08-30,82.42436218261719
1999-08-31,82.11349487304688
1999-09-01,83.12382507324219
1999-09-02,82.1426010131836
1999-09-03,84.54226684570312
1999-09-07,84.23137664794922
1999-09-08,83.82340240478516
1999-09-09,83.78448486328125
1999-09-10,84.48400115966797
1999-09-13,83.91078186035156
1999-09-14,83.35700225830078
1999-09-15,82.03572845458984
1999-09-16,82.35635375976562
1999-09-17,83.39692687988281
1999-09-20,83.27999877929688
1999-09-21,81.52632904052734
1999-09-22,81.43865966796875
1999-09-23,79.73372650146484
1999-09-24,79.65574645996094
1999-09-27,80.18183898925781
1999-09-28,80.02597045898438
1999-09-29,79.07122039794922
1999-09-30,80.2792739868164
1999-10-01,80.10391998291016
1999-10-04,81.52632904052734
1999-10-05,81.44837951660156
1999-10-06,82.69544982910156
1999-10-07,82.22781372070312
1999-10-08,83.47486877441406
1999-10-11,83.33847045898438
1999-10-12,82.05250549316406
1999-10-13,79.92857360839844
1999-10-14,79.9090347290039
1999-10-15,77.86309814453125
1999-10-18,78.42820739746094
1999-10-19,79.18814849853516
1999-10-20,79.967529296875
1999-10-21,80.4351806640625
1999-10-22,81.11714935302734
1999-10-25,80.70795440673828
1999-10-26,79.69473266601562
1999-10-27,81.1366195678711
1999-10-28,83.90352630615234
1999-10-29,85.42340087890625
1999-11-01,84.52709197998047
1999-11-02,83.92302703857422
1999-11-03,84.48811340332031
1999-11-04,85.1311264038086
1999-11-05,85.96897888183594
1999-11-08,86.04695892333984
1999-11-09,85.23831176757812
1999-11-10,85.87155151367188
1999-11-11,86.35869598388672
1999-11-12,87.13809204101562
1999-11-15,87.34270477294922
1999-11-16,88.07340240478516
1999-11-17,88.30718231201172
1999-11-18,88.93073272705078
1999-11-19,88.85279083251953
1999-11-22,88.83333587646484
1999-11-23,88.05390930175781
1999-11-24,88.52154541015625
1999-11-26,88.19029998779297
1999-11-29,87.87855529785156
1999-11-30,86.84584045410156
1999-12-01,87.54729461669922
1999-12-02,88.07340240478516
1999-12-03,89.690673828125
1999-12-06,89.02816772460938
1999-12-07,88.30718231201172
1999-12-08,87.74213409423828
1999-12-09,88.17080688476562
1999-12-10,88.46310424804688
1999-12-13,88.61898040771484
1999-12-14,87.76162719726562
1999-12-15,88.22929382324219
1999-12-16,88.61898040771484
1999-12-17,89.1880874633789
1999-12-20,88.5434799194336
1999-12-21,89.89129638671875
1999-12-22,90.12565612792969
1999-12-23,91.56138610839844
1999-12-27,91.43440246582031
1999-12-28,91.37581634521484
1999-12-29,91.7664566040039
1999-12-30,91.65904235839844
1999-12-31,91.8055191040039
2000-01-03,90.90703582763672
2000-01-04,87.35198974609375
2000-01-05,87.50826263427734
2000-01-06,86.10189819335938
2000-01-07,91.10231018066406
2000-01-10,91.41485595703125
2000-01-11,90.32103729248047
2000-01-12,89.42247772216797
2000-01-13,90.6335678100586
2000-01-14,91.86418914794922
2000-01-18,91.14141845703125
2000-01-19,91.88368225097656
2000-01-20,90.4773178100586
2000-01-21,90.28192901611328
2000-01-24,87.72310638427734
2000-01-25,88.71928405761719
2000-01-26,88.01614379882812
2000-01-27,87.66448974609375
2000-01-28,84.92990112304688
2000-01-31,87.23479461669922
2000-02-01,88.0942611694336
2000-02-02,88.17236328125
2000-02-03,89.50060272216797
2000-02-04,89.12950897216797
2000-02-07,88.9927749633789
2000-02-08,90.2038345336914
2000-02-09,88.3091049194336
2000-02-10,88.48491668701172
2000-02-11,86.68783569335938
2000-02-14,87.19576263427734
2000-02-15,88.1821517944336
2000-02-16,86.88322448730469
2000-02-17,86.4339370727539
2000-02-18,84.57827758789062
2000-02-22,84.36346435546875
2000-02-23,85.35963439941406
2000-02-24,83.64071655273438
2000-02-25,83.33795166015625
2000-02-28,85.08614349365234
2000-02-29,85.90652465820312
2000-03-01,86.53160858154297
2000-03-02,86.59019470214844
2000-03-03,88.21143341064453
2000-03-06,87.35198974609375
2000-03-07,85.66238403320312
2000-03-08,85.55492401123047
2000-03-09,88.05516052246094
2000-03-10,87.58638000488281
2000-03-13,86.62926483154297
2000-03-14,85.39869689941406
2000-03-15,87.39107513427734
2000-03-16,91.47348022460938
2000-03-17,92.07804870605469
2000-03-20,91.60806274414062
2000-03-21,93.48794555664062
2000-03-22,94.05585479736328
2000-03-23,95.66163635253906
2000-03-24,96.22953796386719
2000-03-27,95.21125793457031
2000-03-28,94.66295623779297
2000-03-29,94.76089477539062
2000-03-30,93.17461395263672
2000-03-31,94.23209381103516
2000-04-03,94.78042602539062
2000-04-04,94.07549285888672
2000-04-05,93.48794555664062
2000-04-06,94.30066680908203
2000-04-07,94.89795684814453
2000-04-10,94.52583312988281
2000-04-11,94.25167083740234
2000-04-12,91.66680908203125
2000-04-13,90.39392852783203
2000-04-14,85.22406768798828
2000-04-17,88.20062255859375
2000-04-18,90.531005859375
2000-04-19,89.68889617919922
2000-04-20,90.11975860595703
2000-04-24,89.14065551757812
2000-04-25,92.84175109863281
2000-04-26,91.79408264160156
2000-04-27,91.49053955078125
2000-04-28,90.92264556884766
2000-05-01,92.15636444091797
2000-05-02,90.31558227539062
2000-05-03,88.20062255859375
2000-05-04,88.86647033691406
2000-05-05,89.94351196289062
2000-05-08,89.26792907714844
2000-05-09,88.55315399169922
2000-05-10,86.55570983886719
2000-05-11,88.53356170654297
2000-05-12,89.49308013916016
2000-05-15,91.0401382446289
2000-05-16,91.92134857177734
2000-05-17,90.96183776855469
2000-05-18,89.84564208984375
2000-05-19,88.43562316894531
2000-05-22,87.76981353759766
2000-05-23,86.4773941040039
2000-05-24,87.88729858398438
2000-05-25,86.3794174194336
2000-05-26,86.4773941040039
2000-05-30,89.29730224609375
2000-05-31,89.49308013916016
2000-06-01,91.05968475341797
2000-06-02,92.64594268798828
2000-06-05,92.19549560546875
2000-06-06,91.78429412841797
2000-06-07,92.42070007324219
2000-06-08,92.0584487915039
2000-06-09,91.86262512207031
2000-06-12,90.78556060791016
2000-06-13,92.48926544189453
2000-06-14,92.64594268798828
2000-06-15,92.84175109863281
2000-06-16,92.07890319824219
2000-06-19,93.25663757324219
2000-06-20,92.9229736328125
2000-06-21,92.88367462158203
2000-06-22,91.47038269042969
2000-06-23,90.68527221679688
2000-06-26,91.85315704345703
2000-06-27,91.17597961425781
2000-06-28,91.4311294555664
2000-06-29,90.56745910644531
2000-06-30,91.25447082519531
2000-07-03,92.51078796386719
2000-07-05,90.84231567382812
2000-07-06,91.54890441894531
2000-07-07,93.02107238769531
2000-07-10,92.86405944824219
2000-07-11,93.0603256225586
2000-07-12,93.66883087158203
2000-07-13,94.0810317993164
2000-07-14,95.00357055664062
2000-07-17,94.84659576416016
2000-07-18,94.07121276855469
2000-07-19,93.31552124023438
2000-07-20,94.61105346679688
2000-07-21,92.76597595214844
2000-07-24,92.23592376708984
2000-07-25,92.53031921386719
2000-07-26,91.6274185180664
2000-07-27,91.31336975097656
2000-07-28,89.25236511230469
2000-07-31,89.82161712646484
2000-08-01,90.37117767333984
2000-08-02,90.82266998291016
2000-08-03,91.45076751708984
2000-08-04,91.94149017333984
2000-08-07,93.04072570800781
2000-08-08,93.39399719238281
2000-08-09,92.60887908935547
2000-08-10,92.15738677978516
2000-08-11,92.58926391601562
2000-08-14,93.76696014404297
2000-08-15,93.68844604492188
2000-08-16,93.35477447509766
2000-08-17,94.33619689941406
2000-08-18,94.02212524414062
2000-08-21,94.53250122070312
2000-08-22,94.37549591064453
2000-08-23,94.74839782714844
2000-08-24,95.04290008544922
2000-08-25,95.00357055664062
2000-08-28,95.32747650146484
2000-08-29,95.34712982177734
2000-08-30,94.43434143066406
2000-08-31,95.6906509399414
2000-09-01,95.78874206542969
2000-09-05,95.02322387695312
2000-09-06,93.94361877441406
2000-09-07,94.74839782714844
2000-09-08,94.10065460205078
2000-09-11,93.96322631835938
2000-09-12,93.27627563476562
2000-09-13,93.52163696289062
2000-09-14,93.99270629882812
2000-09-15,91.93631744384766
2000-09-18,91.09020233154297
2000-09-19,91.9166488647461
2000-09-20,91.23780059814453
2000-09-21,89.85047912597656
2000-09-22,91.48372650146484
2000-09-25,90.83440399169922
2000-09-26,89.67339324951172
2000-09-27,90.14564514160156
2000-09-28,91.30663299560547
2000-09-29,90.44080352783203
2000-10-02,90.57856750488281
2000-10-03,89.73241424560547
2000-10-04,90.4802017211914
2000-10-05,90.79499053955078
2000-10-06,88.82716369628906
2000-10-09,88.15812683105469
2000-10-10,86.7019271850586
2000-10-11,85.97386932373047
2000-10-12,83.82894134521484
2000-10-13,86.6232681274414
2000-10-16,87.01681518554688
2000-10-17,84.85218811035156
2000-10-18,84.53732299804688
2000-10-19,87.7251968383789
2000-10-20,88.09912872314453
2000-10-23,88.49267578125
2000-10-24,87.9023208618164
2000-10-25,85.83614349365234
2000-10-26,86.07227325439453
2000-10-27,87.70555877685547
2000-10-30,88.49267578125
2000-10-31,90.0177001953125
2000-11-01,89.71271514892578
2000-11-02,89.86027526855469
2000-11-03,89.90950012207031
2000-11-06,90.53917694091797
2000-11-07,90.51954650878906
2000-11-08,88.5123519897461
2000-11-09,88.1778335571289
2000-11-10,86.03289794921875
2000-11-13,85.36384582519531
2000-11-14,87.60713195800781
2000-11-15,87.88259887695312
2000-11-16,86.50517272949219
2000-11-17,86.04276275634766
2000-11-20,84.81285095214844
2000-11-21,85.24577331542969
2000-11-22,83.20905303955078
2000-11-24,84.91130828857422
2000-11-27,85.65901184082031
2000-11-28,84.18309783935547
2000-11-29,84.0257339477539
2000-11-30,83.29765319824219
2000-12-01,83.25829315185547
2000-12-04,83.96669006347656
2000-12-05,86.72164154052734
2000-12-06,85.3343734741211
2000-12-07,84.16348266601562
2000-12-08,84.36026000976562
2000-12-11,87.29228973388672
2000-12-12,86.91840362548828
2000-12-13,85.72787475585938
2000-12-14,84.63575744628906
2000-12-15,82.72411346435547
2000-12-18,83.8294448852539
2000-12-19,82.12210845947266
2000-12-20,79.74360656738281
2000-12-21,80.29624938964844
2000-12-22,82.70439147949219
2000-12-26,83.59259796142578
2000-12-27,84.20451354980469
2000-12-28,84.46107482910156
2000-12-29,82.86227416992188
2001-01-02,81.3621826171875
2001-01-03,85.27037811279297
2001-01-04,84.35254669189453
2001-01-05,81.59901428222656
2001-01-08,82.23063659667969
2001-01-09,82.0135269165039
2001-01-10,83.45443725585938
2001-01-11,83.53339385986328
2001-01-12,83.37547302246094
2001-01-16,83.90841674804688
2001-01-17,84.29331970214844
2001-01-18,85.13221740722656
2001-01-19,84.64862060546875
2001-01-22,85.21117401123047
2001-01-23,85.88227081298828
2001-01-24,86.13888549804688
2001-01-25,85.92176055908203
2001-01-26,85.82307434082031
2001-01-29,86.28102111816406
2001-01-30,87.03893280029297
2001-01-31,86.54627227783203
2001-02-01,87.12109375
2001-02-02,85.14405059814453
2001-02-05,85.76934051513672
2001-02-06,85.51670837402344
2001-02-07,85.07454681396484
2001-02-08,84.0828857421875
2001-02-09,83.2743911743164
2001-02-12,84.22821807861328
2001-02-13,83.53971099853516
2001-02-14,83.41339111328125
2001-02-15,84.22189331054688
2001-02-16,82.3648681640625
2001-02-20,81.09532165527344
2001-02-21,79.345703125
2001-02-22,79.46569061279297
2001-02-23,78.92876434326172
2001-02-26,80.60896301269531
2001-02-27,79.86360168457031
2001-02-28,78.29081726074219
2001-03-01,78.70140838623047
2001-03-02,78.07608032226562
2001-03-05,78.7898178100586
2001-03-06,79.63619995117188
2001-03-07,80.20469665527344
2001-03-08,80.29312133789062
2001-03-09,77.91819763183594
2001-03-12,74.58318328857422
2001-03-13,75.80851745605469
2001-03-14,74.31158447265625
2001-03-15,74.33048248291016
2001-03-16,72.8396987915039
2001-03-19,74.32162475585938
2001-03-20,72.32659912109375
2001-03-21,71.09796905517578
2001-03-22,70.37599182128906
2001-03-23,72.50396728515625
2001-03-26,73.42864990234375
2001-03-27,74.92963409423828
2001-03-28,72.85861206054688
2001-03-29,73.13729858398438
2001-03-30,73.90367889404297
2001-04-02,72.32659912109375
2001-04-03,69.91368103027344
2001-04-04,70.20496368408203
2001-04-05,72.8649673461914
2001-04-06,71.75666046142578
2001-04-09,72.55467224121094
2001-04-10,73.87830352783203
2001-04-11,73.92900085449219
2001-04-12,75.27164459228516
2001-04-16,74.47997283935547
2001-04-17,75.53129577636719
2001-04-18,78.5333251953125
2001-04-19,79.5783462524414
2001-04-20,78.84999084472656
2001-04-23,77.41864013671875
2001-04-24,77.00061798095703
2001-04-25,78.00765991210938
2001-04-26,78.3559799194336
2001-04-27,79.66064453125
2001-04-30,80.21798706054688
2001-05-01,80.46497344970703
2001-05-02,80.3193130493164
2001-05-03,79.29963684082031
2001-05-04,80.648681640625
2001-05-07,79.9520034790039
2001-05-08,79.91401672363281
2001-05-09,79.5783462524414
2001-05-10,79.81261444091797
2001-05-11,79.26160430908203
2001-05-14,79.41996002197266
2001-05-15,79.78731536865234
2001-05-16,81.66832733154297
2001-05-17,81.79497528076172
2001-05-18,82.16863250732422
2001-05-21,83.37828063964844
2001-05-22,83.2706298828125
2001-05-23,81.85833740234375
2001-05-24,82.0989990234375
2001-05-25,81.13001251220703
2001-05-29,80.48396301269531
2001-05-30,79.35661315917969
2001-05-31,79.768310546875
2001-06-01,80.26229858398438
2001-06-04,80.648681640625
2001-06-05,81.57331848144531
2001-06-06,80.8956298828125
2001-06-07,81.18700408935547
2001-06-08,80.43331146240234
2001-06-11,79.8633041381836
2001-06-12,79.72399139404297
2001-06-13,79.03997802734375
2001-06-14,77.26663970947266
2001-06-15,77.39112091064453
2001-06-18,77.01642608642578
2001-06-19,77.3530044555664
2001-06-20,77.75951385498047
2001-06-21,78.6423110961914
2001-06-22,78.02625274658203
2001-06-25,77.30856323242188
2001-06-26,77.2005844116211
2001-06-27,77.1561279296875
2001-06-28,77.5816879272461
2001-06-29,77.86746978759766
2001-07-02,78.8392105102539
2001-07-03,78.82018280029297
2001-07-05,77.28314971923828
2001-07-06,75.61273956298828
2001-07-09,76.02556610107422
2001-07-10,75.11099243164062
2001-07-11,75.18720245361328
2001-07-12,76.97191619873047
2001-07-13,77.63888549804688
2001-07-16,76.66706848144531
2001-07-17,77.3847885131836
2001-07-18,76.85765838623047
2001-07-19,77.53085327148438
2001-07-20,77.06721496582031
2001-07-23,75.54922485351562
2001-07-24,74.8188247680664
2001-07-25,75.6445083618164
2001-07-26,76.43842315673828
2001-07-27,76.73057556152344
2001-07-30,76.7559814453125
2001-07-31,77.07357788085938
2001-08-01,77.5562744140625
2001-08-02,77.87384033203125
2001-08-03,77.44828796386719
2001-08-06,76.40667724609375
2001-08-07,76.70516967773438
2001-08-08,75.28247833251953
2001-08-09,75.50476837158203
2001-08-10,75.76518249511719
2001-08-13,75.78421783447266
2001-08-14,75.75247955322266
2001-08-15,75.09829711914062
2001-08-16,75.35867309570312
2001-08-17,74.15194702148438
2001-08-20,74.8379135131836
2001-08-21,73.56128692626953
2001-08-22,74.32342529296875
2001-08-23,74.05667114257812
2001-08-24,75.59370422363281
2001-08-27,75.14273071289062
2001-08-28,74.0439453125
2001-08-29,73.3833999633789
2001-08-30,71.97343444824219
2001-08-31,72.50056457519531
2001-09-04,72.03695678710938
2001-09-05,72.21479034423828
2001-09-06,70.35380554199219
2001-09-07,69.05181121826172
2001-09-10,69.89653015136719
2001-09-17,66.24451446533203
2001-09-18,66.08570861816406
2001-09-19,64.75193786621094
2001-09-20,62.69411849975586
2001-09-21,62.01769256591797
2001-09-24,64.19799041748047
2001-09-25,64.86740112304688
2001-09-26,64.63789367675781
2001-09-27,65.19890594482422
2001-09-28,66.58232879638672
2001-10-01,66.47398376464844
2001-10-02,67.30912780761719
2001-10-03,68.43753051757812
2001-10-04,68.49488830566406
2001-10-05,68.36100769042969
2001-10-08,67.91477966308594
2001-10-09,67.55134582519531
2001-10-10,69.05590057373047
2001-10-11,70.12690734863281
2001-10-12,69.8082046508789
2001-10-15,69.6806640625
2001-10-16,70.12055969238281
2001-10-17,68.62877655029297
2001-10-18,68.48214721679688
2001-10-19,68.43753051757812
2001-10-22,69.78904724121094
2001-10-23,69.43204498291016
2001-10-24,69.2471923828125
2001-10-25,70.49032592773438
2001-10-26,70.33094024658203
2001-10-29,68.50127410888672
2001-10-30,67.67884826660156
2001-10-31,67.44940948486328
2001-11-01,69.17705535888672
2001-11-02,69.6487808227539
2001-11-05,70.56045532226562
2001-11-06,71.65695190429688
2001-11-07,71.56135559082031
2001-11-08,71.78448486328125
2001-11-09,71.8609619140625
2001-11-12,71.42106628417969
2001-11-13,73.02766418457031
2001-11-14,73.0977783203125
2001-11-15,73.23164367675781
2001-11-16,72.90650939941406
2001-11-19,73.80540466308594
2001-11-20,73.18702697753906
2001-11-21,72.70248413085938
2001-11-23,73.74803924560547
2001-11-26,73.90743255615234
2001-11-27,73.58868408203125
2001-11-28,72.25624084472656
2001-11-29,73.23164367675781
2001-11-30,72.70890045166016
2001-12-03,72.2753677368164
2001-12-04,73.4994125366211
2001-12-05,74.84456634521484
2001-12-06,74.8062973022461
2001-12-07,74.30902099609375
2001-12-10,72.91925811767578
2001-12-11,72.7726058959961
2001-12-12,72.85550689697266
2001-12-13,71.44022369384766
2001-12-14,72.12236022949219
2001-12-17,72.86824798583984
2001-12-18,73.30174255371094
2001-12-19,73.81816864013672
2001-12-20,73.09138488769531
2001-12-21,73.5346908569336
2001-12-24,73.39395904541016
2001-12-26,73.7969970703125
2001-12-27,74.24478149414062
2001-12-28,74.20641326904297
2001-12-31,73.1188735961914
2002-01-02,73.90571594238281
2002-01-03,74.74372863769531
2002-01-04,75.24275207519531
2002-01-07,74.7117919921875
2002-01-08,74.5390625
2002-01-09,73.93134307861328
2002-01-10,74.25755310058594
2002-01-11,73.5283432006836
2002-01-14,73.06769561767578
2002-01-15,73.66265106201172
2002-01-16,72.17210388183594
2002-01-17,72.71587371826172
2002-01-18,72.38323974609375
2002-01-22,71.8842544555664
2002-01-23,72.43440246582031
2002-01-24,72.65831756591797
2002-01-25,72.63909912109375
2002-01-28,72.83743286132812
2002-01-29,70.54727172851562
2002-01-30,71.56439971923828
2002-01-31,72.40245056152344
2002-02-01,72.06340789794922
2002-02-04,70.2721939086914
2002-02-05,69.83717346191406
2002-02-06,69.53650665283203
2002-02-07,69.10150146484375
2002-02-08,70.4257583618164
2002-02-11,71.28933715820312
2002-02-12,71.0654067993164
2002-02-13,71.82027435302734
2002-02-14,71.6859359741211
2002-02-15,70.93750762939453
2002-02-19,69.57490539550781
2002-02-20,70.74555969238281
2002-02-21,69.2806396484375
2002-02-22,70.1378402709961
2002-02-25,71.29570007324219
2002-02-26,71.14861297607422
2002-02-27,71.42366027832031
2002-02-28,71.10382080078125
2002-03-01,72.76062774658203
2002-03-04,74.04647827148438
2002-03-05,73.80979919433594
2002-03-06,74.68618774414062
2002-03-07,74.52623748779297
2002-03-08,74.8397216796875
2002-03-11,74.9996566772461
2002-03-12,74.95484924316406
2002-03-13,74.23198699951172
2002-03-14,74.129638671875
2002-03-15,74.8359603881836
2002-03-18,74.84882354736328
2002-03-19,75.3492431640625
2002-03-20,73.93141174316406
2002-03-21,73.9635009765625
2002-03-22,73.8031005859375
2002-03-25,72.88565826416016
2002-03-26,73.30908203125
2002-03-27,73.50155639648438
2002-03-28,73.46944427490234
2002-04-01,73.50155639648438
2002-04-02,73.0973892211914
2002-04-03,72.58415985107422
2002-04-04,72.28265380859375
2002-04-05,72.29547882080078
2002-04-08,72.44947052001953
2002-04-09,71.942626953125
2002-04-10,72.75740051269531
2002-04-11,70.94822692871094
2002-04-12,71.48072814941406
2002-04-15,70.9354019165039
2002-04-16,72.62267303466797
2002-04-17,72.46866607666016
2002-04-18,72.15432739257812
2002-04-19,72.4173583984375
2002-04-22,71.2113037109375
2002-04-23,70.90331268310547
2002-04-24,70.19116973876953
2002-04-25,70.22967529296875
2002-04-26,68.8952865600586
2002-04-29,68.55528259277344
2002-04-30,69.19678497314453
2002-05-01,70.04367065429688
2002-05-02,69.77420043945312
2002-05-03,69.01718139648438
2002-05-06,67.66354370117188
2002-05-07,67.42618560791016
2002-05-08,69.93460845947266
2002-05-09,69.126220703125
2002-05-10,67.82390594482422
2002-05-13,69.2032470703125
2002-05-14,70.71086883544922
2002-05-15,70.43501281738281
2002-05-16,70.80067443847656
2002-05-17,71.1470947265625
2002-05-20,70.37725067138672
2002-05-21,69.7357177734375
2002-05-22,69.8896713256836
2002-05-23,70.63386535644531
2002-05-24,69.72933197021484
2002-05-28,69.35079193115234
2002-05-29,68.8375244140625
2002-05-30,68.64509582519531
2002-05-31,68.7862319946289
2002-06-03,66.95782470703125
2002-06-04,67.12462615966797
2002-06-05,67.7533187866211
2002-06-06,66.3740234375
2002-06-07,66.2969970703125
2002-06-10,66.55365753173828
2002-06-11,65.4117202758789
2002-06-12,65.8094482421875
2002-06-13,65.14868927001953
2002-06-14,65.05248260498047
2002-06-17,66.79744720458984
2002-06-18,67.34273529052734
2002-06-19,65.77095794677734
2002-06-20,64.9305419921875
2002-06-21,63.91529083251953
2002-06-24,64.25009155273438
2002-06-25,62.80796432495117
2002-06-26,62.91098403930664
2002-06-27,64.01185607910156
2002-06-28,63.709312438964844
2002-07-01,62.4667854309082
2002-07-02,61.14057540893555
2002-07-03,61.48822021484375
2002-07-05,63.93458938598633
2002-07-08,63.13634490966797
2002-07-09,61.546165466308594
2002-07-10,59.30577850341797
2002-07-11,59.78862380981445
2002-07-12,59.13196563720703
2002-07-15,59.44743728637695
2002-07-16,58.30143356323242
2002-07-17,58.41736602783203
2002-07-18,56.52461242675781
2002-07-19,54.5352897644043
2002-07-22,52.91938781738281
2002-07-23,51.470882415771484
2002-07-24,54.54174041748047
2002-07-25,54.07822799682617
2002-07-26,55.10828399658203
2002-07-29,57.7928581237793
2002-07-30,58.54609298706055
2002-07-31,58.68772506713867
2002-08-01,57.155540466308594
2002-08-02,55.874385833740234
2002-08-05,53.930137634277344
2002-08-06,55.74563980102539
2002-08-07,56.717769622802734
2002-08-08,58.552547454833984
2002-08-09,58.771419525146484
2002-08-12,58.34006881713867
2002-08-13,57.27783966064453
2002-08-14,59.37016677856445
2002-08-15,60.1942024230957
2002-08-16,60.013946533203125
2002-08-19,61.417423248291016
2002-08-20,60.767173767089844
2002-08-21,61.64274597167969
2002-08-22,62.24146270751953
2002-08-23,60.90235137939453
2002-08-26,61.3272819519043
2002-08-27,60.61909103393555
2002-08-28,59.29292678833008
2002-08-29,59.31865310668945
2002-08-30,59.08687210083008
2002-09-03,56.833641052246094
2002-09-04,57.64480972290039
2002-09-05,57.155540466308594
2002-09-06,57.94096374511719
2002-09-09,58.3658561706543
2002-09-10,59.03535079956055
2002-09-11,58.668434143066406
2002-09-12,57.586849212646484
2002-09-13,57.728485107421875
2002-09-16,57.8701171875
2002-09-17,56.543907165527344
2002-09-18,55.97737503051758
2002-09-19,54.528865814208984
2002-09-20,54.5469856262207
2002-09-23,54.10076904296875
2002-09-24,53.227779388427734
2002-09-25,54.5469856262207
2002-09-26,55.439395904541016
2002-09-27,53.512306213378906
2002-09-30,52.89149856567383
2002-10-01,55.432926177978516
2002-10-02,53.770965576171875
2002-10-03,53.227779388427734
2002-10-04,52.25128936767578
2002-10-07,51.17133331298828
2002-10-08,51.97321701049805
2002-10-09,50.50526428222656
2002-10-10,52.1413459777832
2002-10-11,54.424110412597656
2002-10-14,54.72801971435547
2002-10-15,57.359981536865234
2002-10-16,55.969669342041016
2002-10-17,57.081932067871094
2002-10-18,57.32121276855469
2002-10-21,58.31062698364258
2002-10-22,57.890281677246094
2002-10-23,58.33000183105469
2002-10-24,57.14012908935547
2002-10-25,58.33000183105469
2002-10-28,57.948486328125
2002-10-29,57.27593994140625
2002-10-30,57.832061767578125
2002-10-31,57.24360656738281
2002-11-01,58.375282287597656
2002-11-04,58.93143081665039
2002-11-05,59.397037506103516
2002-11-06,60.166595458984375
2002-11-07,58.69218063354492
2002-11-08,57.97434997558594
2002-11-11,57.075469970703125
2002-11-12,57.52814483642578
2002-11-13,57.58634567260742
2002-11-14,58.672760009765625
2002-11-15,59.10604476928711
2002-11-18,58.51109313964844
2002-11-19,58.43349838256836
2002-11-20,59.73330307006836
2002-11-21,60.84560012817383
2002-11-22,60.41230010986328
2002-11-25,60.451107025146484
2002-11-26,59.29999923706055
2002-11-27,60.96843719482422
2002-11-29,60.77445602416992
2002-12-02,60.871463775634766
2002-12-03,60.05665588378906
2002-12-04,59.7850456237793
2002-12-05,59.12541961669922
2002-12-06,59.513450622558594
2002-12-09,57.877342224121094
2002-12-10,58.65336990356445
2002-12-11,58.70512390136719
2002-12-12,58.698631286621094
2002-12-13,57.77386474609375
2002-12-16,59.26768112182617
2002-12-17,58.75037384033203
2002-12-18,58.07135772705078
2002-12-19,57.657501220703125
2002-12-20,58.48018264770508
2002-12-23,58.49971008300781
2002-12-24,58.06431198120117
2002-12-26,58.090267181396484
2002-12-27,56.784053802490234
2002-12-30,57.25847244262695
2002-12-31,57.336456298828125
2003-01-02,59.182044982910156
2003-01-03,59.36396026611328
2003-01-06,60.410255432128906
2003-01-07,60.260780334472656
2003-01-08,59.38996505737305
2003-01-09,60.31278610229492
2003-01-10,60.47522735595703
2003-01-13,60.45576095581055
2003-01-14,60.65072250366211
2003-01-15,60.04633712768555
2003-01-16,59.79938888549805
2003-01-17,58.91557693481445
2003-01-21,57.99930953979492
2003-01-22,57.29744338989258
2003-01-23,57.648399353027344
2003-01-24,56.13425827026367
2003-01-27,55.36741638183594
2003-01-28,55.77679443359375
2003-01-29,56.199214935302734
2003-01-30,54.86701202392578
2003-01-31,55.92626190185547
2003-02-03,56.036766052246094
2003-02-04,55.4843864440918
2003-02-05,55.13994598388672
2003-02-06,54.87998580932617
2003-02-07,54.210670471191406
2003-02-10,54.59409713745117
2003-02-11,54.2171516418457
2003-02-12,53.35283660888672
2003-02-13,53.51532745361328
2003-02-14,54.68505096435547
2003-02-18,55.646827697753906
2003-02-19,55.35441207885742
2003-02-20,54.80203628540039
2003-02-21,55.35441207885742
2003-02-24,54.45759201049805
2003-02-25,54.89301300048828
2003-02-26,54.093719482421875
2003-02-27,54.80853271484375
2003-02-28,55.172481536865234
2003-03-03,54.64608383178711
2003-03-04,53.77524948120117
2003-03-05,54.23014450073242
2003-03-06,53.77524948120117
2003-03-07,54.14569091796875
2003-03-10,52.84597396850586
2003-03-11,52.32606887817383
2003-03-12,52.6769905090332
2003-03-13,54.49660110473633
2003-03-14,54.67205810546875
2003-03-17,56.39417266845703
2003-03-18,56.725589752197266
2003-03-19,57.16099548339844
2003-03-20,57.28449249267578
2003-03-21,58.507205963134766
2003-03-24,56.562835693359375
2003-03-25,57.104400634765625
2003-03-26,56.81729507446289
2003-03-27,56.86298370361328
2003-03-28,56.57586669921875
2003-03-31,55.290496826171875
2003-04-01,56.13872146606445
2003-04-02,57.49588394165039
2003-04-03,57.221832275390625
2003-04-04,57.561134338378906
2003-04-07,57.4501838684082
2003-04-08,57.54153823852539
2003-04-09,56.7846794128418
2003-04-10,57.09785461425781
2003-04-11,56.86298370361328
2003-04-14,58.037410736083984
2003-04-15,58.57899475097656
2003-04-16,57.5806999206543
2003-04-17,58.43540573120117
2003-04-21,58.494136810302734
2003-04-22,59.59684753417969
2003-04-23,60.14491271972656
2003-04-24,59.609859466552734
2003-04-25,58.872589111328125
2003-04-28,59.89041519165039
2003-04-29,60.0992431640625
2003-04-30,59.968753814697266
2003-05-01,59.962181091308594
2003-05-02,60.81697082519531
2003-05-05,60.699520111083984
2003-05-06,61.27368927001953
2003-05-07,60.934410095214844
2003-05-08,60.32105255126953
2003-05-09,61.156246185302734
2003-05-12,61.90654754638672
2003-05-13,61.79566955566406
2003-05-14,61.665138244628906
2003-05-15,62.056636810302734
2003-05-16,61.90005874633789
2003-05-19,60.451560974121094
2003-05-20,60.32759094238281
2003-05-21,60.451560974121094
2003-05-22,61.05180740356445
2003-05-23,61.17580032348633
2003-05-27,62.24589157104492
2003-05-28,62.42203140258789
2003-05-29,62.25891876220703
2003-05-30,63.2572021484375
2003-06-02,63.51817321777344
2003-06-03,63.77915954589844
2003-06-04,64.69916534423828
2003-06-05,65.01887512207031
2003-06-06,64.76441955566406
2003-06-09,64.10543823242188
2003-06-10,64.75788879394531
2003-06-11,65.44296264648438
2003-06-12,65.64524841308594
2003-06-13,64.96015930175781
2003-06-16,66.330322265625
2003-06-17,66.330322265625
2003-06-18,66.27159881591797
2003-06-19,65.26026916503906
2003-06-20,65.11620330810547
2003-06-23,64.44829559326172
2003-06-24,64.5137939453125
2003-06-25,63.865516662597656
2003-06-26,64.69711303710938
2003-06-27,63.95063400268555
2003-06-30,63.93098449707031
2003-07-01,64.52030944824219
2003-07-02,65.33232116699219
2003-07-03,64.6578369140625
2003-07-07,65.94131469726562
2003-07-08,66.23600006103516
2003-07-09,65.86271667480469
2003-07-10,65.02456665039062
2003-07-11,65.64006042480469
2003-07-14,65.96096801757812
2003-07-15,65.81689453125
2003-07-16,65.4305648803711
2003-07-17,64.50068664550781
2003-07-18,65.16204833984375
2003-07-21,64.35662841796875
2003-07-22,64.93939208984375
2003-07-23,64.98526000976562
2003-07-24,64.494140625
2003-07-25,65.6335678100586
2003-07-28,65.3912582397461
2003-07-29,65.09004974365234
2003-07-30,64.93286895751953
2003-07-31,65.08346557617188
2003-08-01,64.50721740722656
2003-08-04,64.50721740722656
2003-08-05,63.13861083984375
2003-08-06,63.505367279052734
2003-08-07,64.17325592041016
2003-08-08,64.35662841796875
2003-08-11,64.59890747070312
2003-08-12,65.18824768066406
2003-08-13,64.85429382324219
2003-08-14,65.0311050415039
2003-08-15,65.23410034179688
2003-08-18,65.79725646972656
2003-08-19,66.04609680175781
2003-08-20,65.77761840820312
2003-08-21,65.98715209960938
2003-08-22,65.33232116699219
2003-08-25,65.43710327148438
2003-08-26,65.554931640625
2003-08-27,65.57457733154297
2003-08-28,65.98065185546875
2003-08-29,66.42587280273438
2003-09-02,67.31647491455078
2003-09-03,67.68318939208984
2003-09-04,67.71589660644531
2003-09-05,67.33611297607422
2003-09-08,67.89268493652344
2003-09-09,67.44743347167969
2003-09-10,66.76639556884766
2003-09-11,66.96284484863281
2003-09-12,67.08722686767578
2003-09-15,66.85150146484375
2003-09-16,67.82721710205078
2003-09-17,67.69623565673828
2003-09-18,68.4951400756836
2003-09-19,68.14678192138672
2003-09-22,67.41053771972656
2003-09-23,67.66687774658203
2003-09-24,66.46395874023438
2003-09-25,65.91836547851562
2003-09-26,65.701416015625
2003-09-29,66.34564971923828
2003-09-30,65.701416015625
2003-10-01,67.10157775878906
2003-10-02,67.34477996826172
2003-10-03,67.96268463134766
2003-10-06,68.27166748046875
2003-10-07,68.53459167480469
2003-10-08,68.36366271972656
2003-10-09,68.54774475097656
2003-10-10,68.73836517333984
2003-10-13,68.95527648925781
2003-10-14,69.19847106933594
2003-10-15,69.01445007324219
2003-10-16,69.29052734375
2003-10-17,68.53459167480469
2003-10-20,69.0473403930664
2003-10-21,68.92900085449219
2003-10-22,68.06132507324219
2003-10-23,67.93643188476562
2003-10-24,68.08760833740234
2003-10-27,68.12044525146484
2003-10-28,69.0473403930664
2003-10-29,69.13931274414062
2003-10-30,69.28394317626953
2003-10-31,69.21824645996094
2003-11-03,69.67178344726562
2003-11-04,69.5206069946289
2003-11-05,69.5732192993164
2003-11-06,69.9413070678711
2003-11-07,69.4219970703125
2003-11-10,69.13931274414062
2003-11-11,69.11961364746094
2003-11-12,69.89527130126953
2003-11-13,69.91502380371094
2003-11-14,69.32341003417969
2003-11-17,68.9749984741211
2003-11-18,68.2585220336914
2003-11-19,68.83696746826172
2003-11-20,68.21907806396484
2003-11-21,68.50166320800781
2003-11-24,69.4088363647461
2003-11-25,69.67178344726562
2003-11-26,69.92159271240234
2003-11-28,69.97418212890625
2003-12-01,70.73009490966797
2003-12-02,70.55265045166016
2003-12-03,70.44086456298828
2003-12-04,70.73009490966797
2003-12-05,70.2370834350586
2003-12-08,70.71039581298828
2003-12-09,70.16480255126953
2003-12-10,70.15821075439453
2003-12-11,70.94705200195312
2003-12-12,71.08507537841797
2003-12-15,70.73009490966797
2003-12-16,71.09820556640625
2003-12-17,71.32170867919922
2003-12-18,72.12368774414062
2003-12-19,71.92289733886719
2003-12-22,72.42485046386719
2003-12-23,72.47106170654297
2003-12-24,72.39842224121094
2003-12-26,72.45127868652344
2003-12-29,73.41551208496094
2003-12-30,73.42874908447266
2003-12-31,73.49478149414062
2004-01-02,73.46174621582031
2004-01-05,74.26087951660156
2004-01-06,74.33356475830078
2004-01-07,74.58450317382812
2004-01-08,74.8817138671875
2004-01-09,74.22789001464844
2004-01-12,74.77606201171875
2004-01-13,74.34012603759766
2004-01-14,74.9609603881836
2004-01-15,75.14588928222656
2004-01-16,75.44308471679688
2004-01-20,75.42327880859375
2004-01-21,76.01768493652344
2004-01-22,75.81956481933594
2004-01-23,75.57518005371094
2004-01-26,76.52626037597656
2004-01-27,75.74028778076172
2004-01-28,74.87511444091797
2004-01-29,74.9477767944336
2004-01-30,74.9477767944336
2004-02-02,75.2713851928711
2004-02-03,75.14588928222656
2004-02-04,74.53166198730469
2004-02-05,74.74964904785156
2004-02-06,75.58837127685547
2004-02-09,75.60823059082031
2004-02-10,75.85258483886719
2004-02-11,76.65831756591797
2004-02-12,76.38093566894531
2004-02-13,76.0374984741211
2004-02-17,76.724365234375
2004-02-18,76.3875503540039
2004-02-19,76.10356903076172
2004-02-20,75.87235260009766
2004-02-23,75.68083953857422
2004-02-24,75.54879760742188
2004-02-25,75.86578369140625
2004-02-26,75.91205596923828
2004-02-27,75.96482849121094
2004-03-01,76.71776580810547
2004-03-02,76.26864624023438
2004-03-03,76.40735626220703
2004-03-04,76.60546112060547
2004-03-05,76.86307525634766
2004-03-08,75.92520141601562
2004-03-09,75.62141418457031
2004-03-10,74.35336303710938
2004-03-11,73.38906860351562
2004-03-12,74.35336303710938
2004-03-15,73.44193267822266
2004-03-16,73.83161926269531
2004-03-17,74.65715789794922
2004-03-18,74.67696380615234
2004-03-19,73.60658264160156
2004-03-22,72.67213439941406
2004-03-23,72.54619598388672
2004-03-24,72.6058120727539
2004-03-25,73.56684112548828
2004-03-26,73.58670806884766
2004-03-29,74.6206283569336
2004-03-30,74.87246704101562
2004-03-31,74.95867919921875
2004-04-01,75.40935516357422
2004-04-02,75.97929382324219
2004-04-05,76.39679718017578
2004-04-06,76.15161895751953
2004-04-07,75.97271728515625
2004-04-08,75.80039978027344
2004-04-12,76.09861755371094
2004-04-13,75.03158569335938
2004-04-14,75.15086364746094
2004-04-15,74.8658676147461
2004-04-16,75.44246673583984
2004-04-19,75.44246673583984
2004-04-20,74.17657470703125
2004-04-21,74.67365264892578
2004-04-22,75.7208251953125
2004-04-23,75.79373931884766
2004-04-26,75.6877212524414
2004-04-27,75.75395965576172
2004-04-28,74.77307891845703
2004-04-29,74.116943359375
2004-04-30,73.54034423828125
2004-05-03,74.32904052734375
2004-05-04,74.26940155029297
2004-05-05,74.74656677246094
2004-05-06,74.10368347167969
2004-05-07,72.8775405883789
2004-05-10,72.12862396240234
2004-05-11,72.7384033203125
2004-05-12,73.20231628417969
2004-05-13,72.89744567871094
2004-05-14,72.93058013916016
2004-05-17,72.30760955810547
2004-05-18,72.67213439941406
2004-05-19,72.42027282714844
2004-05-20,72.6522216796875
2004-05-21,72.77811431884766
2004-05-24,73.0830307006836
2004-05-25,74.13017272949219
2004-05-26,74.38864135742188
2004-05-27,74.80621337890625
2004-05-28,74.79960632324219
2004-06-01,74.70016479492188
2004-06-02,74.97856140136719
2004-06-03,74.28926086425781
2004-06-04,74.8791275024414
2004-06-07,76.01905822753906
2004-06-08,76.1250991821289
2004-06-09,75.41596221923828
2004-06-10,75.78709411621094
2004-06-14,75.03819274902344
2004-06-15,75.56835174560547
2004-06-16,75.55512237548828
2004-06-17,75.44246673583984
2004-06-18,75.5848159790039
2004-06-21,75.29878234863281
2004-06-22,75.67791748046875
2004-06-23,76.32981872558594
2004-06-24,76.09039306640625
2004-06-25,75.72453308105469
2004-06-28,75.46510314941406
2004-06-29,75.77774810791016
2004-06-30,76.18345642089844
2004-07-01,75.1258544921875
2004-07-02,75.08592987060547
2004-07-06,74.42738342285156
2004-07-07,74.64691925048828
2004-07-08,74.1280746459961
2004-07-09,74.32099914550781
2004-07-12,74.35420989990234
2004-07-13,74.4074478149414
2004-07-14,74.18126678466797
2004-07-15,73.70234680175781
2004-07-16,73.6424789428711
2004-07-19,73.32982635498047
2004-07-20,74.26109313964844
2004-07-21,72.89082336425781
2004-07-22,73.09038543701172
2004-07-23,72.47842407226562
2004-07-26,72.33873748779297
2004-07-27,73.01720428466797
2004-07-28,73.23672485351562
2004-07-29,73.54936981201172
2004-07-30,73.72893524169922
2004-08-02,73.88194274902344
2004-08-03,73.30989074707031
2004-08-04,73.30322265625
2004-08-05,72.10589599609375
2004-08-06,71.07487487792969
2004-08-09,71.1746597290039
2004-08-10,72.09258270263672
2004-08-11,71.94625091552734
2004-08-12,71.16136932373047
2004-08-13,71.30101776123047
2004-08-16,72.03939056396484
2004-08-17,72.4451675415039
2004-08-18,73.19013214111328
2004-08-19,72.9773178100586
2004-08-20,73.48949432373047
2004-08-23,73.30322265625
2004-08-24,73.40299987792969
2004-08-25,73.90191650390625
2004-08-26,73.90191650390625
2004-08-27,74.13471984863281
2004-08-30,73.52277374267578
2004-08-31,73.90853118896484
2004-09-01,74.04823303222656
2004-09-02,74.88636016845703
2004-09-03,74.58037567138672
2004-09-07,75.0726547241211
2004-09-08,74.88636016845703
2004-09-09,74.81986236572266
2004-09-10,75.20561981201172
2004-09-13,75.45178985595703
2004-09-14,75.604736328125
2004-09-15,75.0327377319336
2004-09-16,75.25890350341797
2004-09-17,75.57884979248047
2004-09-20,75.12461853027344
2004-09-21,75.45189666748047
2004-09-22,74.51008605957031
2004-09-23,74.10932922363281
2004-09-24,74.44999694824219
2004-09-27,73.9757308959961
2004-09-28,74.32975769042969
2004-09-29,74.70382690429688
2004-09-30,74.65038299560547
2004-10-01,75.91281127929688
2004-10-04,76.03972625732422
2004-10-05,76.07978820800781
2004-10-06,76.60079956054688
2004-10-07,75.77925109863281
2004-10-08,75.15135192871094
2004-10-11,75.45858001708984
2004-10-12,75.16473388671875
2004-10-13,74.50343322753906
2004-10-14,73.90227508544922
2004-10-15,74.31641387939453
2004-10-18,74.59696197509766
2004-10-19,73.96907043457031
2004-10-20,73.82213592529297
2004-10-21,74.30304718017578
2004-10-22,73.46812438964844
2004-10-25,73.38125610351562
2004-10-26,74.50343322753906
2004-10-27,75.39848327636719
2004-10-28,75.62557220458984
2004-10-29,75.61222839355469
2004-11-01,75.81927490234375
2004-11-02,75.84599304199219
2004-11-03,76.80116271972656
2004-11-04,77.84989166259766
2004-11-05,78.33747100830078
2004-11-08,78.22391510009766
2004-11-09,78.07029724121094
2004-11-10,78.1303939819336
2004-11-11,78.72491455078125
2004-11-12,79.34607696533203
2004-11-15,79.54100036621094
2004-11-16,78.9715576171875
2004-11-17,79.44056701660156
2004-11-18,79.5477294921875
2004-11-19,78.66342163085938
2004-11-22,79.03858947753906
2004-11-23,79.1592025756836
2004-11-24,79.34674072265625
2004-11-26,79.28648376464844
2004-11-29,78.9246826171875
2004-11-30,78.97827911376953
2004-12-01,79.87600708007812
2004-12-02,79.9429931640625
2004-12-03,79.88939666748047
2004-12-06,79.86259460449219
2004-12-07,79.11897277832031
2004-12-08,79.58120727539062
2004-12-09,79.86259460449219
2004-12-10,79.9429931640625
2004-12-13,80.63973999023438
2004-12-14,80.92108154296875
2004-12-15,80.98135375976562
2004-12-16,80.93450927734375
2004-12-17,80.39468383789062
2004-12-20,80.41487884521484
2004-12-21,81.03412628173828
2004-12-22,81.22933197021484
2004-12-23,81.28987884521484
2004-12-27,81.12158966064453
2004-12-28,81.56585693359375
2004-12-29,81.68700408935547
2004-12-30,81.5322036743164
2004-12-31,81.3572006225586
2005-01-03,80.97350311279297
2005-01-04,79.98406219482422
2005-01-05,79.43213653564453
2005-01-06,79.83599853515625
2005-01-07,79.7215805053711
2005-01-10,80.0985107421875
2005-01-11,79.54656982421875
2005-01-12,79.8091049194336
2005-01-13,79.16962432861328
2005-01-14,79.58695983886719
2005-01-18,80.41487884521484
2005-01-19,79.573486328125
2005-01-20,79.0888671875
2005-01-21,78.60420989990234
2005-01-24,78.44943237304688
2005-01-25,78.67152404785156
2005-01-26,78.9071044921875
2005-01-27,79.04174041748047
2005-01-28,79.04174041748047
2005-01-31,79.53309631347656
2005-02-01,80.03791046142578
2005-02-02,80.28020477294922
2005-02-03,80.07157135009766
2005-02-04,80.92642211914062
2005-02-07,80.81869506835938
2005-02-08,80.91295623779297
2005-02-09,80.30715942382812
2005-02-10,80.5965805053711
2005-02-11,81.28987884521484
2005-02-14,81.22933197021484
2005-02-15,81.5322036743164
2005-02-16,81.58604431152344
2005-02-17,80.92642211914062
2005-02-18,81.03412628173828
2005-02-22,79.82923889160156
2005-02-23,80.40141296386719
2005-02-24,80.93315124511719
2005-02-25,81.73412322998047
2005-02-28,81.1956558227539
2005-03-01,81.5995101928711
2005-03-02,81.55909729003906
2005-03-03,81.59281158447266
2005-03-04,82.6091537475586
2005-03-07,82.6495132446289
2005-03-08,82.33992004394531
2005-03-09,81.42449188232422
2005-03-10,81.60624694824219
2005-03-11,81.03412628173828
2005-03-14,81.53893280029297
2005-03-15,80.86585235595703
2005-03-16,80.17928314208984
2005-03-17,80.34081268310547
2005-03-18,80.10227966308594
2005-03-21,79.80494689941406
2005-03-22,78.9941177368164
2005-03-23,79.06163024902344
2005-03-24,79.15625
2005-03-28,79.27111053466797
2005-03-29,78.7440414428711
2005-03-30,79.8590087890625
2005-03-31,79.71034240722656
2005-04-01,79.35220336914062
2005-04-04,79.48736572265625
2005-04-05,79.86579132080078
2005-04-06,80.14282989501953
2005-04-07,80.57528686523438
2005-04-08,79.73739624023438
2005-04-11,79.79818725585938
2005-04-12,80.21039581298828
2005-04-13,79.26435852050781
2005-04-14,78.23047637939453
2005-04-15,77.13578033447266
2005-04-18,77.3722915649414
2005-04-19,77.98723602294922
2005-04-20,76.8992691040039
2005-04-21,78.39264678955078
2005-04-22,78.09532928466797
2005-04-25,78.6089096069336
2005-04-26,77.84530639648438
2005-04-27,78.14939880371094
2005-04-28,77.16956329345703
2005-04-29,78.21696472167969
2005-05-02,78.65617370605469
2005-05-03,78.79134368896484
2005-05-04,79.39947509765625
2005-05-05,79.37246704101562
2005-05-06,79.12245178222656
2005-05-09,79.61573791503906
2005-05-10,78.79134368896484
2005-05-11,79.22380065917969
2005-05-12,78.35211944580078
2005-05-13,78.19670104980469
2005-05-16,78.92648315429688
2005-05-17,79.45356750488281
2005-05-18,80.27123260498047
2005-05-19,80.60910034179688
2005-05-20,80.49421691894531
2005-05-23,80.940185546875
2005-05-24,80.7509765625
2005-05-25,80.69017791748047
2005-05-26,81.12265014648438
2005-05-27,81.25779724121094
2005-05-31,80.73746490478516
2005-06-01,81.42674255371094
2005-06-02,81.60243225097656
2005-06-03,81.19020080566406
2005-06-06,81.11590576171875
2005-06-07,81.17671966552734
2005-06-08,81.02803039550781
2005-06-09,81.41321563720703
2005-06-10,81.22400665283203
2005-06-13,81.48080444335938
2005-06-14,81.6700210571289
2005-06-15,81.825439453125
2005-06-16,82.03489685058594
2005-06-17,82.33883666992188
2005-06-20,82.36600494384766
2005-06-21,82.41348266601562
2005-06-22,82.4813003540039
2005-06-23,81.3211669921875
2005-06-24,80.7240982055664
2005-06-27,80.83943939208984
2005-06-28,81.51786804199219
2005-06-29,81.3008041381836
2005-06-30,80.85983276367188
2005-07-01,81.09724426269531
2005-07-05,81.74860382080078
2005-07-06,81.06333923339844
2005-07-07,81.38219451904297
2005-07-08,82.31171417236328
2005-07-11,82.73238372802734
2005-07-12,82.9494857788086
2005-07-13,83.06478881835938
2005-07-14,83.39051055908203
2005-07-15,83.34297943115234
2005-07-18,83.01056671142578
2005-07-19,83.4651107788086
2005-07-20,83.75007629394531
2005-07-21,83.2615737915039
2005-07-22,83.81790161132812
2005-07-25,83.58045196533203
2005-07-26,83.68221282958984
2005-07-27,83.98754119873047
2005-07-28,84.51676940917969
2005-07-29,83.95359802246094
2005-08-01,83.89259338378906
2005-08-02,84.39458465576172
2005-08-03,84.61852264404297
2005-08-04,83.94005584716797
2005-08-05,83.3701171875
2005-08-08,83.21409606933594
2005-08-09,83.71611785888672
2005-08-10,83.6754150390625
2005-08-11,84.00790405273438
2005-08-12,83.49224090576172
2005-08-15,84.00790405273438
2005-08-16,82.91555786132812
2005-08-17,82.90876007080078
2005-08-18,82.90196228027344
2005-08-19,83.09197998046875
2005-08-22,83.09197998046875
2005-08-23,82.93590545654297
2005-08-24,82.19638061523438
2005-08-25,82.49491882324219
2005-08-26,81.93177795410156
2005-08-29,82.56275177001953
2005-08-30,82.12855529785156
2005-08-31,83.16661834716797
2005-09-01,83.10550689697266
2005-09-02,82.95625305175781
2005-09-06,83.92645263671875
2005-09-07,84.0689697265625
2005-09-08,83.79077911376953
2005-09-09,84.53707885742188
2005-09-12,84.36750030517578
2005-09-13,83.89933776855469
2005-09-14,83.59402465820312
2005-09-15,83.55332946777344
2005-09-16,84.1474609375
2005-09-19,83.86808013916016
2005-09-20,83.15946960449219
2005-09-21,82.38273620605469
2005-09-22,82.67575073242188
2005-09-23,82.74384307861328
2005-09-26,82.83924102783203
2005-09-27,82.81880950927734
2005-09-28,82.90055084228516
2005-09-29,83.57513427734375
2005-09-30,83.83403015136719
2005-10-03,83.53425598144531
2005-10-04,82.59394073486328
2005-10-05,81.51065063476562
2005-10-06,81.21759796142578
2005-10-07,81.49700927734375
2005-10-10,80.8088150024414
2005-10-11,80.69298553466797
2005-10-12,80.05934143066406
2005-10-13,80.01163482666016
2005-10-14,80.85652160644531
2005-10-17,81.15630340576172
2005-10-18,80.27734375
2005-10-19,81.61280059814453
2005-10-20,80.17515563964844
2005-10-21,80.48856353759766
2005-10-24,81.7354507446289
2005-10-25,81.57192993164062
2005-10-26,81.3334732055664
2005-10-27,80.46813201904297
2005-10-28,81.6264419555664
2005-10-31,81.85128021240234
2005-11-01,82.09658813476562
2005-11-02,82.95508575439453
2005-11-03,83.30937194824219
2005-11-04,83.20037078857422
2005-11-07,83.28214263916016
2005-11-08,83.28214263916016
2005-11-09,83.39114379882812
2005-11-10,84.03842163085938
2005-11-11,84.3246078491211
2005-11-14,84.27690887451172
2005-11-15,83.97029876708984
2005-11-16,84.14064025878906
2005-11-17,84.92423248291016
2005-11-18,85.25804901123047
2005-11-21,85.68733215332031
2005-11-22,86.05524444580078
2005-11-23,86.5526351928711
2005-11-25,86.62077331542969
2005-11-28,86.00755310058594
2005-11-29,85.91217803955078
2005-11-30,85.4488525390625
2005-12-01,86.32099914550781
2005-12-02,86.42998504638672
2005-12-05,86.24605560302734
2005-12-06,86.4095687866211
2005-12-07,85.90534210205078
2005-12-08,85.85083770751953
2005-12-09,86.07567596435547
2005-12-12,86.15746307373047
2005-12-13,86.743408203125
2005-12-14,87.08412170410156
2005-12-15,86.83198547363281
2005-12-16,86.55252075195312
2005-12-19,86.10731506347656
2005-12-20,86.18948364257812
2005-12-21,86.32649993896484
2005-12-22,86.77857971191406
2005-12-23,86.82650756835938
2005-12-27,85.94291687011719
2005-12-28,86.13469696044922
2005-12-29,85.75111389160156
2005-12-30,85.28535461425781
2006-01-03,86.78543853759766
2006-01-04,87.1963882446289
2006-01-05,87.25116729736328
2006-01-06,87.97724914550781
2006-01-09,88.20330047607422
2006-01-10,88.29234313964844
2006-01-11,88.57320404052734
2006-01-12,88.22384643554688
2006-01-13,88.14163208007812
2006-01-17,87.90190124511719
2006-01-18,87.5525894165039
2006-01-19,87.88821411132812
2006-01-20,86.28540802001953
2006-01-23,86.59364318847656
2006-01-24,86.68267822265625
2006-01-25,86.75801849365234
2006-01-26,87.23748016357422
2006-01-27,88.0457534790039
2006-01-30,87.97724914550781
2006-01-31,87.33335876464844
2006-02-01,87.9430160522461
2006-02-02,86.92239379882812
2006-02-03,86.49089813232422
2006-02-06,86.71694946289062
2006-02-07,85.94974517822266
2006-02-08,86.73059844970703
2006-02-09,86.58678436279297
2006-02-10,86.74434661865234
2006-02-13,86.58678436279297
2006-02-14,87.504638671875
2006-02-15,87.81287384033203
2006-02-16,88.4704360961914
2006-02-17,88.2306900024414
2006-02-21,88.01152038574219
2006-02-22,88.54578399658203
2006-02-23,88.41567993164062
2006-02-24,88.64167785644531
2006-02-27,88.67594146728516
2006-02-28,87.83342742919922
2006-03-01,88.61424255371094
2006-03-02,88.60743713378906
2006-03-03,88.19645690917969
2006-03-06,87.79228973388672
2006-03-07,87.65530395507812
2006-03-08,87.84027099609375
2006-03-09,87.25116729736328
2006-03-10,88.08000183105469
2006-03-13,88.244384765625
2006-03-14,89.16910552978516
2006-03-15,89.56641387939453
2006-03-16,89.75131225585938
2006-03-17,89.82628631591797
2006-03-20,89.68187713623047
2006-03-21,89.11796569824219
2006-03-22,89.6612319946289
2006-03-23,89.4755630493164
2006-03-24,89.54431915283203
2006-03-27,89.41366577148438
2006-03-28,88.86351776123047
2006-03-29,89.4205551147461
2006-03-30,89.26238250732422
2006-03-31,89.28301239013672
2006-04-03,89.21422576904297
2006-04-04,89.78504943847656
2006-04-05,90.09449005126953
2006-04-06,89.99823760986328
2006-04-07,89.0835952758789
2006-04-10,89.22111511230469
2006-04-11,88.46463775634766
2006-04-12,88.62967681884766
2006-04-13,88.5127944946289
2006-04-17,88.47838592529297
2006-04-18,89.88128662109375
2006-04-19,90.05323028564453
2006-04-20,90.17700958251953
2006-04-21,90.19071960449219
2006-04-24,90.02571868896484
2006-04-25,89.65433502197266
2006-04-26,89.67498779296875
2006-04-27,90.10821533203125
2006-04-28,90.41082000732422
2006-05-01,89.67498779296875
2006-05-02,90.34893798828125
2006-05-03,90.011962890625
2006-05-04,90.33518981933594
2006-05-05,91.13289642333984
2006-05-08,91.02287292480469
2006-05-09,91.20166778564453
2006-05-10,91.153564453125
2006-05-11,90.05323028564453
2006-05-12,88.87725830078125
2006-05-15,89.0560531616211
2006-05-16,88.92543029785156
2006-05-17,87.2336654663086
2006-05-18,86.79359436035156
2006-05-19,87.40559387207031
2006-05-22,86.73856353759766
2006-05-23,86.0783462524414
2006-05-24,86.76602172851562
2006-05-25,87.8388671875
2006-05-26,88.28583526611328
2006-05-30,86.71790313720703
2006-05-31,87.68758392333984
2006-06-01,88.52651977539062
2006-06-02,88.71224212646484
2006-06-05,87.41935729980469
2006-06-06,87.20616149902344
2006-06-07,86.55286407470703
2006-06-08,86.47722625732422
2006-06-09,86.2021255493164
2006-06-12,85.26687622070312
2006-06-13,84.27661895751953
2006-06-14,84.92991638183594
2006-06-15,86.7316665649414
2006-06-16,86.09963989257812
2006-06-19,85.4227523803711
2006-06-20,85.71282958984375
2006-06-21,86.34832763671875
2006-06-22,85.96841430664062
2006-06-23,85.9546127319336
2006-06-26,86.33450317382812
2006-06-27,85.58853149414062
2006-06-28,86.16870880126953
2006-06-29,87.90937042236328
2006-06-30,87.91626739501953
2006-07-03,88.27542877197266
2006-07-05,87.77120208740234
2006-07-06,88.02677917480469
2006-07-07,87.45347595214844
2006-07-10,87.61924743652344
2006-07-11,88.00604248046875
2006-07-12,87.06671905517578
2006-07-13,85.65067291259766
2006-07-14,85.31912231445312
2006-07-17,85.19477844238281
2006-07-18,85.62995147705078
2006-07-19,86.81798553466797
2006-07-20,86.22399139404297
2006-07-21,85.61613464355469
2006-07-24,87.17721557617188
2006-07-25,87.48802947998047
2006-07-26,87.60542297363281
2006-07-27,87.52255249023438
2006-07-28,88.39977264404297
2006-07-31,88.30999755859375
2006-08-01,87.87483978271484
2006-08-02,88.46885681152344
2006-08-03,88.7037124633789
2006-08-04,88.55174255371094
2006-08-07,88.34455108642578
2006-08-08,88.00604248046875
2006-08-09,87.70906829833984
2006-08-10,87.97843170166016
2006-08-11,87.72978973388672
2006-08-14,87.798828125
2006-08-15,88.84877014160156
2006-08-16,89.58782196044922
2006-08-17,89.8157958984375
2006-08-18,90.27166748046875
2006-08-21,89.88485717773438
2006-08-22,89.8779525756836
2006-08-23,89.62931823730469
2006-08-24,89.55331420898438
2006-08-25,89.66380310058594
2006-08-28,90.09205627441406
2006-08-29,90.19568634033203
2006-08-30,90.2509536743164
2006-08-31,90.23711395263672
2006-09-01,90.77590942382812
2006-09-05,90.94856262207031
2006-09-06,90.14734649658203
2006-09-07,89.73285675048828
2006-09-08,89.98845672607422
2006-09-11,90.07825469970703
2006-09-12,90.96238708496094
2006-09-13,91.3284912109375
2006-09-14,91.33536529541016
2006-09-15,91.54976654052734
2006-09-18,91.67462921142578
2006-09-19,91.44567108154297
2006-09-20,91.93135833740234
2006-09-21,91.4873275756836
2006-09-22,91.20983123779297
2006-09-25,91.91051483154297
2006-09-26,92.67365264892578
2006-09-27,92.78467559814453
2006-09-28,92.75000762939453
2006-09-29,92.67365264892578
2006-10-02,92.3267822265625
2006-10-03,92.52104187011719
2006-10-04,93.60332489013672
2006-10-05,93.78367614746094
2006-10-06,93.66575622558594
2006-10-09,93.72125244140625
2006-10-10,93.84613800048828
2006-10-11,93.73514556884766
2006-10-12,94.54686737060547
2006-10-13,94.7896728515625
2006-10-16,94.93534088134766
2006-10-17,94.63703155517578
2006-10-18,94.76188659667969
2006-10-19,94.91455078125
2006-10-20,94.93534088134766
2006-10-23,95.3724136352539
2006-10-24,95.65686798095703
2006-10-25,95.98297119140625
2006-10-26,96.28125762939453
2006-10-27,95.6776351928711
2006-10-30,95.60830688476562
2006-10-31,95.59441375732422
2006-11-01,94.9492416381836
2006-11-02,94.89375305175781
2006-11-03,94.72718811035156
2006-11-06,95.79561614990234
2006-11-07,96.16333770751953
2006-11-08,96.3714599609375
2006-11-09,95.86500549316406
2006-11-10,95.9066162109375
2006-11-13,96.14252471923828
2006-11-14,96.86407470703125
2006-11-15,97.14155578613281
2006-11-16,97.3913345336914
2006-11-17,97.4190444946289
2006-11-20,97.47455596923828
2006-11-21,97.57167053222656
2006-11-22,97.76598358154297
2006-11-24,97.37052154541016
2006-11-27,96.03153991699219
2006-11-28,96.4477767944336
2006-11-29,97.45375061035156
2006-11-30,97.495361328125
2006-12-01,97.28028106689453
2006-12-04,98.02262878417969
2006-12-05,98.44584655761719
2006-12-06,98.36256408691406
2006-12-07,97.93243408203125
2006-12-08,98.11285400390625
2006-12-11,98.3972396850586
2006-12-12,98.32096099853516
2006-12-13,98.42501831054688
2006-12-14,99.29226684570312
2006-12-15,99.30130004882812
2006-12-18,99.02922821044922
2006-12-19,99.21756744384766
2006-12-20,99.16175079345703
2006-12-21,98.79899597167969
2006-12-22,98.19207000732422
2006-12-26,98.77110290527344
2006-12-27,99.41989135742188
2006-12-28,99.2105941772461
2006-12-29,98.79899597167969
2007-01-03,98.62454986572266
2007-01-04,98.8338851928711
2007-01-05,98.04557800292969
2007-01-08,98.49903106689453
2007-01-09,98.41532135009766
2007-01-10,98.7431640625
2007-01-11,99.17572021484375
2007-01-12,99.9291763305664
2007-01-16,99.73382568359375
2007-01-17,99.7757339477539
2007-01-18,99.44078826904297
2007-01-19,99.63619232177734
2007-01-22,99.3292236328125
2007-01-23,99.62223052978516
2007-01-24,100.42447662353516
2007-01-25,99.24549865722656
2007-01-26,99.15482330322266
2007-01-29,99.09892272949219
2007-01-30,99.61520385742188
2007-01-31,100.2849349975586
2007-02-01,100.88494873046875
2007-02-02,101.02445220947266
2007-02-05,101.0523452758789
2007-02-06,101.08026885986328
2007-02-07,101.30350494384766
2007-02-08,101.17100524902344
2007-02-09,100.41751098632812
2007-02-12,100.07565307617188
2007-02-13,100.91981506347656
2007-02-14,101.58248901367188
2007-02-15,101.7151107788086
2007-02-16,101.6662368774414
2007-02-20,101.882568359375
2007-02-21,101.84066772460938
2007-02-22,101.76396179199219
2007-02-23,101.36627960205078
2007-02-26,101.27556610107422
2007-02-27,97.31998443603516
2007-02-28,98.31761932373047
2007-03-01,98.0246353149414
2007-03-02,96.74099731445312
2007-03-05,95.82009887695312
2007-03-06,97.45951843261719
2007-03-07,97.36190032958984
2007-03-08,98.18508911132812
2007-03-09,98.21300506591797
2007-03-12,98.3594741821289
2007-03-13,96.447998046875
2007-03-14,97.16653442382812
2007-03-15,97.29908752441406
2007-03-16,97.02664184570312
2007-03-19,98.19628143310547
2007-03-20,98.73558807373047
2007-03-21,100.36051177978516
2007-03-22,100.28349304199219
2007-03-23,100.43054962158203
2007-03-26,100.29752349853516
2007-03-27,100.05940246582031
2007-03-28,99.3309555053711
2007-03-29,99.43603515625
2007-03-30,99.45706176757812
2007-04-02,99.56906127929688
2007-04-03,100.64067840576172
2007-04-04,100.75274658203125
2007-04-05,101.02591705322266
2007-04-09,101.16600799560547
2007-04-10,101.28509521484375
2007-04-11,100.87181091308594
2007-04-12,101.32007598876953
2007-04-13,101.78237915039062
2007-04-16,102.74893951416016
2007-04-17,103.02208709716797
2007-04-18,103.14810943603516
2007-04-19,103.12010192871094
2007-04-20,104.09371185302734
2007-04-23,103.70143127441406
2007-04-24,103.74345397949219
2007-04-25,104.69603729248047
2007-04-26,104.81507873535156
2007-04-27,104.73103332519531
2007-04-30,103.862548828125
2007-05-01,104.12867736816406
2007-05-02,104.73804473876953
2007-05-03,105.30538940429688
2007-05-04,105.70458984375
2007-05-07,105.72561645507812
2007-05-08,105.58554077148438
2007-05-09,105.8727035522461
2007-05-10,104.7660903930664
2007-05-11,105.6626205444336
2007-05-14,105.43142700195312
2007-05-15,105.4594497680664
2007-05-16,106.18086242675781
2007-05-17,105.97073364257812
2007-05-18,106.8952865600586
2007-05-21,106.83926391601562
2007-05-22,106.75519561767578
2007-05-23,106.76920318603516
2007-05-24,105.80265045166016
2007-05-25,106.24393463134766
2007-05-29,106.62911224365234
2007-05-30,107.49761199951172
2007-05-31,107.38554382324219
2007-06-01,107.91791534423828
2007-06-04,107.931884765625
2007-06-05,107.50464630126953
2007-06-06,106.34896087646484
2007-06-07,104.4298324584961
2007-06-08,105.78862762451172
2007-06-11,105.97073364257812
2007-06-12,104.81507873535156
2007-06-13,106.3840103149414
2007-06-14,107.06340789794922
2007-06-15,107.67255401611328
2007-06-18,107.54595184326172
2007-06-19,107.81327819824219
2007-06-20,106.31497955322266
2007-06-21,106.90583038330078
2007-06-22,105.89996337890625
2007-06-25,105.3934097290039
2007-06-26,104.31019592285156
2007-06-27,105.79440307617188
2007-06-28,105.78035736083984
2007-06-29,105.81549072265625
2007-07-02,106.77214813232422
2007-07-03,107.15902709960938
2007-07-05,107.04647827148438
2007-07-06,107.6092529296875
2007-07-09,107.6936264038086
2007-07-10,106.16020202636719
2007-07-11,106.9128189086914
2007-07-12,108.60102081298828
2007-07-13,108.92463684082031
2007-07-16,108.91056060791016
2007-07-17,108.85428619384766
2007-07-18,108.65735626220703
2007-07-19,109.07939910888672
2007-07-20,107.97502136230469
2007-07-23,108.3056411743164
2007-07-24,106.42749786376953
2007-07-25,106.64559936523438
2007-07-26,104.12023162841797
2007-07-27,102.07334899902344
2007-07-30,103.6700668334961
2007-07-31,102.50241088867188
2007-08-01,103.00180053710938
2007-08-02,103.82482147216797
2007-08-03,101.15184783935547
2007-08-06,102.84712219238281
2007-08-07,103.94441223144531
2007-08-08,105.3934097290039
2007-08-09,102.27031707763672
2007-08-10,101.7919692993164
2007-08-13,102.15773010253906
2007-08-14,100.59612274169922
2007-08-15,99.21041870117188
2007-08-16,99.95604705810547
2007-08-17,101.7919692993164
2007-08-20,101.74272155761719
2007-08-21,101.94668579101562
2007-08-22,103.1565933227539
2007-08-23,103.06513214111328
2007-08-24,104.33834838867188
2007-08-27,103.36759948730469
2007-08-28,101.0955810546875
2007-08-29,103.07918548583984
2007-08-30,102.80488586425781
2007-08-31,103.81778717041016
2007-09-04,104.86589813232422
2007-09-05,103.9584732055664
2007-09-06,104.19770050048828
2007-09-07,102.74859619140625
2007-09-10,102.55166625976562
2007-09-11,103.74746704101562
2007-09-12,104.0147933959961
2007-09-13,104.74633026123047
2007-09-14,104.73931884765625
2007-09-17,104.17655181884766
2007-09-18,107.24348449707031
2007-09-19,107.87652587890625
2007-09-20,107.11685943603516
2007-09-21,107.40594482421875
2007-09-24,107.20805358886719
2007-09-25,106.99601745605469
2007-09-26,107.5613784790039
2007-09-27,108.19747161865234
2007-09-28,107.83702850341797
2007-10-01,109.0526351928711
2007-10-02,108.90426635742188
2007-10-03,108.68512725830078
2007-10-04,108.8547592163086
2007-10-05,110.14814758300781
2007-10-08,109.56153106689453
2007-10-09,110.59339141845703
2007-10-10,110.40959167480469
2007-10-11,109.8795394897461
2007-10-12,110.48739624023438
2007-10-15,109.55442810058594
2007-10-16,108.68512725830078
2007-10-17,109.01728057861328
2007-10-18,108.6214828491211
2007-10-19,105.78035736083984
2007-10-22,106.39527893066406
2007-10-23,107.25749969482422
2007-10-24,107.05960083007812
2007-10-25,107.31399536132812
2007-10-26,108.57208251953125
2007-10-29,108.93251037597656
2007-10-30,108.17630004882812
2007-10-31,109.300048828125
2007-11-01,106.74154663085938
2007-11-02,106.8616714477539
2007-11-05,106.04891204833984
2007-11-06,107.47663116455078
2007-11-07,104.53646850585938
2007-11-08,104.00635528564453
2007-11-09,102.57878112792969
2007-11-12,101.56100463867188
2007-11-13,104.6566390991211
2007-11-14,104.3668441772461
2007-11-15,102.86141967773438
2007-11-16,103.03816986083984
2007-11-19,101.60343933105469
2007-11-20,102.22538757324219
2007-11-21,100.13337707519531
2007-11-23,101.86495208740234
2007-11-26,99.61746978759766
2007-11-27,100.76236724853516
2007-11-28,103.98521423339844
2007-11-29,104.0205307006836
2007-11-30,105.0665512084961
2007-12-03,104.37393188476562
2007-12-04,103.44100189208984
2007-12-05,105.17259216308594
2007-12-06,106.67792510986328
2007-12-07,106.65674591064453
2007-12-10,107.48369598388672
2007-12-11,104.53646850585938
2007-12-12,105.5683364868164
2007-12-13,105.34918975830078
2007-12-14,104.01346588134766
2007-12-17,102.52925872802734
2007-12-18,103.10179138183594
2007-12-19,103.10179138183594
2007-12-20,103.75202178955078
2007-12-21,105.24762725830078
2007-12-24,106.02915954589844
2007-12-26,106.25652313232422
2007-12-27,104.92076110839844
2007-12-28,104.65788269042969
2007-12-31,103.88343811035156
2008-01-02,102.97393035888672
2008-01-03,102.92422485351562
2008-01-04,100.40190124511719
2008-01-07,100.3166732788086
2008-01-08,98.69671630859375
2008-01-09,99.7340316772461
2008-01-10,100.38774108886719
2008-01-11,99.57774353027344
2008-01-14,100.38062286376953
2008-01-15,98.17096710205078
2008-01-16,97.32540130615234
2008-01-17,94.80313110351562
2008-01-18,93.82970428466797
2008-01-22,92.87767028808594
2008-01-23,95.10863494873047
2008-01-24,95.91153717041016
2008-01-25,94.5260238647461
2008-01-28,96.0891342163086
2008-01-29,96.56515502929688
2008-01-30,95.85469055175781
2008-01-31,97.60250091552734
2008-02-01,99.1727523803711
2008-02-04,97.9222412109375
2008-02-05,95.30046844482422
2008-02-06,94.53314208984375
2008-02-07,95.15837860107422
2008-02-08,94.54734802246094
2008-02-11,95.0304946899414
2008-02-12,95.91153717041016
2008-02-13,96.89200592041016
2008-02-14,96.03943634033203
2008-02-15,96.01809692382812
2008-02-19,96.28807067871094
2008-02-20,96.57228088378906
2008-02-21,95.76940155029297
2008-02-22,96.35913848876953
2008-02-25,97.57415008544922
2008-02-26,98.3059310913086
2008-02-27,98.20642852783203
2008-02-28,97.24726867675781
2008-02-29,95.0802230834961
2008-03-03,94.85284423828125
2008-03-04,94.490478515625
2008-03-05,95.08731079101562
2008-03-06,93.11924743652344
2008-03-07,92.16002655029297
2008-03-10,90.94505310058594
2008-03-11,94.21343994140625
2008-03-12,93.33236694335938
2008-03-13,93.53844451904297
2008-03-14,92.08895874023438
2008-03-17,91.15821838378906
2008-03-18,94.94523620605469
2008-03-19,92.59342956542969
2008-03-20,94.30855560302734
2008-03-24,96.19355010986328
2008-03-25,96.28639221191406
2008-03-26,95.10820770263672
2008-03-27,94.8083267211914
2008-03-28,93.90152740478516
2008-03-31,94.22998046875
2008-04-01,97.54306030273438
2008-04-02,97.6073226928711
2008-04-03,97.85010528564453
2008-04-04,97.74298095703125
2008-04-07,97.79300689697266
2008-04-08,97.69300079345703
2008-04-09,96.98612976074219
2008-04-10,97.12179565429688
2008-04-11,95.23675537109375
2008-04-14,94.91546630859375
2008-04-15,95.13682556152344
2008-04-16,97.71443176269531
2008-04-17,97.85726928710938
2008-04-18,98.87828063964844
2008-04-21,98.92829132080078
2008-04-22,98.49272155761719
2008-04-23,98.33562469482422
2008-04-24,98.7640609741211
2008-04-25,99.67803192138672
2008-04-28,99.69942474365234
2008-04-29,99.30672454833984
2008-04-30,98.72120666503906
2008-05-01,100.76335144042969
2008-05-02,101.04178619384766
2008-05-05,100.55624389648438
2008-05-06,101.42736053466797
2008-05-07,99.62089538574219
2008-05-08,99.36382293701172
2008-05-09,99.17818450927734
2008-05-12,100.29208374023438
2008-05-13,100.30634307861328
2008-05-14,100.513427734375
2008-05-15,101.77008056640625
2008-05-16,101.86296844482422
2008-05-19,102.14138793945312
2008-05-20,101.31310272216797
2008-05-21,99.59941864013672
2008-05-22,99.61371612548828
2008-05-23,98.27852630615234
2008-05-27,99.00682830810547
2008-05-28,99.46380615234375
2008-05-29,99.96361541748047
2008-05-30,100.21356201171875
2008-06-02,99.17818450927734
2008-06-03,98.599853515625
2008-06-04,98.54984283447266
2008-06-05,100.52054595947266
2008-06-06,97.31459045410156
2008-06-09,97.55018615722656
2008-06-10,97.0646743774414
2008-06-11,95.63660430908203
2008-06-12,96.00077819824219
2008-06-13,97.21463012695312
2008-06-16,97.27172088623047
2008-06-17,96.80052185058594
2008-06-18,95.8579330444336
2008-06-19,95.97932434082031
2008-06-20,94.42146301269531
2008-06-23,94.32818603515625
2008-06-24,94.14157104492188
2008-06-25,94.58653259277344
2008-06-26,92.01746368408203
2008-06-27,91.51518249511719
2008-06-30,91.83810424804688
2008-07-01,92.12515258789062
2008-07-02,90.54640197753906
2008-07-03,90.63971710205078
2008-07-07,89.71399688720703
2008-07-08,91.30709075927734
2008-07-09,89.54896545410156
2008-07-10,89.91495513916016
2008-07-11,88.86721801757812
2008-07-14,88.06353759765625
2008-07-15,86.82209014892578
2008-07-16,88.95333862304688
2008-07-17,89.84318542480469
2008-07-18,90.40290832519531
2008-07-21,90.45310974121094
2008-07-22,91.4792709350586
2008-07-23,91.97444915771484
2008-07-24,90.06563568115234
2008-07-25,90.04412078857422
2008-07-28,88.72372436523438
2008-07-29,90.6181869506836
2008-07-30,92.23278045654297
2008-07-31,91.01286315917969
2008-08-01,90.5320816040039
2008-08-04,89.6924819946289
2008-08-05,92.11080169677734
2008-08-06,92.51979064941406
2008-08-07,91.14203643798828
2008-08-08,92.83555603027344
2008-08-11,93.79713439941406
2008-08-12,92.82119750976562
2008-08-13,92.26148986816406
2008-08-14,92.95755004882812
2008-08-15,93.40965270996094
2008-08-18,92.13229370117188
2008-08-19,91.12767791748047
2008-08-20,91.55104064941406
2008-08-21,91.70895385742188
2008-08-22,93.03649139404297
2008-08-25,91.14920043945312
2008-08-26,91.41470336914062
2008-08-27,92.30455017089844
2008-08-28,93.42398071289062
2008-08-29,92.41934967041016
2008-09-02,91.84526824951172
2008-09-03,91.76631164550781
2008-09-04,89.00360107421875
2008-09-05,89.28345489501953
2008-09-08,91.12767791748047
2008-09-09,88.42230987548828
2008-09-10,88.7811279296875
2008-09-11,90.06563568115234
2008-09-12,90.48184967041016
2008-09-15,86.17625427246094
2008-09-16,87.61862182617188
2008-09-17,83.67904663085938
2008-09-18,86.16189575195312
2008-09-19,89.58373260498047
2008-09-22,87.55561065673828
2008-09-23,85.56359100341797
2008-09-24,85.83786010742188
2008-09-25,87.18033599853516
2008-09-26,87.22357940673828
2008-09-29,80.38863372802734
2008-09-30,83.71588134765625
2008-10-01,83.76640319824219
2008-10-02,80.72781372070312
2008-10-03,79.63801574707031
2008-10-06,75.58175659179688
2008-10-07,72.19672393798828
2008-10-08,70.3779067993164
2008-10-09,65.4627914428711
2008-10-10,63.87494659423828
2008-10-13,73.14944458007812
2008-10-14,72.0667953491211
2008-10-15,64.97200775146484
2008-10-16,67.6785888671875
2008-10-17,67.27439880371094
2008-10-20,71.31622314453125
2008-10-21,69.18702697753906
2008-10-22,65.41950988769531
2008-10-23,66.17733001708984
2008-10-24,62.821205139160156
2008-10-27,60.59097671508789
2008-10-28,67.67137908935547
2008-10-29,67.18057250976562
2008-10-30,69.50460052490234
2008-10-31,69.88715362548828
2008-11-03,70.0892333984375
2008-11-04,72.47102355957031
2008-11-05,69.42520904541016
2008-11-06,65.57828521728516
2008-11-07,67.7435302734375
2008-11-10,66.85577392578125
2008-11-11,64.79158782958984
2008-11-12,61.940677642822266
2008-11-13,65.80204010009766
2008-11-14,62.51808166503906
2008-11-17,61.688018798828125
2008-11-18,62.85005569458008
2008-11-19,58.82269287109375
2008-11-20,54.45610427856445
2008-11-21,57.39361572265625
2008-11-24,61.370487213134766
2008-11-25,61.8252067565918
2008-11-26,64.21418762207031
2008-11-28,65.02253723144531
2008-12-01,59.26298522949219
2008-12-02,61.5436897277832
2008-12-03,63.0233039855957
2008-12-04,61.565372467041016
2008-12-05,63.463558197021484
2008-12-08,65.67933654785156
2008-12-09,64.59671020507812
2008-12-10,65.0369644165039
2008-12-11,63.47078323364258
2008-12-12,64.22858428955078
2008-12-15,63.3336296081543
2008-12-16,66.31450653076172
2008-12-17,65.67211151123047
2008-12-18,64.44511413574219
2008-12-19,64.16793060302734
2008-12-22,63.34569549560547
2008-12-23,62.69087600708008
2008-12-24,63.0546760559082
2008-12-26,63.41848373413086
2008-12-29,63.23659896850586
2008-12-30,64.73545837402344
2008-12-31,65.65951538085938
2009-01-02,67.63862609863281
2009-01-05,67.55857849121094
2009-01-06,68.00971984863281
2009-01-07,65.97239685058594
2009-01-08,66.24161529541016
2009-01-09,64.82276153564453
2009-01-12,63.26570510864258
2009-01-13,63.382118225097656
2009-01-14,61.38844299316406
2009-01-15,61.41027069091797
2009-01-16,61.8904914855957
2009-01-20,58.623538970947266
2009-01-21,61.155643463134766
2009-01-22,60.209747314453125
2009-01-23,60.47166442871094
2009-01-26,60.88637924194336
2009-01-27,61.504852294921875
2009-01-28,63.5858268737793
2009-01-29,61.51942443847656
2009-01-30,60.267940521240234
2009-02-02,60.08604049682617
2009-02-03,60.93002700805664
2009-02-04,60.63175582885742
2009-02-05,61.53395462036133
2009-02-06,63.28749084472656
2009-02-09,63.37479782104492
2009-02-10,60.47166442871094
2009-02-11,60.828189849853516
2009-02-12,60.871856689453125
2009-02-13,60.21699905395508
2009-02-17,57.6412467956543
2009-02-18,57.503013610839844
2009-02-19,56.884559631347656
2009-02-20,56.33155059814453
2009-02-23,54.31609344482422
2009-02-24,56.37522506713867
2009-02-25,55.931373596191406
2009-02-26,55.0218620300293
2009-02-27,53.792198181152344
2009-03-02,51.36925506591797
2009-03-03,50.983638763427734
2009-03-04,52.191463470458984
2009-03-05,50.05957794189453
2009-03-06,50.146881103515625
2009-03-09,49.55750274658203
2009-03-10,52.51157760620117
2009-03-11,52.85356140136719
2009-03-12,54.93452072143555
2009-03-13,55.36381530761719
2009-03-16,55.196475982666016
2009-03-17,56.884559631347656
2009-03-18,58.15787887573242
2009-03-19,57.43752670288086
2009-03-20,56.214454650878906
2009-03-23,60.25226974487305
2009-03-24,59.065120697021484
2009-03-25,59.68800735473633
2009-03-26,60.904483795166016
2009-03-27,59.80525207519531
2009-03-30,57.73870086669922
2009-03-31,58.273681640625
2009-04-01,59.40221405029297
2009-04-02,61.1390266418457
2009-04-03,61.74721145629883
2009-04-06,61.2635498046875
2009-04-07,59.834571838378906
2009-04-08,60.479461669921875
2009-04-09,62.88311767578125
2009-04-13,62.89775085449219
2009-04-14,61.81317901611328
2009-04-15,62.472713470458984
2009-04-16,63.38874816894531
2009-04-17,63.81377410888672
2009-04-20,61.1390266418457
2009-04-21,62.33351516723633
2009-04-22,61.9524040222168
2009-04-23,62.56064987182617
2009-04-24,63.50599670410156
2009-04-27,62.905067443847656
2009-04-28,62.70723342895508
2009-04-29,64.04095458984375
2009-04-30,64.06294250488281
2009-05-01,64.40734100341797
2009-05-04,66.59848022460938
2009-05-05,66.37130737304688
2009-05-06,67.52184295654297
2009-05-07,66.58382415771484
2009-05-08,68.13739013671875
2009-05-11,66.86227416992188
2009-05-12,66.66443634033203
2009-05-13,64.98628997802734
2009-05-14,65.5432357788086
2009-05-15,65.00827026367188
2009-05-18,66.8549575805664
2009-05-19,66.77436065673828
2009-05-20,66.32734680175781
2009-05-21,65.37467956542969
2009-05-22,65.23542785644531
2009-05-26,66.90624237060547
2009-05-27,65.71176147460938
2009-05-28,66.62779235839844
2009-05-29,67.8076171875
2009-06-01,69.44914245605469
2009-06-02,69.50776672363281
2009-06-03,68.62838745117188
2009-06-04,69.27326965332031
2009-06-05,69.28792572021484
2009-06-08,69.00212097167969
2009-06-09,69.3539047241211
2009-06-10,69.1780014038086
2009-06-11,69.48574829101562
2009-06-12,69.67630004882812
2009-06-15,68.07878112792969
2009-06-16,67.15544891357422
2009-06-17,67.08946990966797
2009-06-18,67.58049011230469
2009-06-19,67.82957458496094
2009-06-22,65.7955551147461
2009-06-23,65.84713745117188
2009-06-24,66.41460418701172
2009-06-25,67.85902404785156
2009-06-26,67.68215942382812
2009-06-29,68.31594848632812
2009-06-30,67.76322937011719
2009-07-01,68.04327392578125
2009-07-02,66.18612670898438
2009-07-06,66.17878723144531
2009-07-07,64.89644622802734
2009-07-08,64.85224151611328
2009-07-09,64.97749328613281
2009-07-10,64.82276153564453
2009-07-13,66.39984893798828
2009-07-14,66.77568054199219
2009-07-15,68.72862243652344
2009-07-16,68.61810302734375
2009-07-17,69.36975860595703
2009-07-20,70.10675811767578
2009-07-21,70.4310073852539
2009-07-22,70.41629028320312
2009-07-23,71.97122192382812
2009-07-24,72.26602172851562
2009-07-27,72.4797592163086
2009-07-28,72.1407470703125
2009-07-29,71.9638671875
2009-07-30,72.71560668945312
2009-07-31,72.8187484741211
2009-08-03,74.01998901367188
2009-08-04,74.21160125732422
2009-08-05,73.99789428710938
2009-08-06,73.61466217041016
2009-08-07,74.58009338378906
2009-08-10,74.42532348632812
2009-08-11,73.49673461914062
2009-08-12,74.28530883789062
2009-08-13,74.85274505615234
2009-08-14,74.27793884277344
2009-08-17,72.45027160644531
2009-08-18,73.02508544921875
2009-08-19,73.6662368774414
2009-08-20,74.42532348632812
2009-08-21,75.88447570800781
2009-08-24,75.87711334228516
2009-08-25,76.0245132446289
2009-08-26,76.03186798095703
2009-08-27,76.20140838623047
2009-08-28,76.18663787841797
2009-08-31,75.50867462158203
2009-09-01,73.84310913085938
2009-09-02,73.56307983398438
2009-09-03,74.17475128173828
2009-09-04,75.21385192871094
2009-09-08,75.86241149902344
2009-09-09,76.444580078125
2009-09-10,77.22576141357422
2009-09-11,77.21099853515625
2009-09-14,77.58686065673828
2009-09-15,77.9111328125
2009-09-16,79.09027099609375
2009-09-17,78.97234344482422
2009-09-18,79.02268981933594
2009-09-21,78.82275390625
2009-09-22,79.2818603515625
2009-09-23,78.62285614013672
2009-09-24,77.75650787353516
2009-09-25,77.34185791015625
2009-09-28,78.72650909423828
2009-09-29,78.48954010009766
2009-09-30,78.18597412109375
2009-10-01,76.24594116210938
2009-10-02,75.89051055908203
2009-10-05,77.0234146118164
2009-10-06,78.12669372558594
2009-10-07,78.34146881103516
2009-10-08,78.94124603271484
2009-10-09,79.42252349853516
2009-10-12,79.73352813720703
2009-10-13,79.5706558227539
2009-10-14,80.94049835205078
2009-10-15,81.2367172241211
2009-10-16,80.6295166015625
2009-10-19,81.29591369628906
2009-10-20,80.86647033691406
2009-10-21,80.1408462524414
2009-10-22,80.95530700683594
2009-10-23,80.02974700927734
2009-10-26,79.16338348388672
2009-10-27,78.80054473876953
2009-10-28,77.31221771240234
2009-10-29,78.97086334228516
2009-10-30,76.68280029296875
2009-11-02,77.24556732177734
2009-11-03,77.48994445800781
2009-11-04,77.68982696533203
2009-11-05,79.11896514892578
2009-11-06,79.32628631591797
2009-11-09,81.13306427001953
2009-11-10,81.14784240722656
2009-11-11,81.56249237060547
2009-11-12,80.73319244384766
2009-11-13,81.17005157470703
2009-11-16,82.3473892211914
2009-11-17,82.44367980957031
2009-11-18,82.39181518554688
2009-11-19,81.3181381225586
2009-11-20,81.02940368652344
2009-11-23,82.05860900878906
2009-11-24,82.18449401855469
2009-11-25,82.4732894897461
2009-11-27,81.13306427001953
2009-11-30,81.40699005126953
2009-12-01,82.41405487060547
2009-12-02,82.3769760131836
2009-12-03,81.73282623291016
2009-12-04,82.19930267333984
2009-12-07,82.07340240478516
2009-12-08,81.16265106201172
2009-12-09,81.46622467041016
2009-12-10,81.92532348632812
2009-12-11,82.27333068847656
2009-12-14,82.83609008789062
2009-12-15,82.45105743408203
2009-12-16,82.57693481445312
2009-12-17,81.58473205566406
2009-12-18,82.0462875366211
2009-12-21,82.88005828857422
2009-12-22,83.17786407470703
2009-12-23,83.34162139892578
2009-12-24,83.73619842529297
2009-12-28,83.91485595703125
2009-12-29,83.79571533203125
2009-12-30,83.76596069335938
2009-12-31,82.96196746826172
2010-01-04,84.36898040771484
2010-01-05,84.59231567382812
2010-01-06,84.6518783569336
2010-01-07,85.00923919677734
2010-01-08,85.29209899902344
2010-01-11,85.41120910644531
2010-01-12,84.61466979980469
2010-01-13,85.32933044433594
2010-01-14,85.56010437011719
2010-01-15,84.59974670410156
2010-01-19,85.65686798095703
2010-01-20,84.78588104248047
2010-01-21,83.15550994873047
2010-01-22,81.30183410644531
2010-01-25,81.71873474121094
2010-01-26,81.37625122070312
2010-01-27,81.76338195800781
2010-01-28,80.82538604736328
2010-01-29,79.9469223022461
2010-02-01,81.19017791748047
2010-02-02,82.17284393310547
2010-02-03,81.76338195800781
2010-02-04,79.23970794677734
2010-02-05,79.4034652709961
2010-02-08,78.83023071289062
2010-02-09,79.82034301757812
2010-02-10,79.66400146484375
2010-02-11,80.4978256225586
2010-02-12,80.43084716796875
2010-02-16,81.6963882446289
2010-02-17,82.08354187011719
2010-02-18,82.56739044189453
2010-02-19,82.7386245727539
2010-02-22,82.75347900390625
2010-02-23,81.74849700927734
2010-02-24,82.5003890991211
2010-02-25,82.38874053955078
2010-02-26,82.4408187866211
2010-03-01,83.29696655273438
2010-03-02,83.52774810791016
2010-03-03,83.6021957397461
2010-03-04,83.85530853271484
2010-03-05,85.05389404296875
2010-03-08,85.06877136230469
2010-03-09,85.210205078125
2010-03-10,85.58988952636719
2010-03-11,85.94721221923828
2010-03-12,85.9546890258789
2010-03-15,85.97698974609375
2010-03-16,86.66191101074219
2010-03-17,87.1755599975586
2010-03-18,87.13090515136719
2010-03-19,86.68982696533203
2010-03-22,87.1533203125
2010-03-23,87.76631927490234
2010-03-24,87.34020233154297
2010-03-25,87.19818115234375
2010-03-26,87.14582824707031
2010-03-29,87.69901275634766
2010-03-30,87.75881958007812
2010-03-31,87.4598159790039
2010-04-01,88.0578384399414
2010-04-05,88.77543640136719
2010-04-06,88.98473358154297
2010-04-07,88.47642517089844
2010-04-08,88.78289031982422
2010-04-09,89.36597442626953
2010-04-12,89.50801849365234
2010-04-13,89.57526397705078
2010-04-14,90.5919189453125
2010-04-15,90.6666488647461
2010-04-16,89.2239761352539
2010-04-19,89.56031799316406
2010-04-20,90.36019897460938
2010-04-21,90.19571685791016
2010-04-22,90.46481323242188
2010-04-23,91.05538940429688
2010-04-26,90.71151733398438
2010-04-27,88.56613159179688
2010-04-28,89.2389144897461
2010-04-29,90.34523010253906
2010-04-30,88.81283569335938
2010-05-03,89.9639892578125
2010-05-04,87.8485107421875
2010-05-05,87.32527923583984
2010-05-06,84.42487335205078
2010-05-07,83.16903686523438
2010-05-10,86.83190155029297
2010-05-11,86.585205078125
2010-05-12,87.79618835449219
2010-05-13,86.70479583740234
2010-05-14,85.135009765625
2010-05-17,85.17986297607422
2010-05-18,84.0212173461914
2010-05-19,83.54281616210938
2010-05-20,80.38824462890625
2010-05-21,81.56187438964844
2010-05-24,80.51535034179688
2010-05-25,80.59757232666016
2010-05-26,80.1116714477539
2010-05-27,82.79530334472656
2010-05-28,81.75623321533203
2010-06-01,80.38079833984375
2010-06-02,82.47384643554688
2010-06-03,82.75792694091797
2010-06-04,79.85005187988281
2010-06-07,78.85582733154297
2010-06-08,79.70050811767578
2010-06-09,79.27445983886719
2010-06-10,81.59175872802734
2010-06-11,81.98796844482422
2010-06-14,81.86088562011719
2010-06-15,83.72219848632812
2010-06-16,83.69231414794922
2010-06-17,83.82685852050781
2010-06-18,83.91776275634766
2010-06-21,83.67743682861328
2010-06-22,82.29545593261719
2010-06-23,82.04010009765625
2010-06-24,80.68057250976562
2010-06-25,81.01860046386719
2010-06-28,80.76322174072266
2010-06-29,78.26964569091797
2010-06-30,77.52610778808594
2010-07-01,77.18059539794922
2010-07-02,76.75999450683594
2010-07-06,77.26322937011719
2010-07-07,79.69667053222656
2010-07-08,80.4853286743164
2010-07-09,81.08617401123047
2010-07-12,81.13876342773438
2010-07-13,82.36302947998047
2010-07-14,82.35550689697266
2010-07-15,82.37804412841797
2010-07-16,80.10977935791016
2010-07-19,80.58295440673828
2010-07-20,81.47673797607422
2010-07-21,80.41775512695312
2010-07-22,82.2127685546875
2010-07-23,82.92632293701172
2010-07-26,83.79007720947266
2010-07-27,83.78257751464844
2010-07-28,83.24178314208984
2010-07-29,82.8362045288086
2010-07-30,82.8211898803711
2010-08-02,84.69137573242188
2010-08-03,84.28577423095703
2010-08-04,84.84907531738281
2010-08-05,84.75896453857422
2010-08-06,84.41344451904297
2010-08-09,84.86410522460938
2010-08-10,84.40592193603516
2010-08-11,82.0926284790039
2010-08-12,81.58937072753906
2010-08-13,81.34905242919922
2010-08-16,81.31151580810547
2010-08-17,82.31046295166016
2010-08-18,82.46063232421875
2010-08-19,81.0261001586914
2010-08-20,80.76322174072266
2010-08-23,80.45528411865234
2010-08-24,79.26109313964844
2010-08-25,79.56901550292969
2010-08-26,79.03571319580078
2010-08-27,80.26000213623047
2010-08-30,79.0958251953125
2010-08-31,79.0958251953125
2010-09-01,81.46171569824219
2010-09-02,82.22032165527344
2010-09-03,83.28684997558594
2010-09-07,82.34797668457031
2010-09-08,82.92632293701172
2010-09-09,83.30937194824219
2010-09-10,83.72998046875
2010-09-13,84.66130828857422
2010-09-14,84.60871887207031
2010-09-15,84.93171691894531
2010-09-16,84.90917205810547
2010-09-17,84.94087982177734
2010-09-20,86.2396240234375
2010-09-21,86.06599426269531
2010-09-22,85.64310455322266
2010-09-23,84.94844818115234
2010-09-24,86.70024871826172
2010-09-27,86.28496551513672
2010-09-28,86.58697509765625
2010-09-29,86.43597412109375
2010-09-30,86.17926025390625
2010-10-01,86.54167938232422
2010-10-04,85.89230346679688
2010-10-05,87.62147521972656
2010-10-06,87.61393737792969
2010-10-07,87.50820922851562
2010-10-08,87.99901580810547
2010-10-11,88.08206939697266
2010-10-12,88.35392761230469
2010-10-13,89.0410385131836
2010-10-14,88.6937026977539
2010-10-15,88.87492370605469
2010-10-18,89.31289672851562
2010-10-19,88.14250946044922
2010-10-20,89.00328826904297
2010-10-21,89.19963073730469
2010-10-22,89.36573791503906
2010-10-25,89.63002014160156
2010-10-26,89.64511108398438
2010-10-27,89.38839721679688
2010-10-28,89.40350341796875
2010-10-29,89.47146606445312
2010-11-01,89.50167083740234
2010-11-02,90.21147155761719
2010-11-03,90.57388305664062
2010-11-04,92.31817626953125
2010-11-05,92.66554260253906
2010-11-08,92.49185180664062
2010-11-09,91.82734680175781
2010-11-10,92.19737243652344
2010-11-11,91.85002136230469
2010-11-12,90.76270294189453
2010-11-15,90.63433074951172
2010-11-16,89.22227478027344
2010-11-17,89.26758575439453
2010-11-18,90.58146667480469
2010-11-19,90.83062744140625
2010-11-22,90.755126953125
2010-11-23,89.44123077392578
2010-11-24,90.76270294189453
2010-11-26,89.70557403564453
2010-11-29,89.97736358642578
2010-11-30,89.47146606445312
2010-12-01,91.37430572509766
2010-12-02,92.54472351074219
2010-12-03,92.79391479492188
2010-12-06,92.69573211669922
2010-12-07,92.74858093261719
2010-12-08,93.0884017944336
2010-12-09,93.45081329345703
2010-12-10,93.99452209472656
2010-12-13,94.05491638183594
2010-12-14,94.13796997070312
2010-12-15,93.70753479003906
2010-12-16,94.25123596191406
2010-12-17,94.35220336914062
2010-12-20,94.5799331665039
2010-12-21,95.17955017089844
2010-12-22,95.47560119628906
2010-12-23,95.33895874023438
2010-12-27,95.3769302368164
2010-12-28,95.51355743408203
2010-12-29,95.58186340332031
2010-12-30,95.43004608154297
2010-12-31,95.45283508300781
2011-01-03,96.43962097167969
2011-01-04,96.38646697998047
2011-01-05,96.88748168945312
2011-01-06,96.69770812988281
2011-01-07,96.50792694091797
2011-01-10,96.38646697998047
2011-01-11,96.7280502319336
2011-01-12,97.60101318359375
2011-01-13,97.44158935546875
2011-01-14,98.14752197265625
2011-01-18,98.31450653076172
2011-01-19,97.35050201416016
2011-01-20,97.22151184082031
2011-01-21,97.44158935546875
2011-01-24,97.99571228027344
2011-01-25,98.04883575439453
2011-01-26,98.4283447265625
2011-01-27,98.67130279541016
2011-01-28,96.94821166992188
2011-01-31,97.67688751220703
2011-02-01,99.24058532714844
2011-02-02,99.05082702636719
2011-02-03,99.27092742919922
2011-02-04,99.55180358886719
2011-02-07,100.17424011230469
2011-02-08,100.62969970703125
2011-02-09,100.40194702148438
2011-02-10,100.43991088867188
2011-02-11,101.03959655761719
2011-02-14,101.28245544433594
2011-02-15,100.96368408203125
2011-02-16,101.60125732421875
2011-02-17,101.90489196777344
2011-02-18,102.11746215820312
2011-02-22,100.06795501708984
2011-02-23,99.45309448242188
2011-02-24,99.3847885131836
2011-02-25,100.44751739501953
2011-02-28,101.0699462890625
2011-03-01,99.3847885131836
2011-03-02,99.59735107421875
2011-03-03,101.31283569335938
2011-03-04,100.55377960205078
2011-03-07,99.76433563232422
2011-03-08,100.63726043701172
2011-03-09,100.49305725097656
2011-03-10,98.63333892822266
2011-03-11,99.31649780273438
2011-03-14,98.7168197631836
2011-03-15,97.5857925415039
2011-03-16,95.77922821044922
2011-03-17,97.04686737060547
2011-03-18,97.3998794555664
2011-03-21,98.90933990478516
2011-03-22,98.56626892089844
2011-03-23,98.84835052490234
2011-03-24,99.79368591308594
2011-03-25,100.0986099243164
2011-03-28,99.85465240478516
2011-03-29,100.52555084228516
2011-03-30,101.21930694580078
2011-03-31,101.08207702636719
2011-04-01,101.50900268554688
2011-04-04,101.59288787841797
2011-04-05,101.57764434814453
2011-04-06,101.8978271484375
2011-04-07,101.63863372802734
2011-04-08,101.28788757324219
2011-04-11,100.98297882080078
2011-04-12,100.22823333740234
2011-04-13,100.22061157226562
2011-04-14,100.2968521118164
2011-04-15,100.66276550292969
2011-04-18,99.53446960449219
2011-04-19,100.10626220703125
2011-04-20,101.4709243774414
2011-04-21,101.98928833007812
2011-04-25,101.88257598876953
2011-04-26,102.75927734375
2011-04-27,103.43014526367188
2011-04-28,103.7656021118164
2011-04-29,104.00955200195312
2011-05-02,103.84947967529297
2011-05-03,103.47589874267578
2011-05-04,102.78977966308594
2011-05-05,101.8597412109375
2011-05-06,102.30949401855469
2011-05-09,102.70591735839844
2011-05-10,103.58262634277344
2011-05-11,102.49247741699219
2011-05-12,102.98038482666016
2011-05-13,102.18748474121094
2011-05-16,101.53953552246094
2011-05-17,101.52422332763672
2011-05-18,102.43146514892578
2011-05-19,102.67542266845703
2011-05-20,101.8597412109375
2011-05-23,100.67803955078125
2011-05-24,100.59414672851562
2011-05-25,100.92959594726562
2011-05-26,101.3946533203125
2011-05-27,101.7834701538086
2011-05-31,102.84312438964844
2011-06-01,100.53317260742188
2011-06-02,100.4264144897461
2011-06-03,99.42774963378906
2011-06-06,98.37567138671875
2011-06-07,98.31468963623047
2011-06-08,97.90301513671875
2011-06-09,98.650146484375
2011-06-10,97.27787780761719
2011-06-13,97.35409545898438
2011-06-14,98.58916473388672
2011-06-15,96.835693359375
2011-06-16,97.04917907714844
2011-06-17,97.33875274658203
2011-06-20,97.83676147460938
2011-06-21,99.17752075195312
2011-06-22,98.57994079589844
2011-06-23,98.29647064208984
2011-06-24,97.1548843383789
2011-06-27,98.0206527709961
2011-06-28,99.30006408691406
2011-06-29,100.1505355834961
2011-06-30,101.10818481445312
2011-07-01,102.60218811035156
2011-07-05,102.5179214477539
2011-07-06,102.64051818847656
2011-07-07,103.7054443359375
2011-07-08,102.969970703125
2011-07-11,101.10818481445312
2011-07-12,100.6715087890625
2011-07-13,101.00858306884766
2011-07-14,100.31140899658203
2011-07-15,100.89369201660156
2011-07-18,100.06624603271484
2011-07-19,101.69046783447266
2011-07-20,101.62920379638672
2011-07-21,103.03889465332031
2011-07-22,103.1078872680664
2011-07-25,102.533203125
2011-07-26,102.15017700195312
2011-07-27,100.05859375
2011-07-28,99.76746368408203
2011-07-29,99.08557891845703
2011-08-01,98.6642074584961
2011-08-02,96.14358520507812
2011-08-03,96.66456604003906
2011-08-04,92.13662719726562
2011-08-05,91.99874114990234
2011-08-08,86.00749206542969
2011-08-09,90.0067367553711
2011-08-10,86.03045654296875
2011-08-11,89.89185333251953
2011-08-12,90.4970932006836
2011-08-15,92.4124526977539
2011-08-16,91.62335205078125
2011-08-17,91.68460845947266
2011-08-18,87.73128509521484
2011-08-19,86.2986068725586
2011-08-22,86.3675765991211
2011-08-23,89.20994567871094
2011-08-24,90.46646881103516
2011-08-25,89.08740234375
2011-08-26,90.38216400146484
2011-08-29,92.97940063476562
2011-08-30,93.22455596923828
2011-08-31,93.63825988769531
2011-09-01,92.65763092041016
2011-09-02,90.29022979736328
2011-09-06,89.63131713867188
2011-09-07,92.15962219238281
2011-09-08,91.20195770263672
2011-09-09,88.81156921386719
2011-09-12,89.38614654541016
2011-09-13,90.2059555053711
2011-09-14,91.45478820800781
2011-09-15,93.03304290771484
2011-09-16,93.58366394042969
2011-09-19,92.65178680419922
2011-09-20,92.54402160644531
2011-09-21,89.81781768798828
2011-09-22,86.91452026367188
2011-09-23,87.43817901611328
2011-09-26,89.5174560546875
2011-09-27,90.51862335205078
2011-09-28,88.67035675048828
2011-09-29,89.37116241455078
2011-09-30,87.13785552978516
2011-10-03,84.65809631347656
2011-10-04,86.51404571533203
2011-10-05,88.11589813232422
2011-10-06,89.71000671386719
2011-10-07,89.10931396484375
2011-10-10,92.08964538574219
2011-10-11,92.18209838867188
2011-10-12,92.99070739746094
2011-10-13,92.80587768554688
2011-10-14,94.39224243164062
2011-10-17,92.59021759033203
2011-10-18,94.39997100830078
2011-10-19,93.28330993652344
2011-10-20,93.69149017333984
2011-10-21,95.47042846679688
2011-10-24,96.64098358154297
2011-10-25,94.76193237304688
2011-10-26,95.7245864868164
2011-10-27,99.0591049194336
2011-10-28,99.03601837158203
2011-10-31,96.64866638183594
2011-11-01,93.95330810546875
2011-11-02,95.48583221435547
2011-11-03,97.22626495361328
2011-11-04,96.63330078125
2011-11-07,97.2339859008789
2011-11-08,98.4815444946289
2011-11-09,94.8466567993164
2011-11-10,95.7399673461914
2011-11-11,97.54202270507812
2011-11-14,96.6178970336914
2011-11-15,97.0953598022461
2011-11-16,95.55512237548828
2011-11-17,94.03803253173828
2011-11-18,93.93789672851562
2011-11-21,92.15126037597656
2011-11-22,91.789306640625
2011-11-23,89.76392364501953
2011-11-25,89.59449005126953
2011-11-28,92.18975067138672
2011-11-29,92.45159912109375
2011-11-30,96.25592041015625
2011-12-01,96.24053955078125
2011-12-02,96.15581512451172
2011-12-05,97.20318603515625
2011-12-06,97.2339859008789
2011-12-07,97.59593200683594
2011-12-08,95.45503997802734
2011-12-09,97.07225036621094
2011-12-12,95.65525817871094
2011-12-13,94.76193237304688
2011-12-14,93.75311279296875
2011-12-15,94.0919189453125
2011-12-16,94.2314453125
2011-12-19,93.22393798828125
2011-12-20,96.0448989868164
2011-12-21,96.23091888427734
2011-12-22,97.08341217041016
2011-12-23,97.951416015625
2011-12-27,98.0289077758789
2011-12-28,96.74241638183594
2011-12-29,97.74214935302734
2011-12-30,97.26164245605469
2012-01-03,98.8116455078125
2012-01-04,98.96663665771484
2012-01-05,99.23013305664062
2012-01-06,98.97439575195312
2012-01-09,99.21464538574219
2012-01-10,100.07488250732422
2012-01-11,100.12911224365234
2012-01-12,100.36937713623047
2012-01-13,99.85013580322266
2012-01-17,100.23761749267578
2012-01-18,101.34586334228516
2012-01-19,101.880615234375
2012-01-20,102.26033782958984
2012-01-23,101.996826171875
2012-01-24,101.880615234375
2012-01-25,102.73309326171875
2012-01-26,102.20610046386719
2012-01-27,102.15958404541016
2012-01-30,101.81088256835938
2012-01-31,101.77210998535156
2012-02-01,102.66336822509766
2012-02-02,102.82610321044922
2012-02-03,104.26757049560547
2012-02-06,104.19783782958984
2012-02-07,104.46134185791016
2012-02-08,104.77133178710938
2012-02-09,104.903076171875
2012-02-10,104.12809753417969
2012-02-13,104.903076171875
2012-02-14,104.77133178710938
2012-02-15,104.28306579589844
2012-02-16,105.43783569335938
2012-02-17,105.71682739257812
2012-02-21,105.7633285522461
2012-02-22,105.42233276367188
2012-02-23,105.88733673095703
2012-02-24,106.11980438232422
2012-02-27,106.2980728149414
2012-02-28,106.60808563232422
2012-02-29,106.18956756591797
2012-03-01,106.73977661132812
2012-03-02,106.41431427001953
2012-03-05,105.98029327392578
2012-03-06,104.43034362792969
2012-03-07,105.1588363647461
2012-03-08,106.20503997802734
2012-03-09,106.61583709716797
2012-03-12,106.62357330322266
2012-03-13,108.54557037353516
2012-03-14,108.4293212890625
2012-03-15,109.05705261230469
2012-03-16,109.20804595947266
2012-03-19,109.63617706298828
2012-03-20,109.31706237792969
2012-03-21,109.13803100585938
2012-03-22,108.35182189941406
2012-03-23,108.7021255493164
2012-03-26,110.22772979736328
2012-03-27,109.88521575927734
2012-03-28,109.34040069580078
2012-03-29,109.15357208251953
2012-03-30,109.60504913330078
2012-04-02,110.4067153930664
2012-04-03,109.955322265625
2012-04-04,108.86558532714844
2012-04-05,108.81107330322266
2012-04-09,107.58899688720703
2012-04-10,105.78312683105469
2012-04-11,106.639404296875
2012-04-12,108.03267669677734
2012-04-13,106.74832916259766
2012-04-16,106.67828369140625
2012-04-17,108.25839233398438
2012-04-18,107.892578125
2012-04-19,107.19981384277344
2012-04-20,107.37887573242188
2012-04-23,106.47589874267578
2012-04-24,106.88067626953125
2012-04-25,108.34406280517578
2012-04-26,109.09909057617188
2012-04-27,109.27810668945312
2012-04-30,108.87334442138672
2012-05-01,109.550537109375
2012-05-02,109.2236557006836
2012-05-03,108.39073944091797
2012-05-04,106.639404296875
2012-05-07,106.71720886230469
2012-05-08,106.2890625
2012-05-09,105.65863037109375
2012-05-10,105.8765640258789
2012-05-11,105.55741882324219
2012-05-14,104.38983154296875
2012-05-15,103.79046630859375
2012-05-16,103.39347839355469
2012-05-17,101.86006927490234
2012-05-18,100.98825073242188
2012-05-21,102.72408294677734
2012-05-22,102.9030990600586
2012-05-23,102.95760345458984
2012-05-24,103.15995788574219
2012-05-25,102.82527160644531
2012-05-29,104.0706787109375
2012-05-30,102.56059265136719
2012-05-31,102.33489227294922
2012-06-01,99.7584228515625
2012-06-04,99.7116928100586
2012-06-05,100.46672821044922
2012-06-06,102.72408294677734
2012-06-07,102.78633117675781
2012-06-08,103.60370635986328
2012-06-11,102.28817749023438
2012-06-12,103.46356201171875
2012-06-13,102.80189514160156
2012-06-14,103.89163208007812
2012-06-15,104.95416259765625
2012-06-18,105.15760040283203
2012-06-19,106.17475891113281
2012-06-20,106.00265502929688
2012-06-21,103.62407684326172
2012-06-22,104.4221420288086
2012-06-25,102.74776458740234
2012-06-26,103.26414489746094
2012-06-27,104.19527435302734
2012-06-28,103.89791107177734
2012-06-29,106.48780059814453
2012-07-02,106.80853271484375
2012-07-03,107.51268768310547
2012-07-05,107.02758026123047
2012-07-06,106.0104751586914
2012-07-09,105.87747192382812
2012-07-10,104.95416259765625
2012-07-11,104.9698486328125
2012-07-12,104.46125793457031
2012-07-13,106.21389770507812
2012-07-16,105.96350860595703
2012-07-17,106.6911392211914
2012-07-18,107.48140716552734
2012-07-19,107.76303100585938
2012-07-20,106.77722930908203
2012-07-23,105.697509765625
2012-07-24,104.78987884521484
2012-07-25,104.81336975097656
2012-07-26,106.54249572753906
2012-07-27,108.5064468383789
2012-07-30,108.5064468383789
2012-07-31,107.7474365234375
2012-08-01,107.6535415649414
2012-08-02,106.91024780273438
2012-08-03,109.03060150146484
2012-08-06,109.24188995361328
2012-08-07,109.78955078125
2012-08-08,109.92256927490234
2012-08-09,110.01646423339844
2012-08-10,110.19641876220703
2012-08-13,110.14165496826172
2012-08-14,110.15728759765625
2012-08-15,110.28250122070312
2012-08-16,111.09626007080078
2012-08-17,111.2448501586914
2012-08-20,111.25271606445312
2012-08-21,110.91621398925781
2012-08-22,110.96320343017578
2012-08-23,110.05559539794922
2012-08-24,110.72064971923828
2012-08-27,110.74412536621094
2012-08-28,110.6345443725586
2012-08-29,110.72064971923828
2012-08-30,109.92256927490234
2012-08-31,110.44678497314453
2012-09-04,110.34505462646484
2012-09-05,110.251220703125
2012-09-06,112.48892974853516
2012-09-07,112.92710876464844
2012-09-10,112.28546142578125
2012-09-11,112.59843444824219
2012-09-12,112.97406005859375
2012-09-13,114.69535064697266
2012-09-14,115.20392608642578
2012-09-17,114.812744140625
2012-09-18,114.71883392333984
2012-09-19,114.78141784667969
2012-09-20,114.78922271728516
2012-09-21,114.74129486083984
2012-09-24,114.56820678710938
2012-09-25,113.34894561767578
2012-09-26,112.71185302734375
2012-09-27,113.77375030517578
2012-09-28,113.24671936035156
2012-10-01,113.54566192626953
2012-10-02,113.66361999511719
2012-10-03,114.12770080566406
2012-10-04,114.94577026367188
2012-10-05,114.9536361694336
2012-10-08,114.56034088134766
2012-10-09,113.42766571044922
2012-10-10,112.70396423339844
2012-10-11,112.76690673828125
2012-10-12,112.39720916748047
2012-10-15,113.33326721191406
2012-10-16,114.4816665649414
2012-10-17,115.0008544921875
2012-10-18,114.70191192626953
2012-10-19,112.7905044555664
2012-10-22,112.80620574951172
2012-10-23,111.24090576171875
2012-10-24,110.92625427246094
2012-10-25,111.24874114990234
2012-10-26,111.18586730957031
2012-10-31,111.18586730957031
2012-11-01,112.35000610351562
2012-11-02,111.35102081298828
2012-11-05,111.57916259765625
2012-11-06,112.45227813720703
2012-11-07,109.90369415283203
2012-11-08,108.58222198486328
2012-11-09,108.67660522460938
2012-11-12,108.76312255859375
2012-11-13,108.38553619384766
2012-11-14,106.92244720458984
2012-11-15,106.74153137207031
2012-11-16,107.2685775756836
2012-11-19,109.43960571289062
2012-11-20,109.48678588867188
2012-11-21,109.69131469726562
2012-11-23,111.18586730957031
2012-11-26,110.94986724853516
2012-11-27,110.38348388671875
2012-11-28,111.27233123779297
2012-11-29,111.79153442382812
2012-11-30,111.81510162353516
2012-12-03,111.26451110839844
2012-12-04,111.10718536376953
2012-12-05,111.30381774902344
2012-12-06,111.68138885498047
2012-12-07,112.0196304321289
2012-12-10,112.06682586669922
2012-12-11,112.8298110961914
2012-12-12,112.8848648071289
2012-12-13,112.19271850585938
2012-12-14,111.77578735351562
2012-12-17,113.08940887451172
2012-12-18,114.34798431396484
2012-12-19,113.4984130859375
2012-12-20,114.15128326416016
2012-12-21,113.11514282226562
2012-12-24,112.7665786743164
2012-12-26,112.2912826538086
2012-12-27,112.14083099365234
2012-12-28,110.92871856689453
2012-12-31,112.8140869140625
2013-01-02,115.70559692382812
2013-01-03,115.44412994384766
2013-01-04,115.95112609863281
2013-01-07,115.63426208496094
2013-01-08,115.30156707763672
2013-01-09,115.59465026855469
2013-01-10,116.51358032226562
2013-01-11,116.50569915771484
2013-01-14,116.4264907836914
2013-01-15,116.50569915771484
2013-01-16,116.48981475830078
2013-01-17,117.24240112304688
2013-01-18,117.50382232666016
2013-01-22,118.1375961303711
2013-01-23,118.32766723632812
2013-01-24,118.35938262939453
2013-01-25,119.02478790283203
2013-01-28,118.88223266601562
2013-01-29,119.349609375
2013-01-30,118.88223266601562
2013-01-31,118.5890884399414
2013-02-01,119.80908966064453
2013-02-04,118.4623794555664
2013-02-05,119.65851593017578
2013-02-06,119.74571228027344
2013-02-07,119.58724212646484
2013-02-08,120.252685546875
2013-02-11,120.22893524169922
2013-02-12,120.42699432373047
2013-02-13,120.52996063232422
2013-02-14,120.6408462524414
2013-02-15,120.49827575683594
2013-02-19,121.40131378173828
2013-02-20,119.88829040527344
2013-02-21,119.15947723388672
2013-02-22,120.3239974975586
2013-02-25,118.0345230102539
2013-02-26,118.84262084960938
2013-02-27,120.33981323242188
2013-02-28,120.10212707519531
2013-03-01,120.49827575683594
2013-03-04,121.13994598388672
2013-03-05,122.2252197265625
2013-03-06,122.39155578613281
2013-03-07,122.61338806152344
2013-03-08,123.13618469238281
2013-03-11,123.60356140136719
2013-03-12,123.3263168334961
2013-03-13,123.50064849853516
2013-03-14,124.1580810546875
2013-03-15,123.99420928955078
2013-03-18,123.30989074707031
2013-03-19,123.02340698242188
2013-03-20,123.88280487060547
2013-03-21,122.82453918457031
2013-03-22,123.81121063232422
2013-03-25,123.29400634765625
2013-03-26,124.28068542480469
2013-03-27,124.28068542480469
2013-03-28,124.66256713867188
2013-04-01,124.16925811767578
2013-04-02,124.78192901611328
2013-04-03,123.51680755615234
2013-04-04,124.01810455322266
2013-04-05,123.46110534667969
2013-04-08,124.29656982421875
2013-04-09,124.72624206542969
2013-04-10,126.25399017333984
2013-04-11,126.66777038574219
2013-04-12,126.35743713378906
2013-04-15,123.42924499511719
2013-04-16,125.25141143798828
2013-04-17,123.42131805419922
2013-04-18,122.64948272705078
2013-04-19,123.71568298339844
2013-04-22,124.2647705078125
2013-04-23,125.54580688476562
2013-04-24,125.62542724609375
2013-04-25,126.13465881347656
2013-04-26,125.91185760498047
2013-04-29,126.75531005859375
2013-04-30,127.05760955810547
2013-05-01,125.94373321533203
2013-05-02,127.11334228515625
2013-05-03,128.40237426757812
2013-05-06,128.72862243652344
2013-05-07,129.38108825683594
2013-05-08,129.9699249267578
2013-05-09,129.60389709472656
2013-05-10,130.025634765625
2013-05-13,130.12904357910156
2013-05-14,131.4738006591797
2013-05-15,132.18190002441406
2013-05-16,131.56134033203125
2013-05-17,132.83447265625
2013-05-20,132.8264617919922
2013-05-21,133.01742553710938
2013-05-22,132.03077697753906
2013-05-23,131.64881896972656
2013-05-24,131.5374755859375
2013-05-28,132.32521057128906
2013-05-29,131.4658203125
2013-05-30,131.95118713378906
2013-05-31,130.05743408203125
2013-06-03,130.77362060546875
2013-06-04,130.1449737548828
2013-06-05,128.32276916503906
2013-06-06,129.4845733642578
2013-06-07,131.13162231445312
2013-06-10,131.13162231445312
2013-06-11,129.77890014648438
2013-06-12,128.7047882080078
2013-06-13,130.6622772216797
2013-06-14,129.84255981445312
2013-06-17,130.84512329101562
2013-06-18,131.87965393066406
2013-06-19,130.05743408203125
2013-06-20,126.83480072021484
2013-06-21,127.24198150634766
2013-06-24,125.63420867919922
2013-06-25,126.84210968017578
2013-06-26,128.09791564941406
2013-06-27,128.84979248046875
2013-06-28,128.3218994140625
2013-07-01,129.07383728027344
2013-07-02,128.9538116455078
2013-07-03,129.009765625
2013-07-05,130.40170288085938
2013-07-08,131.14556884765625
2013-07-09,132.08950805664062
2013-07-10,132.13751220703125
2013-07-11,133.93727111816406
2013-07-12,133.9933319091797
2013-07-15,134.50523376464844
2013-07-16,134.00125122070312
2013-07-17,134.34521484375
2013-07-18,135.08114624023438
2013-07-19,135.3210906982422
2013-07-22,135.58509826660156
2013-07-23,135.297119140625
2013-07-24,134.80116271972656
2013-07-25,135.12916564941406
2013-07-26,135.2731170654297
2013-07-29,134.85716247558594
2013-07-30,134.85716247558594
2013-07-31,134.9531707763672
2013-08-01,136.5129852294922
2013-08-02,136.74496459960938
2013-08-05,136.54498291015625
2013-08-06,135.76907348632812
2013-08-07,135.32911682128906
2013-08-08,135.8250732421875
2013-08-09,135.43307495117188
2013-08-12,135.2731170654297
2013-08-13,135.673095703125
2013-08-14,134.97714233398438
2013-08-15,133.08935546875
2013-08-16,132.64942932128906
2013-08-19,131.801513671875
2013-08-20,132.4495086669922
2013-08-21,131.6334686279297
2013-08-22,132.8334197998047
2013-08-23,133.28135681152344
2013-08-26,132.78538513183594
2013-08-27,130.64962768554688
2013-08-28,131.1136016845703
2013-08-29,131.32151794433594
2013-08-30,130.9056396484375
2013-09-03,131.49757385253906
2013-09-04,132.58546447753906
2013-09-05,132.7533721923828
2013-09-06,132.81736755371094
2013-09-09,134.08926391601562
2013-09-10,135.08114624023438
2013-09-11,135.50511169433594
2013-09-12,135.1450958251953
2013-09-13,135.44908142089844
2013-09-16,136.23306274414062
2013-09-17,136.84097290039062
2013-09-18,138.42478942871094
2013-09-19,138.19277954101562
2013-09-20,137.22666931152344
2013-09-23,136.5916290283203
2013-09-24,136.2700653076172
2013-09-25,135.87620544433594
2013-09-26,136.39871215820312
2013-09-27,135.77178955078125
2013-09-30,135.0482940673828
2013-10-01,136.11741638183594
2013-10-02,135.98875427246094
2013-10-03,134.7347412109375
2013-10-04,135.75559997558594
2013-10-07,134.58213806152344
2013-10-08,133.01466369628906
2013-10-09,133.1111297607422
2013-10-10,135.980712890625
2013-10-11,136.85687255859375
2013-10-14,137.40347290039062
2013-10-15,136.40676879882812
2013-10-16,138.311767578125
2013-10-17,139.23614501953125
2013-10-18,140.1765899658203
2013-10-21,140.1846466064453
2013-10-22,140.9965362548828
2013-10-23,140.32130432128906
2013-10-24,140.78750610351562
2013-10-25,141.4305419921875
2013-10-28,141.65560913085938
2013-10-29,142.4111328125
2013-10-30,141.70387268066406
2013-10-31,141.30191040039062
2013-11-01,141.6395263671875
2013-11-04,142.1378936767578
2013-11-05,141.6877899169922
2013-11-06,142.4111328125
2013-11-07,140.61062622070312
2013-11-08,142.50765991210938
2013-11-11,142.5317840576172
2013-11-12,142.24244689941406
2013-11-13,143.3838653564453
2013-11-14,144.0992431640625
2013-11-15,144.72616577148438
2013-11-18,144.21978759765625
2013-11-19,143.90634155273438
2013-11-20,143.4561309814453
2013-11-21,144.6136932373047
2013-11-22,145.33705139160156
2013-11-25,145.19235229492188
2013-11-26,145.2325897216797
2013-11-27,145.58624267578125
2013-11-29,145.48977661132812
2013-12-02,145.1119842529297
2013-12-03,144.48509216308594
2013-12-04,144.4689483642578
2013-12-05,143.83395385742188
2013-12-06,145.44154357910156
2013-12-09,145.81130981445312
2013-12-10,145.28887939453125
2013-12-11,143.65708923339844
2013-12-12,143.18289184570312
2013-12-13,143.16677856445312
2013-12-16,144.05902099609375
2013-12-17,143.60084533691406
2013-12-18,146.05250549316406
2013-12-19,145.88369750976562
2013-12-20,146.73228454589844
2013-12-23,147.5161590576172
2013-12-24,147.8394775390625
2013-12-26,148.59103393554688
2013-12-27,148.58302307128906
2013-12-30,148.55874633789062
2013-12-31,149.2618408203125
2014-01-02,147.83135986328125
2014-01-03,147.80709838867188
2014-01-06,147.3788299560547
2014-01-07,148.28392028808594
2014-01-08,148.3162841796875
2014-01-09,148.4132843017578
2014-01-10,148.8173828125
2014-01-13,146.83738708496094
2014-01-14,148.43748474121094
2014-01-15,149.23760986328125
2014-01-16,149.04364013671875
2014-01-17,148.4132843017578
2014-01-21,148.8496856689453
2014-01-22,148.94667053222656
2014-01-23,147.7263641357422
2014-01-24,144.5744171142578
2014-01-27,143.86318969726562
2014-01-28,144.7199249267578
2014-01-29,143.3298797607422
2014-01-30,144.84921264648438
2014-01-31,144.00062561035156
2014-02-03,140.7598114013672
2014-02-04,141.74581909179688
2014-02-05,141.56800842285156
2014-02-06,143.43495178222656
2014-02-07,145.21290588378906
2014-02-10,145.47955322265625
2014-02-11,147.07168579101562
2014-02-12,147.1444854736328
2014-02-13,147.90406799316406
2014-02-14,148.72035217285156
2014-02-18,148.89816284179688
2014-02-19,147.91217041015625
2014-02-20,148.78504943847656
2014-02-21,148.61534118652344
2014-02-24,149.4396209716797
2014-02-25,149.38308715820312
2014-02-26,149.3911590576172
2014-02-27,150.17510986328125
2014-02-28,150.5548858642578
2014-03-03,149.49620056152344
2014-03-04,151.5974578857422
2014-03-05,151.7348175048828
2014-03-06,152.08233642578125
2014-03-07,152.14700317382812
2014-03-10,152.06622314453125
2014-03-11,151.3146209716797
2014-03-12,151.3550262451172
2014-03-13,149.65786743164062
2014-03-14,149.23760986328125
2014-03-17,150.58724975585938
2014-03-18,151.66212463378906
2014-03-19,150.85394287109375
2014-03-20,151.7348175048828
2014-03-21,151.1463623046875
2014-03-24,150.52127075195312
2014-03-25,151.23561096191406
2014-03-26,150.1478729248047
2014-03-27,149.83132934570312
2014-03-28,150.56996154785156
2014-03-31,151.8038787841797
2014-04-01,152.81039428710938
2014-04-02,153.32180786132812
2014-04-03,153.11891174316406
2014-04-04,151.3086700439453
2014-04-07,149.63645935058594
2014-04-08,150.25341796875
2014-04-09,151.8687744140625
2014-04-10,148.6786651611328
2014-04-11,147.3392333984375
2014-04-14,148.50010681152344
2014-04-15,149.52285766601562
2014-04-16,151.08953857421875
2014-04-17,151.30059814453125
2014-04-21,151.82818603515625
2014-04-22,152.51817321777344
2014-04-23,152.16098022460938
2014-04-24,152.46946716308594
2014-04-25,151.2194366455078
2014-04-28,151.69830322265625
2014-04-29,152.4044952392578
2014-04-30,152.85910034179688
2014-05-01,152.87533569335938
2014-05-02,152.65618896484375
2014-05-05,152.94842529296875
2014-05-06,151.61717224121094
2014-05-07,152.51007080078125
2014-05-08,152.34768676757812
2014-05-09,152.57498168945312
2014-05-12,154.0605010986328
2014-05-13,154.19854736328125
2014-05-14,153.46792602539062
2014-05-15,152.12039184570312
2014-05-16,152.64808654785156
2014-05-19,153.2081756591797
2014-05-20,152.2421875
2014-05-21,153.5247802734375
2014-05-22,153.89813232421875
2014-05-23,154.51507568359375
2014-05-27,155.46481323242188
2014-05-28,155.3511962890625
2014-05-29,156.1548309326172
2014-05-30,156.4064483642578
2014-06-02,156.58502197265625
2014-06-03,156.50384521484375
2014-06-04,156.82041931152344
2014-06-05,157.8432159423828
2014-06-06,158.59817504882812
2014-06-09,158.7604522705078
2014-06-10,158.77674865722656
2014-06-11,158.2247314453125
2014-06-12,157.1045379638672
2014-06-13,157.5834503173828
2014-06-16,157.71334838867188
2014-06-17,158.1516876220703
2014-06-18,159.31248474121094
2014-06-19,159.4910888671875
2014-06-20,159.81488037109375
2014-06-23,159.7659149169922
2014-06-24,158.80345153808594
2014-06-25,159.5211944580078
2014-06-26,159.4070587158203
2014-06-27,159.71697998046875
2014-06-30,159.63540649414062
2014-07-01,160.70388793945312
2014-07-02,160.86705017089844
2014-07-03,161.6581573486328
2014-07-07,161.09535217285156
2014-07-08,160.05950927734375
2014-07-09,160.7772979736328
2014-07-10,160.14108276367188
2014-07-11,160.361328125
2014-07-14,161.1688690185547
2014-07-15,160.86705017089844
2014-07-16,161.4624481201172
2014-07-17,159.6272735595703
2014-07-18,161.2584991455078
2014-07-21,160.9567413330078
2014-07-22,161.6581573486328
2014-07-23,162.01702880859375
2014-07-24,162.0252685546875
2014-07-25,161.2666778564453
2014-07-28,161.33192443847656
2014-07-29,160.63864135742188
2014-07-30,160.6630859375
2014-07-31,157.4902801513672
2014-08-01,157.00906372070312
2014-08-04,158.14276123046875
2014-08-05,156.60943603515625
2014-08-06,156.65841674804688
2014-08-07,155.8101043701172
2014-08-08,157.61265563964844
2014-08-11,158.0693817138672
2014-08-12,157.84915161132812
2014-08-13,158.91766357421875
2014-08-14,159.66799926757812
2014-08-15,159.63540649414062
2014-08-18,160.97300720214844
2014-08-19,161.81317138671875
2014-08-20,162.24546813964844
2014-08-21,162.718505859375
2014-08-22,162.4656524658203
2014-08-25,163.28945922851562
2014-08-26,163.3954620361328
2014-08-27,163.33018493652344
2014-08-28,163.24049377441406
2014-08-29,163.70547485351562
2014-09-02,163.6238555908203
2014-09-03,163.5341796875
2014-09-04,163.297607421875
2014-09-05,164.03167724609375
2014-09-08,163.6075439453125
2014-09-09,162.57167053222656
2014-09-10,163.18345642089844
2014-09-11,163.37103271484375
2014-09-12,162.41668701171875
2014-09-15,162.29432678222656
2014-09-16,163.51780700683594
2014-09-17,163.73802185058594
2014-09-18,164.6107635498047
2014-09-19,164.4624481201172
2014-09-22,163.1922607421875
2014-09-23,162.25814819335938
2014-09-24,163.52830505371094
2014-09-25,160.8896942138672
2014-09-26,162.16798400878906
2014-09-29,161.8730010986328
2014-09-30,161.44691467285156
2014-10-01,159.2589874267578
2014-10-02,159.2835693359375
2014-10-03,161.03720092773438
2014-10-06,160.84869384765625
2014-10-07,158.3657989501953
2014-10-08,161.13552856445312
2014-10-09,157.93972778320312
2014-10-10,156.13687133789062
2014-10-13,153.57203674316406
2014-10-14,153.80966186523438
2014-10-15,152.7689971923828
2014-10-16,152.63787841796875
2014-10-17,154.44064331054688
2014-10-20,155.9402313232422
2014-10-21,159.029541015625
2014-10-22,157.8987579345703
2014-10-23,159.7342987060547
2014-10-24,160.96340942382812
2014-10-27,160.74215698242188
2014-10-28,162.58592224121094
2014-10-29,162.34010314941406
2014-10-30,163.38079833984375
2014-10-31,165.24911499023438
2014-11-03,165.33924865722656
2014-11-04,164.76564025878906
2014-11-05,165.80633544921875
2014-11-06,166.47006225585938
2014-11-07,166.62582397460938
2014-11-10,167.15017700195312
2014-11-11,167.31411743164062
2014-11-12,167.1338348388672
2014-11-13,167.3223114013672
2014-11-14,167.36328125
2014-11-17,167.4698028564453
2014-11-18,168.43675231933594
2014-11-19,168.16635131835938
2014-11-20,168.4613037109375
2014-11-21,169.36276245117188
2014-11-24,169.8380126953125
2014-11-25,169.71507263183594
2014-11-26,170.14942932128906
2014-11-28,169.78883361816406
2014-12-01,168.6088409423828
2014-12-02,169.69869995117188
2014-12-03,170.35426330566406
2014-12-04,170.1658172607422
2014-12-05,170.4444122314453
2014-12-08,169.30532836914062
2014-12-09,169.19064331054688
2014-12-10,166.47830200195312
2014-12-11,167.3223114013672
2014-12-12,164.6181182861328
2014-12-15,163.48731994628906
2014-12-16,162.1762237548828
2014-12-17,165.35565185546875
2014-12-18,169.4447021484375
2014-12-19,170.1656494140625
2014-12-22,170.94839477539062
2014-12-23,171.1790771484375
2014-12-24,171.19566345214844
2014-12-26,171.7476806640625
2014-12-29,171.97840881347656
2014-12-30,171.05557250976562
2014-12-31,169.358154296875
2015-01-02,169.26751708984375
2015-01-05,166.21066284179688
2015-01-06,164.6450958251953
2015-01-07,166.69676208496094
2015-01-08,169.6547393798828
2015-01-09,168.29527282714844
2015-01-12,166.9769287109375
2015-01-13,166.5072479248047
2015-01-14,165.5019989013672
2015-01-15,163.98587036132812
2015-01-16,166.136474609375
2015-01-20,166.4907684326172
2015-01-21,167.33123779296875
2015-01-22,169.81959533691406
2015-01-23,168.88853454589844
2015-01-26,169.28402709960938
2015-01-27,167.05105590820312
2015-01-28,164.9087371826172
2015-01-29,166.43310546875
2015-01-30,164.34017944335938
2015-02-02,166.3754425048828
2015-02-03,168.78138732910156
2015-02-04,168.13868713378906
2015-02-05,169.83607482910156
2015-02-06,169.36639404296875
2015-02-09,168.6083526611328
2015-02-10,170.40460205078125
2015-02-11,170.50347900390625
2015-02-12,172.14315795898438
2015-02-13,172.85177612304688
2015-02-17,173.12367248535156
2015-02-18,173.1401824951172
2015-02-19,173.0165557861328
2015-02-20,174.0547332763672
2015-02-23,174.03013610839844
2015-02-24,174.5244598388672
2015-02-25,174.3761444091797
2015-02-26,174.170166015625
2015-02-27,173.57687377929688
2015-03-02,174.67274475097656
2015-03-03,173.9558868408203
2015-03-04,173.22256469726562
2015-03-05,173.41212463378906
2015-03-06,170.9731903076172
2015-03-09,171.68177795410156
2015-03-10,168.89674377441406
2015-03-11,168.50123596191406
2015-03-12,170.6435546875
2015-03-13,169.59710693359375
2015-03-16,171.86300659179688
2015-03-17,171.35218811035156
2015-03-18,173.41212463378906
2015-03-19,172.62103271484375
2015-03-20,174.14479064941406
2015-03-23,173.80535888671875
2015-03-24,172.82879638671875
2015-03-25,170.2962188720703
2015-03-26,169.890625
2015-03-27,170.2796630859375
2015-03-30,172.35702514648438
2015-03-31,170.8507537841797
2015-04-01,170.24659729003906
2015-04-02,170.85902404785156
2015-04-06,172.0094451904297
2015-04-07,171.5542755126953
2015-04-08,172.13356018066406
2015-04-09,172.89500427246094
2015-04-10,173.83848571777344
2015-04-13,173.0522918701172
2015-04-14,173.3833770751953
2015-04-15,174.16134643554688
2015-04-16,174.11160278320312
2015-04-17,172.10874938964844
2015-04-20,173.6812744140625
2015-04-21,173.474365234375
2015-04-22,174.32679748535156
2015-04-23,174.76553344726562
2015-04-24,175.17105102539062
2015-04-27,174.44268798828125
2015-04-28,174.9972381591797
2015-04-29,174.2772216796875
2015-04-30,172.5308837890625
2015-05-01,174.40135192871094
2015-05-04,174.89796447753906
2015-05-05,172.89500427246094
2015-05-06,172.18324279785156
2015-05-07,172.8701934814453
2015-05-08,175.14620971679688
2015-05-11,174.31027221679688
2015-05-12,173.7888946533203
2015-05-13,173.8219757080078
2015-05-14,175.63450622558594
2015-05-15,175.8248748779297
2015-05-18,176.3711700439453
2015-05-19,176.3131866455078
2015-05-20,176.18907165527344
2015-05-21,176.7021942138672
2015-05-22,176.2800750732422
2015-05-26,174.3848114013672
2015-05-27,176.04005432128906
2015-05-28,175.84144592285156
2015-05-29,174.74891662597656
2015-06-01,175.10487365722656
2015-06-02,174.93101501464844
2015-06-03,175.39450073242188
2015-06-04,173.9130401611328
2015-06-05,173.6150360107422
2015-06-08,172.54739379882812
2015-06-09,172.52256774902344
2015-06-10,174.5916290283203
2015-06-11,175.1544952392578
2015-06-12,173.81369018554688
2015-06-15,173.06884765625
2015-06-16,174.0123748779297
2015-06-17,174.29379272460938
2015-06-18,176.10629272460938
2015-06-19,175.32452392578125
2015-06-22,176.22276306152344
2015-06-23,176.3474578857422
2015-06-24,175.06666564941406
2015-06-25,174.53445434570312
2015-06-26,174.50119018554688
2015-06-29,170.84181213378906
2015-06-30,171.19944763183594
2015-07-01,172.57168579101562
2015-07-02,172.41366577148438
2015-07-06,171.92300415039062
2015-07-07,173.00421142578125
2015-07-08,170.10166931152344
2015-07-09,170.4093475341797
2015-07-10,172.55511474609375
2015-07-13,174.45956420898438
2015-07-14,175.21640014648438
2015-07-15,175.1581573486328
2015-07-16,176.563720703125
2015-07-17,176.71337890625
2015-07-20,176.8048858642578
2015-07-21,176.10629272460938
2015-07-22,175.79025268554688
2015-07-23,174.800537109375
2015-07-24,172.98751831054688
2015-07-27,171.98126220703125
2015-07-28,174.0936279296875
2015-07-29,175.2912139892578
2015-07-30,175.3328094482422
2015-07-31,175.06666564941406
2015-08-03,174.47621154785156
2015-08-04,174.13523864746094
2015-08-05,174.70912170410156
2015-08-06,173.27859497070312
2015-08-07,172.94593811035156
2015-08-10,175.1249237060547
2015-08-11,173.54470825195312
2015-08-12,173.75265502929688
2015-08-13,173.5364227294922
2015-08-14,174.16845703125
2015-08-17,175.14146423339844
2015-08-18,174.63424682617188
2015-08-19,173.25363159179688
2015-08-20,169.63583374023438
2015-08-21,164.5294647216797
2015-08-24,157.60159301757812
2015-08-25,155.74696350097656
2015-08-26,161.7266845703125
2015-08-27,165.7270050048828
2015-08-28,165.73538208007812
2015-08-31,164.39639282226562
2015-09-01,159.48944091796875
2015-09-02,162.51683044433594
2015-09-03,162.63319396972656
2015-09-04,160.17147827148438
2015-09-08,164.1967315673828
2015-09-09,162.00111389160156
2015-09-10,162.88270568847656
2015-09-11,163.6229248046875
2015-09-14,163.01576232910156
2015-09-15,165.0533905029297
2015-09-16,166.48388671875
2015-09-17,166.109619140625
2015-09-18,163.39515686035156
2015-09-21,164.23948669433594
2015-09-22,162.10775756835938
2015-09-23,161.8485870361328
2015-09-24,161.26332092285156
2015-09-25,161.22157287597656
2015-09-28,157.17532348632812
2015-09-29,157.2672882080078
2015-09-30,160.20162963867188
2015-10-01,160.61964416503906
2015-10-02,163.01893615722656
2015-10-05,165.9197540283203
2015-10-06,165.35133361816406
2015-10-07,166.70565795898438
2015-10-08,168.21046447753906
2015-10-09,168.31077575683594
2015-10-12,168.46958923339844
2015-10-13,167.40789794921875
2015-10-14,166.60533142089844
2015-10-15,169.1634979248047
2015-10-16,169.93258666992188
2015-10-19,170.01625061035156
2015-10-20,169.79884338378906
2015-10-21,168.7455291748047
2015-10-22,171.5962371826172
2015-10-23,173.47718811035156
2015-10-26,173.0508270263672
2015-10-27,172.71649169921875
2015-10-28,174.68106079101562
2015-10-29,174.5807647705078
2015-10-30,173.82833862304688
2015-11-02,175.8848876953125
2015-11-03,176.39479064941406
2015-11-04,175.8598175048828
2015-11-05,175.6842498779297
2015-11-06,175.59222412109375
2015-11-09,173.95370483398438
2015-11-10,174.3550262451172
2015-11-11,173.66952514648438
2015-11-12,171.24514770507812
2015-11-13,169.3223419189453
2015-11-16,171.897216796875
2015-11-17,171.77182006835938
2015-11-18,174.4971466064453
2015-11-19,174.3466796875
2015-11-20,174.98204040527344
2015-11-23,174.78138732910156
2015-11-24,175.0155029296875
2015-11-25,174.99037170410156
2015-11-27,175.19102478027344
2015-11-30,174.4636688232422
2015-12-01,176.1273193359375
2015-12-02,174.32989501953125
2015-12-03,171.8888397216797
2015-12-04,175.2411346435547
2015-12-07,174.179443359375
2015-12-08,173.00906372070312
2015-12-09,171.66311645507812
2015-12-10,172.10618591308594
2015-12-11,168.7705841064453
2015-12-14,169.623291015625
2015-12-15,171.40394592285156
2015-12-16,173.91195678710938
2015-12-17,171.26181030273438
2015-12-18,168.21080017089844
2015-12-21,169.598388671875
2015-12-22,171.13734436035156
2015-12-23,173.25657653808594
2015-12-24,172.97071838378906
2015-12-28,172.57542419433594
2015-12-29,174.4171905517578
2015-12-30,173.18092346191406
2015-12-31,171.448486328125
2016-01-04,169.05178833007812
2016-01-05,169.33767700195312
2016-01-06,167.2016143798828
2016-01-07,163.19024658203125
2016-01-08,161.39895629882812
2016-01-11,161.5587615966797
2016-01-12,162.8622283935547
2016-01-13,158.80038452148438
2016-01-14,161.40733337402344
2016-01-15,157.94256591796875
2016-01-19,158.15280151367188
2016-01-20,156.12606811523438
2016-01-21,157.0006561279297
2016-01-22,160.22158813476562
2016-01-25,157.79959106445312
2016-01-26,159.95245361328125
2016-01-27,158.21173095703125
2016-01-28,159.03582763671875
2016-01-29,162.91268920898438
2016-02-01,162.85382080078125
2016-02-02,159.91883850097656
2016-02-03,160.8775177001953
2016-02-04,161.12985229492188
2016-02-05,158.0602264404297
2016-02-08,155.9326171875
2016-02-09,155.94102478027344
2016-02-10,155.80650329589844
2016-02-11,153.77972412109375
2016-02-12,156.95022583007812
2016-02-16,159.5992431640625
2016-02-17,162.206298828125
2016-02-18,161.54188537597656
2016-02-19,161.4661865234375
2016-02-22,163.8041534423828
2016-02-23,161.7353515625
2016-02-24,162.47537231445312
2016-02-25,164.4432373046875
2016-02-26,164.06480407714844
2016-02-29,162.77813720703125
2016-03-01,166.60450744628906
2016-03-02,167.35302734375
2016-03-03,168.00894165039062
2016-03-04,168.55557250976562
2016-03-07,168.69015502929688
2016-03-08,166.84841918945312
2016-03-09,167.67257690429688
2016-03-10,167.80715942382812
2016-03-11,170.51502990722656
2016-03-14,170.29640197753906
2016-03-15,170.01889038085938
2016-03-16,171.00283813476562
2016-03-17,172.08763122558594
2016-03-18,172.763916015625
2016-03-21,173.00906372070312
2016-03-22,172.91604614257812
2016-03-23,171.77488708496094
2016-03-24,171.69882202148438
2016-03-28,171.80023193359375
2016-03-29,173.38943481445312
2016-03-30,174.1501922607422
2016-03-31,173.72756958007812
2016-04-01,174.91098022460938
2016-04-04,174.3446044921875
2016-04-05,172.60325622558594
2016-04-06,174.48834228515625
2016-04-07,172.40042114257812
2016-04-08,172.86532592773438
2016-04-11,172.45957946777344
2016-04-12,174.06565856933594
2016-04-13,175.8238983154297
2016-04-14,175.83236694335938
2016-04-15,175.63790893554688
2016-04-18,176.87210083007812
2016-04-19,177.4300079345703
2016-04-20,177.59906005859375
2016-04-21,176.64390563964844
2016-04-22,176.64390563964844
2016-04-25,176.33953857421875
2016-04-26,176.60157775878906
2016-04-27,176.96511840820312
2016-04-28,175.35894775390625
2016-04-29,174.4122314453125
2016-05-02,175.798583984375
2016-05-03,174.26856994628906
2016-05-04,173.29644775390625
2016-05-05,173.26263427734375
2016-05-06,173.8966064453125
2016-05-09,174.0403594970703
2016-05-10,176.20425415039062
2016-05-11,174.55596923828125
2016-05-12,174.60671997070312
2016-05-13,173.0850830078125
2016-05-16,174.79266357421875
2016-05-17,173.1611785888672
2016-05-18,173.2119140625
2016-05-19,172.61178588867188
2016-05-20,173.70220947265625
2016-05-23,173.4655303955078
2016-05-24,175.7140350341797
2016-05-25,176.9058837890625
2016-05-26,176.9566192626953
2016-05-27,177.71737670898438
2016-05-31,177.37924194335938
2016-06-01,177.74276733398438
2016-06-02,178.28372192382812
2016-06-03,177.7511749267578
2016-06-06,178.6556854248047
2016-06-07,178.9346160888672
2016-06-08,179.51791381835938
2016-06-09,179.27276611328125
2016-06-10,177.57369995117188
2016-06-13,176.20425415039062
2016-06-14,175.8577117919922
2016-06-15,175.61257934570312
2016-06-16,176.1366424560547
2016-06-17,175.480712890625
2016-06-20,176.61085510253906
2016-06-21,177.1121368408203
2016-06-22,176.82327270507812
2016-06-23,179.1259307861328
2016-06-24,172.6937255859375
2016-06-27,169.600830078125
2016-06-28,172.65966796875
2016-06-29,175.59963989257812
2016-06-30,177.99581909179688
2016-07-01,178.36968994140625
2016-07-05,177.08665466308594
2016-07-06,178.14871215820312
2016-07-07,178.0382843017578
2016-07-08,180.6894073486328
2016-07-11,181.32667541503906
2016-07-12,182.64370727539062
2016-07-13,182.61822509765625
2016-07-14,183.63784790039062
2016-07-15,183.3914337158203
2016-07-18,183.88430786132812
2016-07-19,183.6973419189453
2016-07-20,184.46205139160156
2016-07-21,183.7653045654297
2016-07-22,184.58950805664062
2016-07-25,184.08819580078125
2016-07-26,184.17315673828125
2016-07-27,183.9777069091797
2016-07-28,184.19017028808594
2016-07-29,184.487548828125
2016-08-01,184.33462524414062
2016-08-02,183.15350341796875
2016-08-03,183.6888427734375
2016-08-04,183.88430786132812
2016-08-05,185.3882598876953
2016-08-08,185.27784729003906
2016-08-09,185.3882598876953
2016-08-10,184.9293975830078
2016-08-11,185.78761291503906
2016-08-12,185.62619018554688
2016-08-15,186.16152954101562
2016-08-16,185.20135498046875
2016-08-17,185.54969787597656
2016-08-18,185.96607971191406
2016-08-19,185.6941375732422
2016-08-22,185.68563842773438
2016-08-23,186.0594940185547
2016-08-24,185.10784912109375
2016-08-25,184.98037719726562
2016-08-26,184.6320037841797
2016-08-29,185.54119873046875
2016-08-30,185.23532104492188
2016-08-31,184.7084503173828
2016-09-01,184.7169647216797
2016-09-02,185.54969787597656
2016-09-06,186.11045837402344
2016-09-07,186.093505859375
2016-09-08,185.66864013671875
2016-09-09,181.22470092773438
2016-09-12,183.82479858398438
2016-09-13,181.1822052001953
2016-09-14,181.1142120361328
2016-09-15,182.92408752441406
2016-09-16,182.21701049804688
2016-09-19,182.2511749267578
2016-09-20,182.25967407226562
2016-09-21,184.30929565429688
2016-09-22,185.47071838378906
2016-09-23,184.4544677734375
2016-09-26,182.95997619628906
2016-09-27,184.09579467773438
2016-09-28,185.0095672607422
2016-09-29,183.3357391357422
2016-09-30,184.71923828125
2016-10-03,184.27511596679688
2016-10-04,183.3357391357422
2016-10-05,184.14703369140625
2016-10-06,184.27511596679688
2016-10-07,183.6431884765625
2016-10-10,184.59967041015625
2016-10-11,182.2682342529297
2016-10-12,182.50730895996094
2016-10-13,181.9095458984375
2016-10-14,182.00352478027344
2016-10-17,181.37156677246094
2016-10-18,182.50730895996094
2016-10-19,182.99412536621094
2016-10-20,182.65252685546875
2016-10-21,182.73789978027344
2016-10-24,183.51510620117188
2016-10-25,182.90017700195312
2016-10-26,182.5330352783203
2016-10-27,182.0461883544922
2016-10-28,181.50820922851562
2016-10-31,181.5167236328125
2016-11-01,180.20150756835938
2016-11-02,179.11705017089844
2016-11-03,178.2971954345703
2016-11-04,178.10072326660156
2016-11-07,182.02911376953125
2016-11-08,182.8489990234375
2016-11-09,184.78753662109375
2016-11-10,185.2486114501953
2016-11-11,184.82168579101562
2016-11-14,184.96685791015625
2016-11-15,186.4102020263672
2016-11-16,186.0599822998047
2016-11-17,187.0164337158203
2016-11-18,186.59800720214844
2016-11-21,188.00711059570312
2016-11-22,188.37429809570312
2016-11-23,188.47679138183594
2016-11-25,189.1770782470703
2016-11-28,188.28892517089844
2016-11-29,188.65609741210938
2016-11-30,188.20347595214844
2016-12-01,187.5117645263672
2016-12-02,187.605712890625
2016-12-05,188.73300170898438
2016-12-06,189.3307647705078
2016-12-07,191.80735778808594
2016-12-08,192.27708435058594
2016-12-09,193.43849182128906
2016-12-12,193.21649169921875
2016-12-13,194.50596618652344
2016-12-14,192.90048217773438
2016-12-15,193.69468688964844
2016-12-16,193.3158416748047
2016-12-19,193.73683166503906
2016-12-20,194.48411560058594
2016-12-21,193.94296264648438
2016-12-22,193.60794067382812
2016-12-23,193.89141845703125
2016-12-27,194.37245178222656
2016-12-28,192.7660675048828
2016-12-29,192.72315979003906
2016-12-30,192.0187225341797
2017-01-03,193.48770141601562
2017-01-04,194.63882446289062
2017-01-05,194.48411560058594
2017-01-06,195.17996215820312
2017-01-09,194.53565979003906
2017-01-10,194.53565979003906
2017-01-11,195.0854949951172
2017-01-12,194.59585571289062
2017-01-13,195.04246520996094
2017-01-17,194.35533142089844
2017-01-18,194.7847900390625
2017-01-19,194.06320190429688
2017-01-20,194.77621459960938
2017-01-23,194.2693634033203
2017-01-24,195.51499938964844
2017-01-25,197.20724487304688
2017-01-26,197.0010528564453
2017-01-27,196.6918487548828
2017-01-30,195.4720458984375
2017-01-31,195.454833984375
2017-02-01,195.5321502685547
2017-02-02,195.6610107421875
2017-02-03,197.0096893310547
2017-02-06,196.65748596191406
2017-02-07,196.6660614013672
2017-02-08,196.92376708984375
2017-02-09,198.09210205078125
2017-02-10,198.873779296875
2017-02-13,199.9561309814453
2017-02-14,200.75503540039062
2017-02-15,201.80303955078125
2017-02-16,201.63128662109375
2017-02-17,201.94906616210938
2017-02-21,203.15170288085938
2017-02-22,202.97132873535156
2017-02-23,203.10879516601562
2017-02-24,203.3665008544922
2017-02-27,203.68434143066406
2017-02-28,203.13455200195312
2017-03-01,205.97796630859375
2017-03-02,204.68084716796875
2017-03-03,204.8096923828125
2017-03-06,204.19976806640625
2017-03-07,203.58985900878906
2017-03-08,203.21189880371094
2017-03-09,203.46958923339844
2017-03-10,204.18263244628906
2017-03-13,204.28565979003906
2017-03-14,203.50392150878906
2017-03-15,205.26495361328125
2017-03-16,204.8612060546875
2017-03-17,204.50143432617188
2017-03-20,204.27711486816406
2017-03-21,201.65431213378906
2017-03-22,202.12881469726562
2017-03-23,201.91317749023438
2017-03-24,201.76644897460938
2017-03-27,201.5594482421875
2017-03-28,203.02613830566406
2017-03-29,203.21591186523438
2017-03-30,203.8629608154297
2017-03-31,203.38848876953125
2017-04-03,203.0347137451172
2017-04-04,203.1641387939453
2017-04-05,202.5602264404297
2017-04-06,203.12966918945312
2017-04-07,202.92259216308594
2017-04-10,203.04335021972656
2017-04-11,202.80177307128906
2017-04-12,201.91317749023438
2017-04-13,200.6017303466797
2017-04-17,202.3790283203125
2017-04-18,201.7751007080078
2017-04-19,201.4040985107422
2017-04-20,203.04335021972656
2017-04-21,202.3962860107422
2017-04-24,204.62220764160156
2017-04-25,205.81283569335938
2017-04-26,205.68345642089844
2017-04-27,205.85597229003906
2017-04-28,205.4073486328125
2017-05-01,205.9250030517578
2017-05-02,206.00267028808594
2017-05-03,205.75242614746094
2017-05-04,205.99400329589844
2017-05-05,206.8049774169922
2017-05-08,206.7705078125
2017-05-09,206.58070373535156
2017-05-10,206.9517059326172
2017-05-11,206.52894592285156
2017-05-12,206.18385314941406
2017-05-15,207.32266235351562
2017-05-16,207.13290405273438
2017-05-17,203.45748901367188
2017-05-18,204.27711486816406
2017-05-19,205.6057891845703
2017-05-22,206.6497344970703
2017-05-23,207.10696411132812
2017-05-24,207.59010314941406
2017-05-25,208.58233642578125
2017-05-26,208.53916931152344
2017-05-30,208.35801696777344
2017-05-31,208.30624389648438
2017-06-01,209.96273803710938
2017-06-02,210.6615753173828
2017-06-05,210.50628662109375
2017-06-06,209.8333740234375
2017-06-07,210.22161865234375
2017-06-08,210.3251495361328
2017-06-09,210.00595092773438
2017-06-12,209.96273803710938
2017-06-13,210.98948669433594
2017-06-14,210.7220001220703
2017-06-15,210.3164825439453
2017-06-16,210.36245727539062
2017-06-19,212.1136932373047
2017-06-20,210.68321228027344
2017-06-21,210.63119506835938
2017-06-22,210.53587341308594
2017-06-23,210.78724670410156
2017-06-26,210.92596435546875
2017-06-27,209.2266845703125
2017-06-28,211.09939575195312
2017-06-29,209.2440643310547
2017-06-30,209.63417053222656
2017-07-03,209.98963928222656
2017-07-05,210.4751434326172
2017-07-06,208.5504608154297
2017-07-07,209.9029541015625
2017-07-10,210.1283721923828
2017-07-11,209.9722900390625
2017-07-12,211.55020141601562
2017-07-13,211.90562438964844
2017-07-14,212.89402770996094
2017-07-17,212.8679962158203
2017-07-18,212.9806671142578
2017-07-19,214.13380432128906
2017-07-20,214.22914123535156
2017-07-21,214.03842163085938
2017-07-24,213.9863739013672
2017-07-25,214.50660705566406
2017-07-26,214.5152130126953
2017-07-27,214.3157958984375
2017-07-28,214.0644073486328
2017-07-31,213.9430389404297
2017-08-01,214.41990661621094
2017-08-02,214.52391052246094
2017-08-03,214.10775756835938
2017-08-04,214.49794006347656
2017-08-07,214.896728515625
2017-08-08,214.36785888671875
2017-08-09,214.3591766357422
2017-08-10,211.3334503173828
2017-08-11,211.6455535888672
2017-08-14,213.74365234375
2017-08-15,213.71766662597656
2017-08-16,214.09042358398438
2017-08-17,210.75257873535156
2017-08-18,210.42315673828125
2017-08-21,210.58787536621094
2017-08-22,212.7900390625
2017-08-23,212.02700805664062
2017-08-24,211.53286743164062
2017-08-25,212.02700805664062
2017-08-28,212.0357208251953
2017-08-29,212.2784423828125
2017-08-30,213.2841339111328
2017-08-31,214.56727600097656
2017-09-01,214.8706817626953
2017-09-05,213.32748413085938
2017-09-06,214.05572509765625
2017-09-07,214.02976989746094
2017-09-08,213.77833557128906
2017-09-11,216.0584716796875
2017-09-12,216.7866973876953
2017-09-13,216.89076232910156
2017-09-14,216.82139587402344
2017-09-15,217.11329650878906
2017-09-18,217.5750274658203
2017-09-19,217.79287719726562
2017-09-20,217.87132263183594
2017-09-21,217.28750610351562
2017-09-22,217.3311004638672
2017-09-25,216.88677978515625
2017-09-26,217.01744079589844
2017-09-27,217.86256408691406
2017-09-28,218.1239776611328
2017-09-29,218.8906707763672
2017-10-02,219.84039306640625
2017-10-03,220.3108673095703
2017-10-04,220.57225036621094
2017-10-05,221.8791961669922
2017-10-06,221.6265106201172
2017-10-09,221.2605743408203
2017-10-10,221.84425354003906
2017-10-11,222.1928253173828
2017-10-12,221.8616943359375
2017-10-13,222.1318359375
2017-10-16,222.42803955078125
2017-10-17,222.5848846435547
2017-10-18,222.8026885986328
2017-10-19,222.86367797851562
2017-10-20,224.01373291015625
2017-10-23,223.1425018310547
2017-10-24,223.53453063964844
2017-10-25,222.42803955078125
2017-10-26,222.71556091308594
2017-10-27,224.5365447998047
2017-10-30,223.70013427734375
2017-10-31,224.048583984375
2017-11-01,224.34487915039062
2017-11-02,224.43199157714844
2017-11-03,225.18130493164062
2017-11-06,225.52984619140625
2017-11-07,225.3730010986328
2017-11-08,225.75633239746094
2017-11-09,224.9373321533203
2017-11-10,224.8676300048828
2017-11-13,225.0767059326172
2017-11-14,224.553955078125
2017-11-15,223.43002319335938
2017-11-16,225.3294219970703
2017-11-17,224.66722106933594
2017-11-20,225.0505828857422
2017-11-21,226.52308654785156
2017-11-22,226.3226776123047
2017-11-24,226.8453826904297
2017-11-27,226.73220825195312
2017-11-28,229.0323028564453
2017-11-29,228.8928985595703
2017-11-30,230.89686584472656
2017-12-01,230.4176788330078
2017-12-04,230.13882446289062
2017-12-05,229.31114196777344
2017-12-06,229.35472106933594
2017-12-07,230.07786560058594
2017-12-08,231.3324432373047
2017-12-11,232.0294952392578
2017-12-12,232.4390411376953
2017-12-13,232.41282653808594
2017-12-14,231.46322631835938
2017-12-15,233.39065551757812
2017-12-18,234.8706512451172
2017-12-19,233.9685516357422
2017-12-20,233.8460693359375
2017-12-21,234.3276824951172
2017-12-22,234.266357421875
2017-12-26,233.98617553710938
2017-12-27,234.10008239746094
2017-12-28,234.58163452148438
2017-12-29,233.69720458984375
2018-01-02,235.36984252929688
2018-01-03,236.85858154296875
2018-01-04,237.8568572998047
2018-01-05,239.44195556640625
2018-01-08,239.87985229492188
2018-01-09,240.4227294921875
2018-01-10,240.054931640625
2018-01-11,241.8064727783203
2018-01-12,243.38279724121094
2018-01-16,242.55079650878906
2018-01-17,244.86276245117188
2018-01-18,244.4512176513672
2018-01-19,245.56329345703125
2018-01-22,247.5601043701172
2018-01-23,248.0854034423828
2018-01-24,247.98902893066406
2018-01-25,248.09410095214844
2018-01-26,250.96661376953125
2018-01-29,249.3026885986328
2018-01-30,246.74559020996094
2018-01-31,246.86810302734375
2018-02-01,246.58798217773438
2018-02-02,241.21969604492188
2018-02-05,231.1312713623047
2018-02-06,235.68511962890625
2018-02-07,234.40658569335938
2018-02-08,225.61419677734375
2018-02-09,229.00326538085938
2018-02-12,232.36607360839844
2018-02-13,232.9440460205078
2018-02-14,236.08787536621094
2018-02-15,239.1004180908203
2018-02-16,239.17051696777344
2018-02-20,237.67300415039062
2018-02-21,236.49072265625
2018-02-22,236.7972412109375
2018-02-23,240.5716552734375
2018-02-26,243.36521911621094
2018-02-27,240.32647705078125
2018-02-28,237.89190673828125
2018-03-01,234.43283081054688
2018-03-02,235.64126586914062
2018-03-05,238.3648223876953
2018-03-06,238.9690399169922
2018-03-07,238.8815155029297
2018-03-08,240.03744506835938
2018-03-09,244.21466064453125
2018-03-12,243.9081573486328
2018-03-13,242.3318634033203
2018-03-14,241.08837890625
2018-03-15,240.82568359375
2018-03-16,241.08673095703125
2018-03-19,237.82481384277344
2018-03-20,238.229248046875
2018-03-21,237.77206420898438
2018-03-22,231.82838439941406
2018-03-23,226.88706970214844
2018-03-26,233.09449768066406
2018-03-27,229.129150390625
2018-03-28,228.45208740234375
2018-03-29,231.37120056152344
2018-04-02,226.3771209716797
2018-04-03,229.2786102294922
2018-04-04,231.73167419433594
2018-04-05,233.5605010986328
2018-04-06,228.35540771484375
2018-04-09,229.4808349609375
2018-04-10,233.12969970703125
2018-04-11,231.90750122070312
2018-04-12,233.8154296875
2018-04-13,233.12969970703125
2018-04-16,235.04640197753906
2018-04-17,237.56101989746094
2018-04-18,237.7368621826172
2018-04-19,236.41802978515625
2018-04-20,234.41336059570312
2018-04-23,234.37815856933594
2018-04-24,231.2217254638672
2018-04-25,231.79322814941406
2018-04-26,234.14956665039062
2018-04-27,234.36936950683594
2018-04-30,232.56695556640625
2018-05-01,232.98020935058594
2018-05-02,231.41519165039062
2018-05-03,230.90521240234375
2018-05-04,233.8946075439453
2018-05-07,234.68592834472656
2018-05-08,234.68592834472656
2018-05-09,236.9542999267578
2018-05-10,239.17002868652344
2018-05-11,239.89979553222656
2018-05-14,240.0140380859375
2018-05-15,238.36111450195312
2018-05-16,239.3634033203125
2018-05-17,239.1611785888672
2018-05-18,238.56332397460938
2018-05-21,240.35699462890625
2018-05-22,239.68870544433594
2018-05-23,240.34817504882812
2018-05-24,239.8557586669922
2018-05-25,239.2843780517578
2018-05-29,236.53228759765625
2018-05-30,239.68870544433594
2018-05-31,238.2205047607422
2018-06-01,240.55926513671875
2018-06-04,241.7022705078125
2018-06-05,241.87818908691406
2018-06-06,243.90032958984375
2018-06-07,243.8739471435547
2018-06-08,244.59486389160156
2018-06-11,244.92019653320312
2018-06-12,245.23670959472656
2018-06-13,244.45428466796875
2018-06-14,245.0697784423828
2018-06-15,244.75704956054688
2018-06-18,244.253662109375
2018-06-19,243.31756591796875
2018-06-20,243.7325897216797
2018-06-21,242.20468139648438
2018-06-22,242.64625549316406
2018-06-25,239.34315490722656
2018-06-26,239.87306213378906
2018-06-27,237.88584899902344
2018-06-28,239.24598693847656
2018-06-29,239.5904083251953
2018-07-02,240.10260009765625
2018-07-03,239.25479125976562
2018-07-05,241.20664978027344
2018-07-06,243.24685668945312
2018-07-09,245.4370880126953
2018-07-10,246.3202667236328
2018-07-11,244.5186309814453
2018-07-12,246.7353515625
2018-07-13,246.92971801757812
2018-07-16,246.70889282226562
2018-07-17,247.70693969726562
2018-07-18,248.22793579101562
2018-07-19,247.29180908203125
2018-07-20,247.00918579101562
2018-07-23,247.468505859375
2018-07-24,248.71376037597656
2018-07-25,250.83340454101562
2018-07-26,250.24154663085938
2018-07-27,248.5459442138672
2018-07-30,247.24757385253906
2018-07-31,248.4663543701172
2018-08-01,248.0513458251953
2018-08-02,249.4026336669922
2018-08-03,250.4712371826172
2018-08-06,251.38978576660156
2018-08-07,252.21998596191406
2018-08-08,252.11399841308594
2018-08-09,251.76959228515625
2018-08-10,250.08270263671875
2018-08-13,249.14646911621094
2018-08-14,250.73626708984375
2018-08-15,248.86387634277344
2018-08-16,250.87757873535156
2018-08-17,251.76072692871094
2018-08-20,252.2994384765625
2018-08-21,252.89117431640625
2018-08-22,252.74099731445312
2018-08-23,252.40542602539062
2018-08-24,253.9245147705078
2018-08-27,255.92938232421875
2018-08-28,256.05291748046875
2018-08-29,257.43072509765625
2018-08-30,256.3885498046875
2018-08-31,256.39739990234375
2018-09-04,255.955810546875
2018-09-05,255.2668914794922
2018-09-06,254.49855041503906
2018-09-07,254.00405883789062
2018-09-10,254.44552612304688
2018-09-11,255.28456115722656
2018-09-12,255.34640502929688
2018-09-13,256.8566589355469
2018-09-14,256.90081787109375
2018-09-17,255.54071044921875
2018-09-18,256.9273986816406
2018-09-19,257.20123291015625
2018-09-20,259.2855529785156
2018-09-21,259.04852294921875
2018-09-24,258.1878967285156
2018-09-25,257.948486328125
2018-09-26,257.1765441894531
2018-09-27,257.8951416015625
2018-09-28,257.9218444824219
2018-10-01,258.8179626464844
2018-10-02,258.6671447753906
2018-10-03,258.8089904785156
2018-10-04,256.7862854003906
2018-10-05,255.3490447998047
2018-10-08,255.3490447998047
2018-10-09,254.97637939453125
2018-10-10,246.90296936035156
2018-10-11,241.4645538330078
2018-10-12,244.8181915283203
2018-10-15,243.4430389404297
2018-10-16,248.76609802246094
2018-10-17,248.81051635742188
2018-10-18,245.21739196777344
2018-10-19,245.08425903320312
2018-10-22,243.98419189453125
2018-10-23,242.74212646484375
2018-10-24,235.38742065429688
2018-10-25,239.6104278564453
2018-10-26,235.39627075195312
2018-10-29,234.0920867919922
2018-10-30,237.56106567382812
2018-10-31,240.0983428955078
2018-11-01,242.65341186523438
2018-11-02,241.21624755859375
2018-11-05,242.54698181152344
2018-11-06,244.0818328857422
2018-11-07,249.30728149414062
2018-11-08,248.8548583984375
2018-11-09,246.42398071289062
2018-11-12,241.81948852539062
2018-11-13,241.3670196533203
2018-11-14,239.7169189453125
2018-11-15,242.21875
2018-11-16,242.8485870361328
2018-11-19,238.74093627929688
2018-11-20,234.32278442382812
2018-11-21,235.12123107910156
2018-11-23,233.55091857910156
2018-11-26,237.3214569091797
2018-11-27,238.11993408203125
2018-11-28,243.6027374267578
2018-11-29,243.07037353515625
2018-11-30,244.55194091796875
2018-12-03,247.79025268554688
2018-12-04,239.76119995117188
2018-12-06,239.39747619628906
2018-12-07,233.83485412597656
2018-12-10,234.2784423828125
2018-12-11,234.3316192626953
2018-12-12,235.5115966796875
2018-12-13,235.4317626953125
2018-12-14,231.08453369140625
2018-12-17,226.5510711669922
2018-12-18,226.30264282226562
2018-12-19,222.91358947753906
2018-12-20,219.28501892089844
2018-12-21,214.7919464111328
2018-12-24,209.1165008544922
2018-12-26,219.68211364746094
2018-12-27,221.36871337890625
2018-12-28,221.08309936523438
2018-12-31,223.0195770263672
2019-01-02,223.25157165527344
2019-01-03,217.9241943359375
2019-01-04,225.22372436523438
2019-01-07,226.9994659423828
2019-01-08,229.13221740722656
2019-01-09,230.2030792236328
2019-01-10,231.01512145996094
2019-01-11,231.10438537597656
2019-01-14,229.69444274902344
2019-01-15,232.32691955566406
2019-01-16,232.88914489746094
2019-01-17,234.6559600830078
2019-01-18,237.77923583984375
2019-01-22,234.56674194335938
2019-01-23,235.05760192871094
2019-01-24,235.1824951171875
2019-01-25,237.17242431640625
2019-01-28,235.36985778808594
2019-01-29,235.05760192871094
2019-01-30,238.77867126464844
2019-01-31,240.8757781982422
2019-02-01,240.99180603027344
2019-02-04,242.6873016357422
2019-02-05,243.70457458496094
2019-02-06,243.38336181640625
2019-02-07,241.0631561279297
2019-02-08,241.35765075683594
2019-02-11,241.49151611328125
2019-02-12,244.59690856933594
2019-02-13,245.39111328125
2019-02-14,244.84674072265625
2019-02-15,247.5149688720703
2019-02-19,247.94329833984375
2019-02-20,248.44302368164062
2019-02-21,247.55946350097656
2019-02-22,249.09449768066406
2019-02-25,249.43359375
2019-02-26,249.25497436523438
2019-02-27,249.14793395996094
2019-02-28,248.68394470214844
2019-03-01,250.23670959472656
2019-03-04,249.32652282714844
2019-03-05,248.9873504638672
2019-03-06,247.4793243408203
2019-03-07,245.40896606445312
2019-03-08,244.9181365966797
2019-03-11,248.4697723388672
2019-03-12,249.40675354003906
2019-03-13,251.05752563476562
2019-03-14,250.89707946777344
2019-03-15,252.13661193847656
2019-03-18,253.05078125
2019-03-19,253.11351013183594
2019-03-20,252.35174560546875
2019-03-21,255.20188903808594
2019-03-22,250.29022216796875
2019-03-25,250.1020050048828
2019-03-26,251.9662628173828
2019-03-27,250.6487274169922
2019-03-28,251.59877014160156
2019-03-29,253.18521118164062
2019-04-01,256.187744140625
2019-04-02,256.3133239746094
2019-04-03,256.7167053222656
2019-04-04,257.3977966308594
2019-04-05,258.64373779296875
2019-04-08,258.8408203125
2019-04-09,257.51434326171875
2019-04-10,258.3927917480469
2019-04-11,258.3210754394531
2019-04-12,260.0687255859375
2019-04-15,259.8984375
2019-04-16,260.0687255859375
2019-04-17,259.4324035644531
2019-04-18,259.94329833984375
2019-04-22,260.16741943359375
2019-04-23,262.5067138671875
2019-04-24,261.9241638183594
2019-04-25,261.7628173828125
2019-04-26,262.98175048828125
2019-04-29,263.39398193359375
2019-04-30,263.5284118652344
2019-05-01,261.5476989746094
2019-05-02,260.9830627441406
2019-05-03,263.5373840332031
2019-05-06,262.45281982421875
2019-05-07,258.0700378417969
2019-05-08,257.7117004394531
2019-05-09,256.931884765625
2019-05-10,258.222412109375
2019-05-13,251.73330688476562
2019-05-14,254.00985717773438
2019-05-15,255.4977569580078
2019-05-16,257.86395263671875
2019-05-17,256.19671630859375
2019-05-20,254.5027618408203
2019-05-21,256.7973327636719
2019-05-22,256.0085754394531
2019-05-23,252.88047790527344
2019-05-24,253.45411682128906
2019-05-28,251.09686279296875
2019-05-29,249.41188049316406
2019-05-30,250.093017578125
2019-05-31,246.72296142578125
2019-06-03,246.09561157226562
2019-06-04,251.43748474121094
2019-06-05,253.61550903320312
2019-06-06,255.26458740234375
2019-06-07,257.8190612792969
2019-06-10,259.00225830078125
2019-06-11,258.9394836425781
2019-06-12,258.48236083984375
2019-06-13,259.5489501953125
2019-06-14,259.2621765136719
2019-06-17,259.3606872558594
2019-06-18,262.0764465332031
2019-06-19,262.6680908203125
2019-06-20,265.17767333984375
2019-06-21,264.7922058105469
2019-06-24,264.4680480957031
2019-06-25,261.8740539550781
2019-06-26,261.6129150390625
2019-06-27,262.5406494140625
2019-06-28,263.8914794921875
2019-07-01,266.2872619628906
2019-07-02,266.9808044433594
2019-07-03,269.1153259277344
2019-07-05,268.8091125488281
2019-07-08,267.33197021484375
2019-07-09,267.665283203125
2019-07-10,268.9441833496094
2019-07-11,269.57464599609375
2019-07-12,270.7815246582031
2019-07-15,270.8716125488281
2019-07-16,269.9980163574219
2019-07-17,268.1606750488281
2019-07-18,269.1423645019531
2019-07-19,267.647216796875
2019-07-22,268.3047180175781
2019-07-23,270.22320556640625
2019-07-24,271.4930419921875
2019-07-25,270.1960754394531
2019-07-26,272.0063781738281
2019-07-29,271.5110778808594
2019-07-30,270.8446350097656
2019-07-31,267.8815002441406
2019-08-01,265.5487976074219
2019-08-02,263.54925537109375
2019-08-05,255.62359619140625
2019-08-06,259.20806884765625
2019-08-07,259.3612365722656
2019-08-08,264.4499206542969
2019-08-09,262.6487121582031
2019-08-12,259.4512939453125
2019-08-13,263.4862365722656
2019-08-14,255.69561767578125
2019-08-15,256.3710632324219
2019-08-16,260.15374755859375
2019-08-19,263.28802490234375
2019-08-20,261.2706604003906
2019-08-21,263.3961486816406
2019-08-22,263.31512451171875
2019-08-23,256.55126953125
2019-08-26,259.38824462890625
2019-08-27,258.37060546875
2019-08-28,260.1898193359375
2019-08-29,263.5132141113281
2019-08-30,263.3961486816406
2019-09-03,261.8560791015625
2019-09-04,264.8282165527344
2019-09-05,268.232666015625
2019-09-06,268.4398498535156
2019-09-09,268.5749816894531
2019-09-10,268.511962890625
2019-09-11,270.42132568359375
2019-09-12,271.35797119140625
2019-09-13,271.1778259277344
2019-09-16,270.3402404785156
2019-09-17,271.024658203125
2019-09-18,271.18682861328125
2019-09-19,271.1688232421875
2019-09-20,269.8876037597656
2019-09-23,269.82421875
2019-09-24,267.7070617675781
2019-09-25,269.2904052734375
2019-09-26,268.7294006347656
2019-09-27,267.2817687988281
2019-09-30,268.5213317871094
2019-10-01,265.3273010253906
2019-10-02,260.64044189453125
2019-10-03,262.7757568359375
2019-10-04,266.33160400390625
2019-10-07,265.1826171875
2019-10-08,261.0656433105469
2019-10-09,263.5448303222656
2019-10-10,265.3273010253906
2019-10-11,268.0779113769531
2019-10-14,267.77947998046875
2019-10-15,270.4305419921875
2019-10-16,269.9961853027344
2019-10-17,270.7924499511719
2019-10-18,269.6070251464844
2019-10-21,271.43487548828125
2019-10-22,270.5481872558594
2019-10-23,271.3353576660156
2019-10-24,271.7787170410156
2019-10-25,272.8915710449219
2019-10-28,274.4297180175781
2019-10-29,274.3482666015625
2019-10-30,275.1897888183594
2019-10-31,274.4568176269531
2019-11-01,276.9994812011719
2019-11-04,278.1123352050781
2019-11-05,277.80474853515625
2019-11-06,277.8680725097656
2019-11-07,278.8451843261719
2019-11-08,279.5329284667969
2019-11-11,278.99908447265625
2019-11-12,279.5872802734375
2019-11-13,279.6777038574219
2019-11-14,280.08489990234375
2019-11-15,282.1116027832031
2019-11-18,282.3197021484375
2019-11-19,282.2382507324219
2019-11-20,281.1886291503906
2019-11-21,280.7364196777344
2019-11-22,281.3607177734375
2019-11-25,283.5411682128906
2019-11-26,284.1835632324219
2019-11-27,285.4503479003906
2019-11-29,284.3916931152344
2019-12-02,281.97589111328125
2019-12-03,280.08489990234375
2019-12-04,281.8130187988281
2019-12-05,282.3197021484375
2019-12-06,284.8984375
2019-12-09,284.002685546875
2019-12-10,283.6859436035156
2019-12-11,284.4913024902344
2019-12-12,286.9433898925781
2019-12-13,287.11529541015625
2019-12-16,289.0877685546875
2019-12-17,289.1510925292969
2019-12-18,289.1692199707031
2019-12-19,290.3544616699219
2019-12-20,291.6274108886719
2019-12-23,292.072998046875
2019-12-24,292.0820617675781
2019-12-26,293.6368408203125
2019-12-27,293.5640869140625
2019-12-30,291.94573974609375
2019-12-31,292.6549377441406
2020-01-02,295.3917541503906
2020-01-03,293.1549377441406
2020-01-06,294.2734069824219
2020-01-07,293.4459228515625
2020-01-08,295.0098876953125
2020-01-09,297.01031494140625
2020-01-10,296.155517578125
2020-01-13,298.1923522949219
2020-01-14,297.7377014160156
2020-01-15,298.4106140136719
2020-01-16,300.892822265625
2020-01-17,301.82928466796875
2020-01-21,301.2383117675781
2020-01-22,301.274658203125
2020-01-23,301.6202392578125
2020-01-24,298.9378967285156
2020-01-27,294.14605712890625
2020-01-28,297.2284851074219
2020-01-29,296.9830322265625
2020-01-30,297.94677734375
2020-01-31,292.53668212890625
2020-02-03,294.70989990234375
2020-02-04,299.2015686035156
2020-02-05,302.65679931640625
2020-02-06,303.6752014160156
2020-02-07,302.05670166015625
2020-02-10,304.3116455078125
2020-02-11,304.8389892578125
2020-02-12,306.8030090332031
2020-02-13,306.4756774902344
2020-02-14,306.9666748046875
2020-02-18,306.1756286621094
2020-02-19,307.63958740234375
2020-02-20,306.375732421875
2020-02-21,303.22052001953125
2020-02-24,293.1641540527344
2020-02-25,284.2806396484375
2020-02-26,283.23492431640625
2020-02-27,270.51434326171875
2020-02-28,269.37774658203125
2020-03-02,281.0435791015625
2020-03-03,272.9967346191406
2020-03-04,284.47149658203125
2020-03-05,275.0151672363281
2020-03-06,270.4689025878906
2020-03-09,249.3468017578125
2020-03-10,262.24920654296875
2020-03-11,249.4649200439453
2020-03-12,225.59689331054688
2020-03-13,244.88232421875
2020-03-16,218.08636474609375
2020-03-17,229.86131286621094
2020-03-18,218.22276306152344
2020-03-19,218.68646240234375
2020-03-20,209.26239013671875
2020-03-23,203.91189575195312
2020-03-24,222.386962890625
2020-03-25,225.71615600585938
2020-03-26,238.89566040039062
2020-03-27,231.78005981445312
2020-03-30,239.30723571777344
2020-03-31,235.7402801513672
2020-04-01,225.13079833984375
2020-04-02,230.3257598876953
2020-04-03,226.99661254882812
2020-04-06,242.2430877685547
2020-04-07,242.49008178710938
2020-04-08,250.6300506591797
2020-04-09,254.444091796875
2020-04-13,252.1209259033203
2020-04-14,259.5567321777344
2020-04-15,254.0415802001953
2020-04-16,255.26718139648438
2020-04-17,262.163330078125
2020-04-20,257.5445861816406
2020-04-21,249.72459411621094
2020-04-22,255.26718139648438
2020-04-23,255.2488555908203
2020-04-24,258.8066711425781
2020-04-27,262.5381774902344
2020-04-28,261.3309631347656
2020-04-29,268.17230224609375
2020-04-30,265.6753845214844
2020-05-01,258.64202880859375
2020-05-04,259.3554382324219
2020-05-05,261.751708984375
2020-05-06,259.9774169921875
2020-05-07,263.1144714355469
2020-05-08,267.4680480957031
2020-05-11,267.5229187011719
2020-05-12,262.1907653808594
2020-05-13,257.5537109375
2020-05-14,260.6358337402344
2020-05-15,261.83404541015625
2020-05-18,269.8094177246094
2020-05-19,267.03814697265625
2020-05-20,271.57464599609375
2020-05-21,269.69970703125
2020-05-22,270.2118225097656
2020-05-26,273.5409851074219
2020-05-27,277.6109924316406
2020-05-28,277.09881591796875
2020-05-29,278.33355712890625
2020-06-01,279.4586181640625
2020-06-02,281.7724304199219
2020-06-03,285.5224304199219
2020-06-04,284.77239990234375
2020-06-05,292.07098388671875
2020-06-08,295.601318359375
2020-06-09,293.39715576171875
2020-06-10,291.760009765625
2020-06-11,274.9403381347656
2020-06-12,278.2329406738281
2020-06-15,280.8304443359375
2020-06-16,286.2358093261719
2020-06-17,285.04681396484375
2020-06-18,285.1565246582031
2020-06-19,283.5268859863281
2020-06-22,285.34576416015625
2020-06-23,286.6595153808594
2020-06-24,279.3470764160156
2020-06-25,282.3417663574219
2020-06-26,275.6357727050781
2020-06-29,279.68701171875
2020-06-30,283.2696228027344
2020-07-01,285.2539367675781
2020-07-02,286.8247985839844
2020-07-06,291.2525634765625
2020-07-07,288.2486267089844
2020-07-08,290.4533386230469
2020-07-09,288.7998352050781
2020-07-10,291.74871826171875
2020-07-13,289.2223205566406
2020-07-14,292.9704284667969
2020-07-15,295.6620178222656
2020-07-16,294.68829345703125
2020-07-17,295.54266357421875
2020-07-20,297.9310607910156
2020-07-21,298.56494140625
2020-07-22,300.26434326171875
2020-07-23,296.6816711425781
2020-07-24,294.7709655761719
2020-07-27,296.9205627441406
2020-07-28,295.03729248046875
2020-07-29,298.666015625
2020-07-30,297.6003723144531
2020-07-31,299.9519958496094
2020-08-03,302.037353515625
2020-08-04,303.20404052734375
2020-08-05,305.08721923828125
2020-08-06,307.1265869140625
2020-08-07,307.3470458984375
2020-08-10,308.26568603515625
2020-08-11,305.7210388183594
2020-08-12,309.98345947265625
2020-08-13,309.423095703125
2020-08-14,309.4322814941406
2020-08-17,310.4153137207031
2020-08-18,311.08587646484375
2020-08-19,309.7906494140625
2020-08-20,310.7551574707031
2020-08-21,311.85748291015625
2020-08-24,315.017578125
2020-08-25,316.1199035644531
2020-08-26,319.289306640625
2020-08-27,319.9874572753906
2020-08-28,322.0542907714844
2020-08-31,320.8876953125
2020-09-01,323.9100036621094
2020-09-02,328.5950622558594
2020-09-03,317.2866516113281
2020-09-04,314.69610595703125
2020-09-08,306.0977478027344
2020-09-09,312.142333984375
2020-09-10,306.72235107421875
2020-09-11,306.87841796875
2020-09-14,310.9205322265625
2020-09-15,312.4914245605469
2020-09-16,311.251220703125
2020-09-17,308.513671875
2020-09-18,304.9618225097656
2020-09-21,301.5677185058594
2020-09-22,304.6391296386719
2020-09-23,297.57421875
2020-09-24,298.36737060546875
2020-09-25,303.1911315917969
2020-09-28,308.22686767578125
2020-09-29,306.5482177734375
2020-09-30,308.8725280761719
2020-10-01,310.85546875
2020-10-02,307.904052734375
2020-10-05,313.3642578125
2020-10-06,308.9093933105469
2020-10-07,314.2864074707031
2020-10-08,317.07183837890625
2020-10-09,319.9033203125
2020-10-12,325.0498046875
2020-10-13,322.92840576171875
2020-10-14,320.8994140625
2020-10-15,320.5028381347656
2020-10-16,320.30914306640625
2020-10-19,315.43939208984375
2020-10-20,316.7028503417969
2020-10-21,316.1034240722656
2020-10-22,317.83740234375
2020-10-23,318.9165344238281
2020-10-26,313.02288818359375
2020-10-27,311.94378662109375
2020-10-28,301.2818298339844
2020-10-29,304.3439636230469
2020-10-30,301.17120361328125
2020-11-02,304.54681396484375
2020-11-03,309.9238586425781
2020-11-04,316.85040283203125
2020-11-05,323.0299072265625
2020-11-06,322.95611572265625
2020-11-09,327.0143127441406
2020-11-10,326.5347595214844
2020-11-11,328.9604797363281
2020-11-12,325.7691955566406
2020-11-13,330.2792663574219
2020-11-16,334.40203857421875
2020-11-17,332.6036376953125
2020-11-18,328.6007385253906
2020-11-19,329.9841613769531
2020-11-20,327.7245788574219
2020-11-23,329.68902587890625
2020-11-24,335.00152587890625
2020-11-25,334.4850769042969
2020-11-27,335.41656494140625
2020-11-30,333.93170166015625
2020-12-01,337.583984375
2020-12-02,338.29412841796875
2020-12-03,338.201904296875
2020-12-04,341.1164855957031
2020-12-07,340.41546630859375
2020-12-08,341.41162109375
2020-12-09,338.34954833984375
2020-12-10,338.2388916015625
2020-12-11,337.84222412109375
2020-12-14,336.3296203613281
2020-12-15,340.8765869140625
2020-12-16,341.41162109375
2020-12-17,343.3207702636719
2020-12-18,341.949951171875
2020-12-21,340.7272644042969
2020-12-22,340.15301513671875
2020-12-23,340.4587097167969
2020-12-24,341.78326416015625
2020-12-28,344.71942138671875
2020-12-29,344.06182861328125
2020-12-30,344.5526428222656
2020-12-31,346.30316162109375
2021-01-04,341.5887145996094
2021-01-05,343.9413146972656
2021-01-06,345.99755859375
2021-01-07,351.13818359375
2021-01-08,353.13885498046875
2021-01-11,350.7585144042969
2021-01-12,350.8326416015625
2021-01-13,351.7774353027344
2021-01-14,350.5454406738281
2021-01-15,347.9891052246094
2021-01-19,350.721435546875
2021-01-20,355.574951171875
2021-01-21,355.89910888671875
2021-01-22,354.6393737792969
2021-01-25,356.0381164550781
2021-01-26,355.4823303222656
2021-01-27,346.7942199707031
2021-01-28,349.7766418457031
2021-01-29,342.7743225097656
2021-02-01,348.4799499511719
2021-02-02,353.4075012207031
2021-02-03,353.68536376953125
2021-02-04,357.70526123046875
2021-02-05,359.1132507324219
2021-02-08,361.7066345214844
2021-02-09,361.4658508300781
2021-02-10,361.30841064453125
2021-02-11,361.8918762207031
2021-02-12,363.6795654296875
2021-02-16,363.3646240234375
2021-02-17,363.447998046875
2021-02-18,361.9011535644531
2021-02-19,361.2621154785156
2021-02-22,358.4833984375
2021-02-23,358.918701171875
2021-02-24,362.8736877441406
2021-02-25,354.1300354003906
2021-02-26,352.3052978515625
2021-03-01,360.8451843261719
2021-03-02,358.02947998046875
2021-03-03,353.287109375
2021-03-04,348.9152526855469
2021-03-05,355.3341369628906
2021-03-08,353.5649719238281
2021-03-09,358.61309814453125
2021-03-10,360.8451843261719
2021-03-11,364.5039978027344
2021-03-12,364.99481201171875
2021-03-15,367.1714782714844
2021-03-16,366.70843505859375
2021-03-17,367.9587707519531
2021-03-18,362.6051025390625
2021-03-19,361.9342346191406
2021-03-22,364.82427978515625
2021-03-23,361.9527893066406
2021-03-24,360.1128234863281
2021-03-25,362.13861083984375
2021-03-26,367.9745178222656
2021-03-29,367.7886047363281
2021-03-30,366.8128662109375
2021-03-31,368.29974365234375
2021-04-01,372.2769470214844
2021-04-05,377.62030029296875
2021-04-06,377.3973083496094
2021-04-07,377.8341064453125
2021-04-08,379.62762451171875
2021-04-09,382.38751220703125
2021-04-12,382.52691650390625
2021-04-13,383.66058349609375
2021-04-14,382.3504333496094
2021-04-15,386.4577941894531
2021-04-16,387.7493896484375
2021-04-19,385.8444519042969
2021-04-20,383.0194396972656
2021-04-21,386.6436767578125
2021-04-22,383.11236572265625
2021-04-23,387.2661437988281
2021-04-26,388.07464599609375
2021-04-27,387.9909973144531
2021-04-28,387.87957763671875
2021-04-29,390.3514099121094
2021-04-30,387.7866516113281
2021-05-03,388.62298583984375
2021-05-04,386.2255554199219
2021-05-05,386.34625244140625
2021-05-06,389.43145751953125
2021-05-07,392.2657775878906
2021-05-10,388.3813781738281
2021-05-11,384.9151611328125
2021-05-12,376.7375183105469
2021-05-13,381.26318359375
2021-05-14,387.1175231933594
2021-05-17,386.13250732421875
2021-05-18,382.8056640625
2021-05-19,381.8021240234375
2021-05-20,385.9095153808594
2021-05-21,385.593505859375
2021-05-24,389.5243835449219
2021-05-25,388.66015625
2021-05-26,389.43145751953125
2021-05-27,389.6358337402344
2021-05-28,390.3328552246094
2021-06-01,389.989013671875
2021-06-02,390.6023254394531
2021-06-03,389.15264892578125
2021-06-04,392.7117614746094
2021-06-07,392.3307800292969
2021-06-08,392.41436767578125
2021-06-09,391.8290100097656
2021-06-10,393.6503601074219
2021-06-11,394.30084228515625
2021-06-14,395.1836242675781
2021-06-15,394.4588317871094
2021-06-16,392.25640869140625
2021-06-17,392.1263732910156
2021-06-18,386.8364562988281
2021-06-21,392.3742980957031
2021-06-22,394.4720458984375
2021-06-23,393.99658203125
2021-06-24,396.3273620605469
2021-06-25,397.7351379394531
2021-06-28,398.5369567871094
2021-06-29,398.75140380859375
2021-06-30,399.0870056152344
2021-07-01,401.296630859375
2021-07-02,404.3638916015625
2021-07-06,403.62725830078125
2021-07-07,405.0538024902344
2021-07-08,401.7535095214844
2021-07-09,406.04205322265625
2021-07-12,407.4965515136719
2021-07-13,406.10736083984375
2021-07-14,406.71337890625
2021-07-15,405.3242492675781
2021-07-16,402.14501953125
2021-07-19,396.20611572265625
2021-07-20,401.8839416503906
2021-07-21,405.1378173828125
2021-07-22,405.9861145019531
2021-07-23,410.1629333496094
2021-07-26,411.1698303222656
2021-07-27,409.2958984375
2021-07-28,409.1280212402344
2021-07-29,410.82489013671875
2021-07-30,408.8298034667969
2021-08-02,407.9720458984375
2021-08-03,411.291015625
2021-08-04,409.2679748535156
2021-08-05,411.8597412109375
2021-08-06,412.5403747558594
2021-08-09,412.20465087890625
2021-08-10,412.7174377441406
2021-08-11,413.7430725097656
2021-08-12,414.9830017089844
2021-08-13,415.73822021484375
2021-08-16,416.71710205078125
2021-08-17,413.98541259765625
2021-08-18,409.454345703125
2021-08-19,410.08831787109375
2021-08-20,413.3514099121094
2021-08-23,416.987548828125
2021-08-24,417.6494445800781
2021-08-25,418.5258483886719
2021-08-26,416.0551452636719
2021-08-27,419.77508544921875
2021-08-30,421.62115478515625
2021-08-31,420.9964904785156
2021-09-01,421.22021484375
2021-09-02,422.51611328125
2021-09-03,422.4135437011719
2021-09-07,420.9031982421875
2021-09-08,420.3905029296875
2021-09-09,418.5910339355469
2021-09-10,415.2906494140625
2021-09-13,416.353515625
2021-09-14,414.1067199707031
2021-09-15,417.56549072265625
2021-09-16,416.903564453125
2021-09-17,412.84259033203125
2021-09-20,405.9586181640625
2021-09-21,405.5752258300781
2021-09-22,409.531494140625
2021-09-23,414.5073547363281
2021-09-24,415.190185546875
2021-09-27,414.00238037109375
2021-09-28,405.65936279296875
2021-09-29,406.3421936035156
2021-09-30,401.3757019042969
2021-10-01,406.145751953125
2021-10-04,400.9081115722656
2021-10-05,405.0794982910156
2021-10-06,406.7630615234375
2021-10-07,410.27978515625
2021-10-08,409.531494140625
2021-10-11,406.566650390625
2021-10-12,405.5658264160156
2021-10-13,407.0248718261719
2021-10-14,413.871337890625
2021-10-15,417.0233154296875
2021-10-18,418.25787353515625
2021-10-19,421.4847106933594
2021-10-20,423.1401672363281
2021-10-21,424.2437744140625
2021-10-22,423.8042297363281
2021-10-25,426.0769958496094
2021-10-26,426.46051025390625
2021-10-27,424.5711669921875
2021-10-28,428.6678161621094
2021-10-29,429.5376281738281
2021-11-01,430.2766418457031
2021-11-02,432.0161437988281
2021-11-03,434.65374755859375
2021-11-04,436.7020568847656
2021-11-05,438.21722412109375
2021-11-08,438.5913391113281
2021-11-09,437.14166259765625
2021-11-10,433.62493896484375
2021-11-11,433.7652282714844
2021-11-12,437.03875732421875
2021-11-15,437.1884460449219
2021-11-16,438.9186706542969
2021-11-17,437.8524475097656
2021-11-18,439.33953857421875
2021-11-19,438.5539855957031
2021-11-22,437.3193054199219
2021-11-23,437.8992004394531
2021-11-24,439.0683898925781
2021-11-26,429.2757568359375
2021-11-29,434.54150390625
2021-11-30,426.08636474609375
2021-12-01,421.353759765625
2021-12-02,427.807373046875
2021-12-03,424.0847473144531
2021-12-06,429.1074523925781
2021-12-07,437.9833984375
2021-12-08,439.1432189941406
2021-12-09,436.17828369140625
2021-12-10,440.2842102050781
2021-12-13,436.3840637207031
2021-12-14,433.38177490234375
2021-12-15,440.1533203125
2021-12-16,436.2718505859375
2021-12-17,431.6286315917969
2021-12-20,427.0389099121094
2021-12-21,434.6227111816406
2021-12-22,438.96844482421875
2021-12-23,441.6996765136719
2021-12-27,447.9507141113281
2021-12-28,447.5846252441406
2021-12-29,448.1572265625
2021-12-30,446.9183044433594
2021-12-31,445.7919616699219
2022-01-03,448.3730163574219
2022-01-04,448.2228088378906
2022-01-05,439.6160583496094
2022-01-06,439.2029724121094
2022-01-07,437.4666442871094
2022-01-10,436.9222412109375
2022-01-11,440.9018249511719
2022-01-12,442.0939025878906
2022-01-13,436.00244140625
2022-01-14,436.18084716796875
2022-01-18,428.4562072753906
2022-01-19,424.00738525390625
2022-01-20,419.3143615722656
2022-01-21,411.0829162597656
2022-01-24,412.8287353515625
2022-01-25,407.78851318359375
2022-01-26,406.7654724121094
2022-01-27,404.75677490234375
2022-01-28,414.8091735839844
2022-01-31,422.28033447265625
2022-02-01,425.1335754394531
2022-02-02,429.2634582519531
2022-02-03,419.1735534667969
2022-02-04,421.1446838378906
2022-02-07,419.7930908203125
2022-02-08,423.24700927734375
2022-02-09,429.4417419433594
2022-02-10,421.7265319824219
2022-02-11,413.4106750488281
2022-02-14,412.0590515136719
2022-02-15,418.7043151855469
2022-02-16,419.1735534667969
2022-02-17,410.2194519042969
2022-02-18,407.5632629394531
2022-02-22,403.1894226074219
2022-02-23,396.0374755859375
2022-02-24,401.9974365234375
2022-02-25,410.86700439453125
2022-02-28,409.8157958984375
2022-03-01,403.5743103027344
2022-03-02,410.99853515625
2022-03-03,408.952392578125
2022-03-04,405.6297302246094
2022-03-07,393.6721496582031
2022-03-08,390.6874084472656
2022-03-09,401.16204833984375
2022-03-10,399.3506774902344
2022-03-11,394.2727966308594
2022-03-14,391.391357421875
2022-03-15,399.9981994628906
2022-03-16,408.86785888671875
2022-03-17,413.9831237792969
2022-03-18,418.5174255371094
2022-03-21,418.3950500488281
2022-03-22,423.29083251953125
2022-03-23,417.83953857421875
2022-03-24,424.1382141113281
2022-03-25,426.2095947265625
2022-03-28,429.2411193847656
2022-03-29,434.5513000488281
2022-03-30,431.8680114746094
2022-03-31,425.2209777832031
2022-04-01,426.42608642578125
2022-04-04,430.0791015625
2022-04-05,424.6466979980469
2022-04-06,420.40045166015625
2022-04-07,422.5188903808594
2022-04-08,421.3890075683594
2022-04-11,414.1865234375
2022-04-12,412.65191650390625
2022-04-13,417.3782043457031
2022-04-14,412.18109130859375
2022-04-18,412.3505859375
2022-04-19,419.007080078125
2022-04-20,418.6962890625
2022-04-21,412.4352722167969
2022-04-22,401.1184997558594
2022-04-25,403.4439697265625
2022-04-26,391.7598876953125
2022-04-27,392.8614196777344
2022-04-28,402.7848815917969
2022-04-29,387.8997802734375
2022-05-02,390.2346496582031
2022-05-03,392.02349853515625
2022-05-04,403.96185302734375
2022-05-05,389.6038818359375
2022-05-06,387.2782897949219
2022-05-09,374.8787841796875
2022-05-10,375.74493408203125
2022-05-11,369.7758483886719
2022-05-12,369.3897705078125
2022-05-13,378.2210388183594
2022-05-16,376.6864013671875
2022-05-17,384.4350280761719
2022-05-18,368.9378662109375
2022-05-19,366.6783142089844
2022-05-20,366.8383483886719
2022-05-23,373.7018737792969
2022-05-24,370.84912109375
2022-05-25,374.1255798339844
2022-05-26,381.6011047363281
2022-05-27,390.9690246582031
2022-05-31,388.77532958984375
2022-06-01,385.6307067871094
2022-06-02,392.97442626953125
2022-06-03,386.52520751953125
2022-06-06,387.7020568847656
2022-06-07,391.4209899902344
2022-06-08,387.16534423828125
2022-06-09,377.9574890136719
2022-06-10,366.99835205078125
2022-06-13,353.06402587890625
2022-06-14,352.00018310546875
2022-06-15,357.0184326171875
2022-06-16,345.2024841308594
2022-06-17,345.94659423828125
2022-06-21,354.6553955078125
2022-06-22,354.0124206542969
2022-06-23,357.4826965332031
2022-06-24,368.8484191894531
2022-06-27,367.4394836425781
2022-06-28,359.93170166015625
2022-06-29,359.6385498046875
2022-06-30,356.7167663574219
2022-07-01,360.4895935058594
2022-07-05,361.17034912109375
2022-07-06,362.39019775390625
2022-07-07,367.8177490234375
2022-07-08,367.51513671875
2022-07-11,363.31683349609375
2022-07-12,360.1018981933594
2022-07-13,358.2107238769531
2022-07-14,357.3408508300781
2022-07-15,364.1678161621094
2022-07-18,361.160888671875
2022-07-19,370.919189453125
2022-07-20,373.2831726074219
2022-07-21,377.0843200683594
2022-07-22,373.585693359375
2022-07-25,374.0396423339844
2022-07-26,369.6143493652344
2022-07-27,379.2119140625
2022-07-28,383.9681091308594
2022-07-29,389.5658874511719
2022-08-01,388.4123229980469
2022-08-02,385.8497619628906
2022-08-03,391.8919677734375
2022-08-04,391.6272277832031
2022-08-05,390.9653625488281
2022-08-08,390.51141357421875
2022-08-09,388.96075439453125
2022-08-10,397.1304931640625
2022-08-11,397.1304931640625
2022-08-12,403.853515625
2022-08-15,405.5177001953125
2022-08-16,406.31195068359375
2022-08-17,403.427978515625
2022-08-18,404.60052490234375
2022-08-19,399.1634216308594
2022-08-22,390.85186767578125
2022-08-23,389.9062805175781
2022-08-24,391.1544494628906
2022-08-25,396.6765441894531
2022-08-26,383.2494201660156
2022-08-29,380.7153625488281
2022-08-30,376.53582763671875
2022-08-31,373.67083740234375
2022-09-01,374.8433837890625
2022-09-02,370.890869140625
2022-09-06,369.491455078125
2022-09-07,376.1294250488281
2022-09-08,378.5877990722656
2022-09-09,384.46929931640625
2022-09-12,388.6014404296875
2022-09-13,371.70404052734375
2022-09-14,373.1224365234375
2022-09-15,368.88629150390625
2022-09-16,366.0720520019531
2022-09-19,368.91094970703125
2022-09-20,364.67633056640625
2022-09-21,358.3149719238281
2022-09-22,355.30523681640625
2022-09-23,349.35211181640625
2022-09-26,345.8960876464844
2022-09-27,345.0131530761719
2022-09-28,351.80169677734375
2022-09-29,344.45294189453125
2022-09-30,339.12652587890625
2022-10-03,348.079833984375
2022-10-04,358.86566162109375
2022-10-05,358.03021240234375
2022-10-06,354.3367614746094
2022-10-07,344.45294189453125
2022-10-10,341.82293701171875
2022-10-11,339.6581726074219
2022-10-12,338.5378112792969
2022-10-13,347.47216796875
2022-10-14,339.55377197265625
2022-10-17,348.2792663574219
2022-10-18,352.3714294433594
2022-10-19,349.8743896484375
2022-10-20,346.94061279296875
2022-10-21,355.3717041015625
2022-10-24,359.7201232910156
2022-10-25,365.46441650390625
2022-10-26,362.71099853515625
2022-10-27,360.77410888671875
2022-10-28,369.357177734375
2022-10-31,366.6892395019531
2022-11-01,365.0846252441406
2022-11-02,355.92242431640625
2022-11-03,352.2574768066406
2022-11-04,357.32757568359375
2022-11-07,360.7455749511719
2022-11-08,362.6920166015625
2022-11-09,355.2197570800781
2022-11-10,374.7406005859375
2022-11-11,378.36749267578125
2022-11-14,375.1488952636719
2022-11-15,378.3484802246094
2022-11-16,375.462158203125
2022-11-17,374.3132629394531
2022-11-18,376.0128479003906
2022-11-21,374.6456298828125
2022-11-22,379.6872863769531
2022-11-23,382.0799255371094
2022-11-25,381.9944152832031
2022-11-28,375.8988952636719
2022-11-29,375.2532958984375
2022-11-30,387.073974609375
2022-12-01,386.7891845703125
2022-12-02,386.34295654296875
2022-12-05,379.3929138183594
2022-12-06,373.924072265625
2022-12-07,373.2879333496094
2022-12-08,376.2122497558594
2022-12-09,373.40185546875
2022-12-12,378.7852478027344
2022-12-13,381.65264892578125
2022-12-14,379.2124938964844
2022-12-15,369.9363708496094
2022-12-16,365.5687255859375
2022-12-19,362.46893310546875
2022-12-20,362.9649658203125
2022-12-21,368.39215087890625
2022-12-22,363.1365966796875
2022-12-23,365.2254333496094
2022-12-27,363.78515625
2022-12-28,359.2641296386719
2022-12-29,365.73095703125
2022-12-30,364.7676696777344
2023-01-03,363.23199462890625
2023-01-04,366.0362243652344
2023-01-05,361.85845947265625
2023-01-06,370.1567077636719
2023-01-09,369.94683837890625
2023-01-10,372.54119873046875
2023-01-11,377.25311279296875
2023-01-12,378.62652587890625
2023-01-13,380.095458984375
2023-01-17,379.3990783691406
2023-01-18,373.4092102050781
2023-01-19,370.6908264160156
2023-01-20,377.5964660644531
2023-01-23,382.1270751953125
2023-01-24,381.7169189453125
2023-01-25,381.8599548339844
2023-01-26,386.0567626953125
2023-01-27,386.94378662109375
2023-01-30,382.08892822265625
2023-01-31,387.7068786621094
2023-02-01,391.82733154296875
2023-02-02,397.53118896484375
2023-02-03,393.3057861328125
2023-02-06,390.9021911621094
2023-02-07,396.0145568847656
2023-02-08,391.68426513671875
2023-02-09,388.2886657714844
2023-02-10,389.1948547363281
2023-02-13,393.76361083984375
2023-02-14,393.5823669433594
2023-02-15,394.86053466796875
2023-02-16,389.4237060546875
2023-02-17,388.45086669921875
2023-02-21,380.6582336425781
2023-02-22,380.13360595703125
2023-02-23,382.15570068359375
2023-02-24,378.0733642578125
2023-02-27,379.3610534667969
2023-02-28,377.95892333984375
2023-03-01,376.5090637207031
2023-03-02,379.43731689453125
2023-03-03,385.5226745605469
2023-03-06,385.7897033691406
2023-03-07,379.8759765625
2023-03-08,380.4960632324219
2023-03-09,373.4759216308594
2023-03-10,368.0869140625
2023-03-13,367.562255859375
2023-03-14,373.6381530761719
2023-03-15,371.3012390136719
2023-03-16,377.8157958984375
2023-03-17,373.3981628417969
2023-03-20,376.9886474609375
2023-03-21,381.93865966796875
2023-03-22,375.427978515625
2023-03-23,376.44281005859375
2023-03-24,378.9130554199219
2023-03-27,379.6215515136719
2023-03-28,378.76947021484375
2023-03-29,384.2748107910156
2023-03-30,386.52490234375
2023-03-31,391.9727478027344
2023-04-03,393.46636962890625
2023-04-04,391.2834167480469
2023-04-05,390.2589111328125
2023-04-06,391.7812194824219
2023-04-10,392.183349609375
2023-04-11,392.28875732421875
2023-04-12,390.6897888183594
2023-04-13,395.8791809082031
2023-04-14,394.9121398925781
2023-04-17,396.3292236328125
2023-04-18,396.5876770019531
2023-04-19,396.5206604003906
2023-04-20,394.35687255859375
2023-04-21,394.6631774902344
2023-04-24,395.074951171875
2023-04-25,388.8035583496094
2023-04-26,387.15673828125
2023-04-27,394.86431884765625
2023-04-28,398.23455810546875
2023-05-01,397.8324890136719
2023-05-02,393.36102294921875
2023-05-03,390.6610412597656
2023-05-04,387.89404296875
2023-05-05,395.074951171875
2023-05-08,395.1802062988281
2023-05-09,393.44720458984375
2023-05-10,395.2855529785156
2023-05-11,394.5962219238281
2023-05-12,394.0791931152344
2023-05-15,395.43878173828125
2023-05-16,392.7961730957031
2023-05-17,397.5643310546875
2023-05-18,401.3941650390625
2023-05-19,400.81005859375
2023-05-22,400.9728088378906
2023-05-23,396.4728698730469
2023-05-24,393.60040283203125
2023-05-25,397.0089416503906
2023-05-26,402.1504821777344
2023-05-30,402.3036804199219
2023-05-31,400.0728759765625
2023-06-01,403.8739013671875
2023-06-02,409.71441650390625
2023-06-05,408.9293212890625
2023-06-06,409.81976318359375
2023-06-07,408.4026794433594
2023-06-08,410.87298583984375
2023-06-09,411.6101379394531
2023-06-12,415.34423828125
2023-06-13,418.08258056640625
2023-06-14,418.5804748535156
2023-06-15,423.7698669433594
2023-06-16,422.326416015625
2023-06-20,420.1353454589844
2023-06-21,417.98260498046875
2023-06-22,419.491455078125
2023-06-23,416.3200988769531
2023-06-26,414.6191711425781
2023-06-27,419.1647033691406
2023-06-28,419.3761291503906
2023-06-29,421.029052734375
2023-06-30,425.9975280761719
2023-07-03,426.4875793457031
2023-07-05,425.8533630371094
2023-07-06,422.5185852050781
2023-07-07,421.4518737792969
2023-07-10,422.5185852050781
2023-07-11,425.2095031738281
2023-07-12,428.63067626953125
2023-07-13,432.03265380859375
2023-07-14,431.76361083984375
2023-07-17,433.2627868652344
2023-07-18,436.4821472167969
2023-07-19,437.4527893066406
2023-07-20,434.5505065917969
2023-07-21,434.5505065917969
2023-07-24,436.49176025390625
2023-07-25,437.68341064453125
2023-07-26,437.75067138671875
2023-07-27,434.8484191894531
2023-07-28,439.105712890625
2023-07-31,439.9418029785156
2023-08-01,438.6828918457031
2023-08-02,432.5804443359375
2023-08-03,431.3407287597656
2023-08-04,429.3898620605469
2023-08-07,433.1378479003906
2023-08-08,431.2542419433594
2023-08-09,428.3712158203125
2023-08-10,428.5249328613281
2023-08-11,428.27508544921875
2023-08-14,430.6391906738281
2023-08-15,425.6226501464844
2023-08-16,422.4994201660156
2023-08-17,419.2800598144531
2023-08-18,419.4818115234375
2023-08-21,422.2110595703125
2023-08-22,421.06744384765625
2023-08-23,425.7572326660156
2023-08-24,419.8565979003906
2023-08-25,422.8165283203125
2023-08-28,425.497802734375
2023-08-29,431.6482849121094
2023-08-30,433.4261169433594
2023-08-31,432.7918395996094
2023-09-01,433.5990905761719
2023-09-05,431.72515869140625
2023-09-06,428.8228454589844
2023-09-07,427.50628662109375
2023-09-08,428.1501159667969
2023-09-11,430.9659423828125
2023-09-12,428.6018371582031
2023-09-13,429.1015625
2023-09-14,432.8014221191406
2023-09-15,427.5869445800781
2023-09-18,427.83770751953125
2023-09-19,426.9504089355469
2023-09-20,423.025390625
2023-09-21,416.0334167480469
2023-09-22,415.0979919433594
2023-09-25,416.8435363769531
2023-09-26,410.7195739746094
2023-09-27,410.88348388671875
2023-09-28,413.26556396484375
2023-09-29,412.2625732421875
2023-10-02,412.0986633300781
2023-10-03,406.582275390625
2023-10-04,409.54296875
2023-10-05,409.3886413574219
2023-10-06,414.24932861328125
2023-10-09,416.9013366699219
2023-10-10,419.0712585449219
2023-10-11,420.78790283203125
2023-10-12,418.2225646972656
2023-10-13,416.1394348144531
2023-10-16,420.5178527832031
2023-10-17,420.4985656738281
2023-10-18,414.8953857421875
2023-10-19,411.25
2023-10-20,406.1965026855469
2023-10-23,405.49249267578125
2023-10-24,408.5496520996094
2023-10-25,402.68609619140625
2023-10-26,397.864013671875
2023-10-27,396.0606384277344
2023-10-30,400.79583740234375
2023-10-31,403.31292724609375
2023-11-01,407.6141662597656
2023-11-02,415.4258728027344
2023-11-03,419.2159729003906
2023-11-06,420.1803283691406
2023-11-07,421.37615966796875
2023-11-08,421.6847839355469
2023-11-09,418.39617919921875
2023-11-10,424.9251708984375
2023-11-13,424.52008056640625
2023-11-14,432.75616455078125
2023-11-15,433.6722717285156
2023-11-16,434.2027282714844
2023-11-17,434.7427978515625
2023-11-20,438.08929443359375
2023-11-21,437.13446044921875
2023-11-22,438.8222351074219
2023-11-24,439.09222412109375
2023-11-27,438.30145263671875
2023-11-28,438.7353820800781
2023-11-29,438.4267883300781
2023-11-30,440.153076171875
2023-12-01,442.7569580078125
2023-12-04,440.4327697753906
2023-12-05,440.3459777832031
2023-12-06,438.5715026855469
2023-12-07,441.91796875
2023-12-08,443.8178405761719
2023-12-11,445.5440979003906
2023-12-12,447.5790100097656
2023-12-13,453.7511291503906
2023-12-14,455.2074279785156
2023-12-15,454.4578857421875
2023-12-18,457.0142822265625
2023-12-19,459.7933349609375
2023-12-20,453.42181396484375
2023-12-21,457.72113037109375
2023-12-22,458.64105224609375
2023-12-26,460.57763671875
2023-12-27,461.410400390625
2023-12-28,461.58465576171875
2023-12-29,460.2484436035156
2024-01-02,457.6726989746094
2024-01-03,453.93505859375
2024-01-04,452.47283935546875
2024-01-05,453.0925598144531
2024-01-08,459.5609436035156
2024-01-09,458.8637390136719
2024-01-10,461.45880126953125
2024-01-11,461.25543212890625
2024-01-12,461.5749816894531
2024-01-16,459.8804931640625
2024-01-17,457.32415771484375
2024-01-18,461.39105224609375
2024-01-19,467.1427917480469
2024-01-22,468.1304931640625
2024-01-23,469.4957580566406
2024-01-24,470.009033203125
2024-01-25,472.56536865234375
2024-01-26,471.9649658203125
2024-01-29,475.70263671875
2024-01-30,475.33465576171875
2024-01-31,467.57855224609375
2024-02-01,473.69830322265625
2024-02-02,478.6851501464844
2024-02-05,476.9421081542969
2024-02-06,478.326904296875
2024-02-07,482.3162536621094
2024-02-08,482.529296875
2024-02-09,485.3180847167969
2024-02-12,485.10498046875
2024-02-13,478.42364501953125
2024-02-14,482.7713623046875
2024-02-15,486.1023864746094
2024-02-16,483.6816101074219
2024-02-20,481.01873779296875
2024-02-21,481.4544677734375
2024-02-22,491.4184265136719
2024-02-23,491.75732421875
2024-02-26,489.95623779296875
2024-02-27,490.86639404296875
2024-02-28,490.2176513671875
2024-02-29,491.98004150390625
2024-03-01,496.5989074707031
2024-03-04,496.0662841796875
2024-03-05,491.10858154296875
2024-03-06,493.5970764160156
2024-03-07,498.49676513671875
2024-03-08,495.5046691894531
2024-03-11,495.07861328125
2024-03-12,500.40435791015625
2024-03-13,499.61993408203125
2024-03-14,498.63232421875
2024-03-15,495.20843505859375
2024-03-18,498.1515197753906
2024-03-19,500.9198303222656
2024-03-20,505.55291748046875
2024-03-21,507.2236633300781
2024-03-22,506.2620544433594
2024-03-25,504.8634338378906
2024-03-26,503.930908203125
2024-03-27,508.1658935546875
2024-03-28,508.0687561035156
2024-04-01,507.1847839355469
2024-04-02,503.9601135253906
2024-04-03,504.513671875
2024-04-04,498.35552978515625
2024-04-05,503.5617370605469
2024-04-08,503.8434143066406
2024-04-09,504.42626953125
2024-04-10,499.3753356933594
2024-04-11,503.14410400390625
2024-04-12,496.1991882324219
2024-04-15,489.9826965332031
2024-04-16,489.089111328125
2024-04-17,486.194580078125
2024-04-18,485.194091796875
2024-04-19,480.95916748046875
2024-04-22,485.3883361816406
2024-04-23,491.1482849121094
2024-04-24,490.9151611328125
2024-04-25,489.0502624511719
2024-04-26,493.6834716796875
2024-04-29,495.4317932128906
2024-04-30,487.5835876464844
2024-05-01,486.0003356933594
2024-05-02,490.5460510253906
2024-05-03,496.6265563964844
2024-05-06,501.7550964355469
2024-05-07,502.3088073730469
2024-05-08,502.3572998046875
2024-05-09,505.2518310546875
2024-05-10,505.9026794433594
2024-05-13,505.97064208984375
2024-05-14,508.2920227050781
2024-05-15,514.5862426757812
2024-05-16,513.5274658203125
2024-05-17,514.2657470703125
2024-05-20,514.8582153320312
2024-05-21,516.1210327148438
2024-05-22,514.6349487304688
2024-05-23,510.875732421875
2024-05-24,514.2560424804688
2024-05-28,514.6155395507812
2024-05-29,511.0118103027344
2024-05-30,507.6219177246094
2024-05-31,512.245361328125
2024-06-03,512.6630859375
2024-06-04,513.2362060546875
2024-06-05,519.3361206054688
2024-06-06,519.3262329101562
2024-06-07,518.6949462890625
2024-06-10,520.297607421875
2024-06-11,521.5506591796875
2024-06-12,525.834228515625
2024-06-13,526.8928833007812
2024-06-14,527.2134399414062
2024-06-17,531.4095458984375
2024-06-18,532.7596435546875
2024-06-20,531.3124389648438
2024-06-21,530.6001586914062
2024-06-24,528.8753662109375
2024-06-25,530.911865234375
2024-06-26,531.5745849609375
2024-06-27,532.41259765625
2024-06-28,530.3175659179688
2024-07-01,531.4089965820312
2024-07-02,534.9851684570312
2024-07-03,537.3724975585938
2024-07-05,540.4713134765625
2024-07-08,541.094970703125
2024-07-09,541.6211547851562
2024-07-10,546.980712890625
2024-07-11,542.2643432617188
2024-07-12,545.6846923828125
2024-07-15,547.185302734375
2024-07-16,550.43017578125
2024-07-17,542.712646484375
2024-07-18,538.5419311523438
2024-07-19,534.9656982421875
2024-07-22,540.4811401367188
2024-07-23,539.63330078125
2024-07-24,527.4038696289062
2024-07-25,524.6559448242188
2024-07-26,530.5318603515625
2024-07-29,530.84375
2024-07-30,528.1542358398438
2024-07-31,536.7391967773438
2024-08-01,529.138427734375
2024-08-02,519.2867431640625
2024-08-05,504.16314697265625
2024-08-06,508.8113708496094
2024-08-07,505.4104309082031
2024-08-08,517.0941772460938
2024-08-09,519.3743286132812
2024-08-12,519.6472778320312
2024-08-13,528.1932373046875
2024-08-14,529.8595581054688
2024-08-15,538.9414672851562
2024-08-16,540.149658203125
2024-08-19,545.3143920898438
2024-08-20,544.4276123046875
2024-08-21,546.2985229492188
2024-08-22,542.0109252929688
2024-08-23,547.7698364257812
2024-08-26,546.4641723632812
2024-08-27,547.214599609375
2024-08-28,544.0379028320312
2024-08-29,544.0864868164062
2024-08-30,549.2803955078125
2024-09-03,537.976806640625
2024-09-04,536.8756103515625
2024-09-05,535.5698852539062
2024-09-06,526.55615234375
2024-09-09,532.451416015625
2024-09-10,534.7708740234375
2024-09-11,540.2568359375
2024-09-12,544.8076782226562
2024-09-13,547.6530151367188
2024-09-16,548.4619140625
2024-09-17,548.6859741210938
2024-09-18,547.0586547851562
2024-09-19,556.3938598632812
2024-09-20,555.43212890625
2024-09-23,556.820068359375
2024-09-24,558.413330078125
2024-09-25,557.181640625
2024-09-26,559.3906860351562
2024-09-27,558.579345703125
2024-09-30,560.8177490234375
2024-10-01,555.7937622070312
2024-10-02,556.0283203125
2024-10-03,555.0118408203125
2024-10-04,560.0553588867188
2024-10-07,554.9923095703125
2024-10-08,560.2411499023438
2024-10-09,564.1216430664062
2024-10-10,563.1343383789062
2024-10-11,566.506591796875
2024-10-14,571.1395874023438
2024-10-15,566.7020874023438
2024-10-16,569.1652221679688
2024-10-17,569.2140502929688
2024-10-18,571.4035034179688
2024-10-21,570.4651489257812
2024-10-22,570.1622314453125
2024-10-23,564.9524536132812
2024-10-24,566.1741943359375
2024-10-25,565.9785766601562
2024-10-28,567.7283935546875
2024-10-29,568.6470947265625
2024-10-30,566.9268188476562
2024-10-31,555.8134155273438
2024-11-01,558.1591186523438
2024-11-04,556.9568481445312
2024-11-05,563.6914672851562
2024-11-06,577.7080688476562
2024-11-07,582.1749267578125
2024-11-08,584.6967163085938
2024-11-11,585.2537841796875
2024-11-12,583.4359130859375
2024-11-13,583.7193603515625
2024-11-14,579.9658813476562
2024-11-15,572.5372924804688
2024-11-18,574.8832397460938
2024-11-19,576.9847412109375
2024-11-20,577.18017578125
2024-11-21,580.2787475585938
2024-11-22,582.0772705078125
2024-11-25,584.0516967773438
2024-11-26,587.101318359375
2024-11-27,585.3223266601562
2024-11-29,588.9583740234375
2024-12-02,590.0139770507812
2024-12-03,590.2877197265625
2024-12-04,593.9530639648438
2024-12-05,592.9757080078125
2024-12-06,594.0997314453125
2024-12-09,591.0403442382812
2024-12-10,589.2027587890625
2024-12-11,593.7576293945312
2024-12-12,590.6983032226562
2024-12-13,590.5809326171875
2024-12-16,593.1027221679688
2024-12-17,590.6591796875
2024-12-18,573.055419921875
2024-12-19,572.8794555664062
2024-12-20,579.7603759765625
2024-12-23,583.2321166992188
2024-12-24,589.7147827148438
2024-12-26,589.7539672851562
2024-12-27,583.5458984375
2024-12-30,576.8867797851562
2024-12-31,574.7880249023438
2025-01-02,573.375732421875
2025-01-03,580.544921875
2025-01-06,583.8892211914062
2025-01-07,577.288818359375
2025-01-08,578.1322631835938
2025-01-10,569.3056030273438
2025-01-13,570.1882934570312
2025-01-14,570.9729614257812
2025-01-15,581.3590087890625
2025-01-16,580.2408447265625
2025-01-17,586.06640625
2025-01-21,591.4309692382812
2025-01-22,594.7556762695312
2025-01-23,598.0018310546875
2025-01-24,596.2561645507812
2025-01-27,587.8218994140625
2025-01-28,592.8726196289062
2025-01-29,590.2149047851562
2025-01-30,593.382568359375
2025-01-31,590.2246704101562
2025-02-03,586.252685546875
2025-02-04,590.1854248046875
2025-02-05,592.5784912109375
2025-02-06,594.637939453125
2025-02-07,589.1949462890625
2025-02-10,593.1962280273438
2025-02-11,593.6474609375
2025-02-12,591.7349853515625
2025-02-13,597.9822387695312
2025-02-14,597.9529418945312
2025-02-18,599.7083740234375
2025-02-19,601.1206665039062
2025-02-20,598.6197509765625
2025-02-21,588.3809814453125
2025-02-24,585.70361328125
2025-02-25,582.790771484375
2025-02-26,583.0848388671875
2025-02-27,573.77783203125
2025-02-28,582.73193359375
2025-03-03,572.5225219726562
2025-03-04,565.74560546875
2025-03-05,571.8260498046875
2025-03-06,561.6755981445312
2025-03-07,564.8236694335938
2025-03-10,549.7792358398438
2025-03-11,545.2091064453125
2025-03-12,548.1021728515625
2025-03-13,540.7957763671875
2025-03-14,551.9662475585938
2025-03-17,556.22265625
2025-03-18,550.2108764648438
2025-03-19,556.2030639648438
2025-03-20,554.5946655273438
2025-03-21,554.7776489257812
2025-03-24,564.712890625
2025-03-25,566.0703735351562
2025-03-26,559.3125
2025-03-27,557.8270263671875
2025-03-28,546.5933837890625
2025-03-31,550.2625122070312
2025-04-01,551.816650390625
2025-04-02,555.3087768554688
2025-04-03,527.9428100585938
2025-04-04,497.03546142578125
2025-04-07,496.1501159667969
2025-04-08,488.3790588378906
2025-04-09,539.6682739257812
2025-04-10,516.0205688476562
2025-04-11,525.2278442382812
2025-04-14,530.3233032226562
2025-04-15,528.837890625
2025-04-16,517.0829467773438
2025-04-17,517.8206787109375
2025-04-21,505.4951171875
2025-04-22,518.64697265625
2025-04-23,526.68359375
2025-04-24,537.769775390625
2025-04-25,541.6553344726562
2025-04-28,541.86181640625
2025-04-29,545.275390625
2025-04-30,545.49169921875
2025-05-01,549.3575439453125
2025-05-02,557.5122680664062
2025-05-05,554.3153076171875
2025-05-06,549.6821899414062
2025-05-07,551.9938354492188
2025-05-08,555.840087890625
2025-05-09,555.1317749023438
2025-05-12,573.4773559570312
2025-05-13,577.2645874023438
2025-05-14,578.00244140625
2025-05-15,580.8255615234375
2025-05-16,584.5045776367188
2025-05-19,585.1439208984375
2025-05-20,583.1765747070312
2025-05-21,573.3495483398438
2025-05-22,573.5758666992188
2025-05-23,569.6607055664062
2025-05-27,581.50439453125
2025-05-28,578.14013671875
2025-05-29,580.4222412109375
2025-05-30,579.7730712890625
2025-06-02,583.0388793945312
2025-06-03,586.36376953125
2025-06-04,586.206298828125
2025-06-05,583.373291015625
2025-06-06,589.364013671875
2025-06-09,589.8950805664062
2025-06-10,593.2396850585938
2025-06-11,591.5476684570312
2025-06-12,593.8987426757812
2025-06-13,587.2588500976562
2025-06-16,592.84619140625
2025-06-17,587.7801513671875
2025-06-18,587.691650390625
2025-06-20,586.3114624023438
2025-06-23,592.1026611328125
2025-06-24,598.6438598632812
2025-06-25,598.979248046875
2025-06-26,603.6655883789062
2025-06-27,606.6648559570312
2025-06-30,609.5653686523438
2025-07-01,609.3681030273438
2025-07-02,612.1305541992188
2025-07-03,616.9549560546875
2025-07-07,612.357421875
2025-07-08,612.0220336914062
2025-07-09,615.692138671875
2025-07-10,617.4285278320312
2025-07-11,615.2579956054688
2025-07-14,616.4320678710938
2025-07-15,613.7979125976562
2025-07-16,615.8499145507812
2025-07-17,619.6187744140625
2025-07-18,619.1649169921875
2025-07-21,620.3389892578125
2025-07-22,620.4276733398438
2025-07-23,625.7060546875
2025-07-24,625.9132080078125
2025-07-25,628.5572509765625
2025-07-28,628.3994140625
2025-07-29,626.741943359375
2025-07-30,625.9526977539062
2025-07-31,623.6046142578125
2025-08-01,613.3834838867188
2025-08-04,622.7067260742188
2025-08-05,619.5496215820312
2025-08-06,624.2952880859375
2025-08-07,623.7723388671875
2025-08-08,628.63623046875
2025-08-11,627.39306640625
2025-08-12,634.0723266601562
2025-08-13,636.2428588867188
2025-08-14,636.3020629882812
2025-08-15,634.8123168945312
2025-08-18,634.674072265625
2025-08-19,631.23095703125
2025-08-20,629.5537719726562
2025-08-21,627.028076171875
2025-08-22,636.6571655273438
2025-08-25,633.855224609375
2025-08-26,636.5092163085938
2025-08-27,637.95947265625
2025-08-28,640.2188110351562
2025-08-29,636.400634765625
2025-09-02,631.6847534179688
2025-09-03,635.1082153320312
2025-09-04,640.4161376953125
2025-09-05,638.5612182617188
2025-09-08,640.1300048828125
2025-09-09,641.60986328125
2025-09-10,643.4647216796875
2025-09-11,648.8119506835938
2025-09-12,648.5948486328125
2025-09-15,652.0479736328125
2025-09-16,651.1502075195312
2025-09-17,650.3412475585938
2025-09-18,653.3798828125
2025-09-19,656.6160278320312
2025-09-22,659.7225341796875
2025-09-23,656.1312866210938
2025-09-24,654.043701171875
2025-09-25,651.0263061523438
2025-09-26,654.756103515625
2025-09-29,656.5962524414062
2025-09-30,659.0695190429688
2025-10-01,661.3153076171875
2025-10-02,662.0770263671875
2025-10-03,662.0671997070312
2025-10-06,664.4415283203125
2025-10-07,661.9781494140625
2025-10-08,665.925537109375
2025-10-09,663.996337890625
2025-10-10,646.0499877929688
2025-10-13,655.9630126953125
2025-10-14,655.1616821289062
2025-10-15,658.0703125
2025-10-16,653.588623046875
2025-10-17,657.2986450195312
2025-10-20,664.1348876953125
2025-10-21,664.1249389648438
2025-10-22,660.6722412109375
2025-10-23,664.5899658203125
2025-10-24,670.0213623046875
2025-10-27,677.9260864257812
2025-10-28,679.7266235351562
2025-10-29,680.0531616210938
2025-10-30,672.5738525390625
2025-10-31,674.7799682617188
2025-11-03,676.04638671875
2025-11-04,668.0328369140625
2025-11-05,670.3478393554688
2025-11-06,663.1554565429688
2025-11-07,663.808349609375
2025-11-10,674.1666259765625
2025-11-11,675.7099609375
2025-11-12,676.0859985351562
2025-11-13,664.8670043945312
2025-11-14,664.7581176757812
2025-11-17,658.56494140625
2025-11-18,653.0346069335938
2025-11-19,655.5574340820312
2025-11-20,645.5652465820312
2025-11-21,651.9959106445312
2025-11-24,661.5922241210938
2025-11-25,667.815185546875
2025-11-26,672.4254760742188
2025-11-28,676.0958251953125
2025-12-01,673.0090942382812
2025-12-02,674.2557373046875
2025-12-03,676.5905151367188
2025-12-04,677.0851440429688
2025-12-05,678.3712768554688
2025-12-08,676.3333129882812
2025-12-09,675.74951171875
2025-12-10,680.2312622070312
2025-12-11,681.8141479492188
2025-12-12,674.4832763671875
2025-12-15,673.4641723632812
2025-12-16,671.6240844726562
2025-12-17,664.2338256835938
2025-12-18,669.2496337890625
2025-12-19,675.3153686523438
2025-12-22,679.5225219726562
2025-12-23,682.628173828125
2025-12-24,685.0294799804688
2025-12-26,684.9600219726562
2025-12-29,682.51904296875
2025-12-30,681.6856079101562
2025-12-31,676.635009765625
2026-01-02,677.8753051757812
2026-01-05,682.3900146484375
2026-01-06,686.4483642578125
2026-01-07,684.2356567382812
2026-01-08,684.1661987304688
2026-01-09,688.6908569335938
2026-01-12,689.7723999023438
2026-01-13,688.3931884765625
2026-01-14,685.0096435546875
2026-01-15,686.8750610351562
2026-01-16,686.2994995117188
2026-01-20,672.32861328125
2026-01-21,680.0880737304688
2026-01-22,683.6403198242188
2026-01-23,683.8883056640625
2026-01-26,687.3612060546875
2026-01-27,690.0997924804688
2026-01-28,690.0303344726562
2026-01-29,688.6610717773438
2026-01-30,686.6071166992188
2026-02-02,690.0205078125
2026-02-03,684.18603515625
2026-02-04,680.8719482421875
2026-02-05,672.3683471679688
2026-02-06,685.267578125
2026-02-09,688.5718383789062
2026-02-10,686.7559204101562
2026-02-11,686.5972290039062
2026-02-12,675.9901123046875
2026-02-13,676.46630859375
2026-02-17,677.5578002929688
2026-02-18,680.9711303710938
2026-02-19,679.1751098632812
2026-02-20,684.0868530273438
2026-02-23,677.1013793945312
2026-02-24,682.0228881835938
2026-02-25,687.7780151367188
2026-02-26,683.957763671875
2026-02-27,680.6734619140625
2026-03-02,681.0604858398438
2026-03-03,675.057373046875
2026-03-04,679.8201293945312
2026-03-05,676.02978515625
2026-03-06,667.1689453125
2026-03-09,673.0133666992188
2026-03-10,671.9317626953125
2026-03-11,671.08837890625
2026-03-12,660.89794921875
2026-03-13,657.1571655273438
2026-03-16,663.844970703125
2026-03-17,665.5912475585938
2026-03-18,656.3037719726562
2026-03-19,654.6864624023438
2026-03-20,645.301025390625
2026-03-23,652.07666015625
2026-03-24,649.8877563476562
2026-03-25,653.5093994140625
2026-03-26,641.8385620117188
2026-03-27,630.8939819335938
2026-03-30,628.78466796875
2026-03-31,647.0620727539062
2026-04-01,651.9373779296875
2026-04-02,652.5244140625
2026-04-06,655.6088256835938
2026-04-07,655.8972778320312
2026-04-08,672.6027221679688
2026-04-09,676.4829711914062
2026-04-10,676.0353393554688
2026-04-13,682.641845703125
2026-04-14,690.959716796875
2026-04-15,696.412109375
2026-04-16,698.1234130859375
2026-04-17,706.5607299804688
2026-04-20,705.1477661132812
2026-04-21,700.53125
2026-04-22,707.6253051757812
2026-04-23,704.8792114257812
2026-04-24,710.341552734375
2026-04-27,711.5653076171875
2026-04-28,708.1028442382812
2026-04-29,707.993408203125
2026-04-30,715.0377197265625
2026-05-01,717.0177001953125
2026-05-04,714.3909912109375
2026-05-05,720.1220092773438
2026-05-06,730.1312866210938
2026-05-07,727.8926391601562
2026-05-08,733.9021606445312
2026-05-11,735.5736694335938
2026-05-12,734.4593505859375
2026-05-13,738.5685424804688
2026-05-14,744.3989868164062
2026-05-15,735.4443969726562
2026-05-18,734.927001953125
2026-05-19,730.0317993164062
2026-05-20,737.5138549804688
2026-05-21,738.9764404296875
2026-05-22,741.8817749023438
2026-05-26,746.8068237304688
2026-05-27,746.677490234375
2026-05-28,750.7965698242188
2026-05-29,752.6671142578125
2026-06-01,754.7167358398438
2026-06-02,755.7415771484375
2026-06-03,750.4384155273438
2026-06-04,753.2740478515625
2026-06-05,733.83251953125
2026-06-08,735.4940795898438
2026-06-09,733.3350219726562
2026-06-10,721.7736206054688
2026-06-11,734.04150390625
2026-06-12,738.0113525390625
2026-06-15,751.0254516601562
2026-06-16,746.5481567382812
2026-06-17,737.225341796875
2026-06-18,744.8902587890625
2026-06-22,742.546142578125
2026-06-23,731.7628784179688
2026-06-24,731.4237060546875
2026-06-25,732.4810791015625
2026-06-26,727.1842651367188
2026-06-29,739.1644897460938
2026-06-30,744.9202270507812
2026-07-01,743.9127197265625
2026-07-02,742.9351806640625
2026-07-06,749.4190673828125
2026-07-07,745.85791015625
2026-07-08,743.5536499023438
2026-07-09,749.8480224609375
2026-07-10,753.0799560546875
2026-07-13,747.3142700195312
2026-07-14,749.9677124023438
2026-07-15,752.9403076171875
2026-07-16,748.8604125976562
2026-07-17,741.4487915039062
2026-07-20,740.2518310546875
2026-07-21,746.426513671875
2026-07-22,745.55859375
2026-07-23,736.3515014648438
2026-07-24,737.099609375
2026-07-27,737.25927734375
2026-07-28,739.0248413085938
2026-07-29,727.6531372070312
2026-07-30,739.852783203125
2026-07-31,745.1796264648438
2026-08-03,755.793212890625
2026-08-04,769.4193725585938
2026-08-05,767.8831787109375
2026-08-06,766.65625
2026-08-07,771.3446044921875
2026-08-10,771.1151733398438
2026-08-11,768.6513061523438
2026-08-12,770.5764770507812
2026-08-13,775.9531860351562
2026-08-14,774.4169921875
2026-08-17,770.7560424804688
2026-08-18,765.5490112304688
2026-08-19,767.1549682617188
2026-08-20,760.7109985351562
2026-08-21,763.8232421875
2026-08-24,761.5787963867188
2026-08-25,764.0127563476562
2026-08-26,764.182373046875
2026-08-27,769.18994140625
2026-08-28,767.4442749023438
2026-08-31,765.1499633789062
2026-09-01,759.89306640625
2026-09-02,763.2646484375
2026-09-03,771.2548217773438
2026-09-04,768.2822265625
2026-09-08,764.0626831054688
2026-09-09,760.5115356445312
2026-09-10,755.9528198242188
2026-09-11,762.3967895507812
2026-09-14,758.9952392578125
2026-09-15,755.513916015625
2026-09-16,752.1821899414062
2026-09-17,760.7109985351562
2026-09-18,761.6900024414062
