Date,adj_close
2002-07-30,35.55564880371094
2002-07-31,35.99618148803711
2002-08-01,36.20116424560547
2002-08-02,36.57187271118164
2002-08-05,36.73330307006836
2002-08-06,36.41922378540039
2002-08-07,36.50648498535156
2002-08-08,36.50648498535156
2002-08-09,37.021141052246094
2002-08-12,37.247947692871094
2002-08-13,37.705894470214844
2002-08-14,37.849830627441406
2002-08-15,37.51835632324219
2002-08-16,37.09966278076172
2002-08-19,37.21304702758789
2002-08-20,37.62738037109375
2002-08-21,37.42678451538086
2002-08-22,37.09966278076172
2002-08-23,37.46604919433594
2002-08-26,37.50092697143555
2002-08-27,37.265411376953125
2002-08-28,37.45292663574219
2002-08-29,37.7538948059082
2002-08-30,37.98069381713867
2002-09-03,38.56456756591797
2002-09-04,38.555809020996094
2002-09-05,38.766082763671875
2002-09-06,38.310569763183594
2002-09-09,38.25355911254883
2002-09-10,38.437557220458984
2002-09-11,38.23606872558594
2002-09-12,38.5339469909668
2002-09-13,38.888755798339844
2002-09-16,38.95442199707031
2002-09-17,39.0289306640625
2002-09-18,39.03765869140625
2002-09-19,39.300472259521484
2002-09-20,39.11649703979492
2002-09-23,39.46699523925781
2002-09-24,39.72100830078125
2002-09-25,39.2391471862793
2002-09-26,39.14717483520508
2002-09-27,39.440643310546875
2002-09-30,39.598388671875
2002-10-01,39.107215881347656
2002-10-02,39.331459045410156
2002-10-03,39.2347412109375
2002-10-04,39.35784912109375
2002-10-07,39.42381286621094
2002-10-08,39.43695831298828
2002-10-09,39.639225006103516
2002-10-10,39.32706832885742
2002-10-11,38.860984802246094
2002-10-14,38.80379867553711
2002-10-15,37.88482666015625
2002-10-16,37.90245056152344
2002-10-17,37.44075012207031
2002-10-18,37.53748321533203
2002-10-21,37.17250061035156
2002-10-22,37.06698226928711
2002-10-23,37.080196380615234
2002-10-24,37.405521392822266
2002-10-25,37.5418701171875
2002-10-28,37.489097595214844
2002-10-29,37.97718811035156
2002-10-30,37.96393585205078
2002-10-31,38.13547134399414
2002-11-01,37.97605895996094
2002-11-04,37.80817413330078
2002-11-05,37.662410736083984
2002-11-06,37.81257247924805
2002-11-07,38.74897384643555
2002-11-08,39.06256866455078
2002-11-11,39.27459716796875
2002-11-12,39.04928970336914
2002-11-13,39.13323211669922
2002-11-14,38.32053756713867
2002-11-15,38.47511672973633
2002-11-18,38.647403717041016
2002-11-19,38.7886962890625
2002-11-20,38.40886688232422
2002-11-21,38.03784942626953
2002-11-22,38.00250244140625
2002-11-25,37.93183135986328
2002-11-26,38.40886688232422
2002-11-27,37.54316711425781
2002-11-29,37.786075592041016
2002-12-02,37.82114791870117
2002-12-03,37.874393463134766
2002-12-04,38.06959915161133
2002-12-05,38.167232513427734
2002-12-06,38.233795166015625
2002-12-09,38.446781158447266
2002-12-10,38.548805236816406
2002-12-11,38.806182861328125
2002-12-12,38.77069091796875
2002-12-13,38.39350509643555
2002-12-16,38.10511779785156
2002-12-17,38.10511779785156
2002-12-18,38.40239715576172
2002-12-19,38.744014739990234
2002-12-20,38.77069091796875
2002-12-23,38.779537200927734
2002-12-24,38.99695587158203
2002-12-26,39.072410583496094
2002-12-27,39.502811431884766
2002-12-30,39.5959358215332
2002-12-31,39.496063232421875
2003-01-02,38.474891662597656
2003-01-03,38.5640869140625
2003-01-06,38.46150207519531
2003-01-07,38.599754333496094
2003-01-08,38.79148864746094
2003-01-09,38.04680252075195
2003-01-10,38.144866943359375
2003-01-13,38.20730972290039
2003-01-14,38.34115219116211
2003-01-15,38.528404235839844
2003-01-16,38.5818977355957
2003-01-17,38.77366638183594
2003-01-21,38.996620178222656
2003-01-22,39.18836212158203
2003-01-23,38.996620178222656
2003-01-24,39.22850799560547
2003-01-27,39.0858154296875
2003-01-28,39.0858154296875
2003-01-29,38.87175369262695
2003-01-30,39.161590576171875
2003-01-31,39.26865768432617
2003-02-03,39.325904846191406
2003-02-04,39.50042724609375
2003-02-05,39.16033935546875
2003-02-06,39.47808074951172
2003-02-07,39.56758499145508
2003-02-10,39.2901496887207
2003-02-11,39.281192779541016
2003-02-12,39.41989517211914
2003-02-13,39.634681701660156
2003-02-14,39.294578552246094
2003-02-18,39.343807220458984
2003-02-19,39.61229705810547
2003-02-20,39.7465705871582
2003-02-21,39.51387023925781
2003-02-24,39.70181655883789
2003-02-25,39.885292053222656
2003-02-26,40.16274642944336
2003-02-27,40.229854583740234
2003-02-28,40.48490905761719
2003-03-03,40.53434753417969
2003-03-04,40.561309814453125
2003-03-05,40.696022033691406
2003-03-06,40.53882598876953
2003-03-07,40.6780891418457
2003-03-10,40.889198303222656
2003-03-11,40.81731414794922
2003-03-12,40.965518951416016
2003-03-13,40.21089553833008
2003-03-14,40.408592224121094
2003-03-17,39.9234504699707
2003-03-18,39.5461311340332
2003-03-19,39.254180908203125
2003-03-20,39.1912727355957
2003-03-21,38.652259826660156
2003-03-24,39.26314926147461
2003-03-25,39.218231201171875
2003-03-26,39.299049377441406
2003-03-27,39.3260383605957
2003-03-28,39.41584396362305
2003-03-31,39.93241500854492
2003-04-01,39.81875228881836
2003-04-02,39.403751373291016
2003-04-03,39.38119125366211
2003-04-04,39.268394470214844
2003-04-07,39.17816162109375
2003-04-08,39.493980407714844
2003-04-09,39.611244201660156
2003-04-10,39.42628860473633
2003-04-11,39.36314392089844
2003-04-14,39.25484848022461
2003-04-15,39.466880798339844
2003-04-16,39.629302978515625
2003-04-17,39.69244384765625
2003-04-21,39.60675048828125
2003-04-22,39.58417510986328
2003-04-23,39.6654052734375
2003-04-24,40.021759033203125
2003-04-25,40.111968994140625
2003-04-28,40.0488166809082
2003-04-29,39.98112106323242
2003-04-30,40.351043701171875
2003-05-01,40.37052536010742
2003-05-02,40.05310821533203
2003-05-05,40.2662467956543
2003-05-06,40.46580505371094
2003-05-07,40.93739700317383
2003-05-08,41.037208557128906
2003-05-09,41.07802200317383
2003-05-12,41.33648681640625
2003-05-13,41.42720413208008
2003-05-14,42.062076568603516
2003-05-15,42.19363784790039
2003-05-16,42.50202941894531
2003-05-19,42.35685729980469
2003-05-20,42.982704162597656
2003-05-21,42.978126525878906
2003-05-22,43.359100341796875
2003-05-23,43.46792984008789
2003-05-27,42.68341827392578
2003-05-28,42.610816955566406
2003-05-29,42.982704162597656
2003-05-30,42.90111541748047
2003-06-02,42.585914611816406
2003-06-03,42.92752456665039
2003-06-04,43.054988861083984
2003-06-05,42.718017578125
2003-06-06,42.87284469604492
2003-06-09,43.15975570678711
2003-06-10,43.67436599731445
2003-06-11,43.61976623535156
2003-06-12,43.96128845214844
2003-06-13,44.25732421875
2003-06-16,43.83835220336914
2003-06-17,43.492210388183594
2003-06-18,42.93661880493164
2003-06-19,42.854637145996094
2003-06-20,42.69523620605469
2003-06-23,42.95026397705078
2003-06-24,43.34646987915039
2003-06-25,42.65424346923828
2003-06-26,42.080406188964844
2003-06-27,41.93012237548828
2003-06-30,42.12595748901367
2003-07-01,41.917057037353516
2003-07-02,42.02220153808594
2003-07-03,41.41878128051758
2003-07-07,41.15359878540039
2003-07-08,41.1901741027832
2003-07-09,41.32272720336914
2003-07-10,41.30904006958008
2003-07-11,41.50559997558594
2003-07-14,41.03015899658203
2003-07-15,40.07013702392578
2003-07-16,40.298683166503906
2003-07-17,40.17527389526367
2003-07-18,40.092952728271484
2003-07-21,39.24263000488281
2003-07-22,39.43466567993164
2003-07-23,39.56723403930664
2003-07-24,39.21982955932617
2003-07-25,39.114654541015625
2003-07-28,38.588932037353516
2003-07-29,38.063194274902344
2003-07-30,38.492889404296875
2003-07-31,37.92147445678711
2003-08-01,37.89299774169922
2003-08-04,38.21906280517578
2003-08-05,37.67251968383789
2003-08-06,38.416526794433594
2003-08-07,38.577293395996094
2003-08-08,38.42111587524414
2003-08-11,38.228240966796875
2003-08-12,38.049171447753906
2003-08-13,37.314327239990234
2003-08-14,37.68173599243164
2003-08-15,37.658782958984375
2003-08-18,37.83330535888672
2003-08-19,38.416526794433594
2003-08-20,38.2098503112793
2003-08-21,38.11800765991211
2003-08-22,38.2879638671875
2003-08-25,37.98944854736328
2003-08-26,38.2879638671875
2003-08-27,38.1134147644043
2003-08-28,38.50840377807617
2003-08-29,38.416526794433594
2003-09-02,37.854671478271484
2003-09-03,37.914649963378906
2003-09-04,38.126834869384766
2003-09-05,38.78187942504883
2003-09-08,38.38052749633789
2003-09-09,38.65737533569336
2003-09-10,39.04945755004883
2003-09-11,38.795711517333984
2003-09-12,39.06329345703125
2003-09-15,39.003326416015625
2003-09-16,38.943336486816406
2003-09-17,39.42772674560547
2003-09-18,39.455379486083984
2003-09-19,39.50151062011719
2003-09-22,39.18783950805664
2003-09-23,39.455379486083984
2003-09-24,39.79676818847656
2003-09-25,39.995121002197266
2003-09-26,40.354942321777344
2003-09-29,40.0319938659668
2003-09-30,40.696319580078125
2003-10-01,40.542049407958984
2003-10-02,40.356746673583984
2003-10-03,39.50901794433594
2003-10-06,39.68045425415039
2003-10-07,39.22182083129883
2003-10-08,39.21259307861328
2003-10-09,38.934635162353516
2003-10-10,39.16627502441406
2003-10-13,39.01336669921875
2003-10-14,38.744693756103516
2003-10-15,38.554771423339844
2003-10-16,38.401947021484375
2003-10-17,38.69835662841797
2003-10-20,38.828102111816406
2003-10-21,38.9716911315918
2003-10-22,39.3515510559082
2003-10-23,39.064353942871094
2003-10-24,39.49979019165039
2003-10-27,39.421016693115234
2003-10-28,39.62948989868164
2003-10-29,39.27276611328125
2003-10-30,39.09675216674805
2003-10-31,39.46271896362305
2003-11-03,39.27577209472656
2003-11-04,39.49899673461914
2003-11-05,39.22922134399414
2003-11-06,38.86176681518555
2003-11-07,38.838539123535156
2003-11-10,38.80594253540039
2003-11-11,38.810611724853516
2003-11-12,39.094337463378906
2003-11-13,39.69902420043945
2003-11-14,39.964107513427734
2003-11-17,40.02463150024414
2003-11-18,40.27113342285156
2003-11-19,39.8245964050293
2003-11-20,40.21064758300781
2003-11-21,40.233909606933594
2003-11-24,39.903663635253906
2003-11-25,40.12233352661133
2003-11-26,39.959468841552734
2003-11-28,39.59667205810547
2003-12-01,39.37603759765625
2003-12-02,39.54431915283203
2003-12-03,39.38540267944336
2003-12-04,39.47417449951172
2003-12-05,40.10521697998047
2003-12-08,39.82479476928711
2003-12-09,39.54431915283203
2003-12-10,39.609764099121094
2003-12-11,39.89491271972656
2003-12-12,39.96965789794922
2003-12-15,39.94632339477539
2003-12-16,40.077186584472656
2003-12-17,40.34831237792969
2003-12-18,40.7129020690918
2003-12-19,40.6988639831543
2003-12-22,40.58666229248047
2003-12-23,40.12861251831055
2003-12-24,40.507232666015625
2003-12-26,40.65678024291992
2003-12-29,40.29221725463867
2003-12-30,40.12861251831055
2003-12-31,40.12860870361328
2004-01-02,39.654273986816406
2004-01-05,39.55096435546875
2004-01-06,39.987762451171875
2004-01-07,40.14741134643555
2004-01-08,40.133304595947266
2004-01-09,40.833030700683594
2004-01-12,40.800132751464844
2004-01-13,41.077213287353516
2004-01-14,41.27915573120117
2004-01-15,41.43410873413086
2004-01-16,41.14298629760742
2004-01-20,41.133628845214844
2004-01-21,41.23218536376953
2004-01-22,41.53274917602539
2004-01-23,41.03495788574219
2004-01-26,40.78606414794922
2004-01-27,41.03963851928711
2004-01-28,40.67805480957031
2004-01-29,40.5935173034668
2004-01-30,40.87530517578125
2004-02-02,40.789459228515625
2004-02-03,40.99698257446289
2004-02-04,40.91679382324219
2004-02-05,40.7564697265625
2004-02-06,41.20445251464844
2004-02-09,41.327049255371094
2004-02-10,41.09598159790039
2004-02-11,41.40248489379883
2004-02-12,41.2280387878418
2004-02-13,41.40248489379883
2004-02-17,41.374210357666016
2004-02-18,41.430789947509766
2004-02-19,41.47325134277344
2004-02-20,41.185569763183594
2004-02-23,41.440223693847656
2004-02-24,41.51567459106445
2004-02-25,41.581695556640625
2004-02-26,41.449623107910156
2004-02-27,41.80803680419922
2004-03-01,41.79193115234375
2004-03-02,41.52680969238281
2004-03-03,41.45105743408203
2004-03-04,41.63568115234375
2004-03-05,42.440555572509766
2004-03-08,42.69148635864258
2004-03-09,42.97559356689453
2004-03-10,42.94717788696289
2004-03-11,43.008731842041016
2004-03-12,42.743568420410156
2004-03-15,42.81459045410156
2004-03-16,43.169742584228516
2004-03-17,43.098655700683594
2004-03-18,42.871421813964844
2004-03-19,42.81459045410156
2004-03-22,43.07500457763672
2004-03-23,43.150779724121094
2004-03-24,43.127044677734375
2004-03-25,42.96139144897461
2004-03-26,42.506858825683594
2004-03-29,42.222816467285156
2004-03-30,42.19438934326172
2004-03-31,42.39796829223633
2004-04-01,42.2591667175293
2004-04-02,41.2135124206543
2004-04-05,40.890281677246094
2004-04-06,41.11370849609375
2004-04-07,41.01864242553711
2004-04-08,40.89979553222656
2004-04-12,40.75250244140625
2004-04-13,40.310428619384766
2004-04-14,40.277164459228516
2004-04-15,40.039493560791016
2004-04-16,40.191612243652344
2004-04-19,40.10599899291992
2004-04-20,39.740074157714844
2004-04-21,39.93491744995117
2004-04-22,40.17256546020508
2004-04-23,39.94441604614258
2004-04-26,40.010963439941406
2004-04-27,40.1630859375
2004-04-28,39.787593841552734
2004-04-29,39.592716217041016
2004-04-30,39.75431823730469
2004-05-03,39.80442428588867
2004-05-04,39.53246307373047
2004-05-05,39.42268371582031
2004-05-06,39.31771469116211
2004-05-07,38.8023796081543
2004-05-10,38.71171569824219
2004-05-11,38.88829040527344
2004-05-12,38.630619049072266
2004-05-13,38.4826774597168
2004-05-14,38.79764175415039
2004-05-17,39.141136169433594
2004-05-18,38.98847961425781
2004-05-19,38.85962677001953
2004-05-20,39.160274505615234
2004-05-21,39.0028076171875
2004-05-24,39.12686538696289
2004-05-25,39.24138641357422
2004-05-26,39.45132827758789
2004-05-27,39.76148986816406
2004-05-28,39.65171432495117
2004-06-01,39.28865432739258
2004-06-02,39.18804931640625
2004-06-03,39.26951217651367
2004-06-04,39.039573669433594
2004-06-07,39.04915237426758
2004-06-08,39.12093734741211
2004-06-09,38.95332336425781
2004-06-10,39.029972076416016
2004-06-14,38.71860885620117
2004-06-15,39.5377197265625
2004-06-16,39.38444137573242
2004-06-17,39.643104553222656
2004-06-18,39.55686950683594
2004-06-21,39.585628509521484
2004-06-22,39.46585464477539
2004-06-23,39.542503356933594
2004-06-24,39.782005310058594
2004-06-25,39.820335388183594
2004-06-28,39.413211822509766
2004-06-29,39.66228485107422
2004-06-30,40.069435119628906
2004-07-01,40.14445495605469
2004-07-02,40.56769561767578
2004-07-06,40.50038528442383
2004-07-07,40.514774322509766
2004-07-08,40.538818359375
2004-07-09,40.58211135864258
2004-07-12,40.63983917236328
2004-07-13,40.519596099853516
2004-07-14,40.53402328491211
2004-07-15,40.57731246948242
2004-07-16,41.115962982177734
2004-07-19,41.14480972290039
2004-07-20,40.77450942993164
2004-07-21,40.66386032104492
2004-07-22,40.721595764160156
2004-07-23,40.85627746582031
2004-07-26,40.66386032104492
2004-07-27,40.11559295654297
2004-07-28,40.120418548583984
2004-07-29,40.211788177490234
2004-07-30,40.68312072753906
2004-08-02,40.736228942871094
2004-08-03,40.90039825439453
2004-08-04,40.91971206665039
2004-08-05,41.03557205200195
2004-08-06,41.72603988647461
2004-08-09,41.5811653137207
2004-08-10,41.43150329589844
2004-08-11,41.61015701293945
2004-08-12,41.69707107543945
2004-08-13,41.832252502441406
2004-08-16,41.68743133544922
2004-08-17,41.924007415771484
2004-08-18,41.721214294433594
2004-08-19,41.822608947753906
2004-08-20,41.783992767333984
2004-08-23,41.54255676269531
2004-08-24,41.566707611083984
2004-08-25,41.71156311035156
2004-08-26,41.94814682006836
2004-08-27,41.919185638427734
2004-08-30,42.11713790893555
2004-08-31,42.377838134765625
2004-09-01,42.421443939208984
2004-09-02,42.00457763671875
2004-09-03,42.009437561035156
2004-09-07,41.96580505371094
2004-09-08,42.3196907043457
2004-09-09,42.15971374511719
2004-09-10,42.222747802734375
2004-09-13,42.40692138671875
2004-09-14,42.45053482055664
2004-09-15,42.353607177734375
2004-09-16,42.83349609375
2004-09-17,42.62023162841797
2004-09-20,42.90138626098633
2004-09-21,43.02742004394531
2004-09-22,43.47340774536133
2004-09-23,43.29890441894531
2004-09-24,43.35220718383789
2004-09-27,43.54127502441406
2004-09-28,43.366783142089844
2004-09-29,42.94500732421875
2004-09-30,42.78022766113281
2004-10-01,42.5665283203125
2004-10-04,42.62976837158203
2004-10-05,42.62976837158203
2004-10-06,42.435089111328125
2004-10-07,42.250144958496094
2004-10-08,42.80990982055664
2004-10-11,42.853694915771484
2004-10-12,42.95105743408203
2004-10-13,43.106788635253906
2004-10-14,43.311248779296875
2004-10-15,43.160335540771484
2004-10-18,43.17982482910156
2004-10-19,43.29177474975586
2004-10-20,43.58866500854492
2004-10-21,43.61790466308594
2004-10-22,43.72010803222656
2004-10-25,43.754188537597656
2004-10-26,43.62277603149414
2004-10-27,43.19441223144531
2004-10-28,43.33559036254883
2004-10-29,43.53516387939453
2004-11-01,43.264366149902344
2004-11-02,43.32789611816406
2004-11-03,43.347469329833984
2004-11-04,43.391441345214844
2004-11-05,42.91737747192383
2004-11-08,42.7658576965332
2004-11-09,42.74141311645508
2004-11-10,42.58013916015625
2004-11-11,42.48724365234375
2004-11-12,42.946693420410156
2004-11-15,42.98580551147461
2004-11-16,42.98580551147461
2004-11-17,43.35234451293945
2004-11-18,43.48433303833008
2004-11-19,43.137306213378906
2004-11-22,43.36216354370117
2004-11-23,43.4158821105957
2004-11-24,43.4158821105957
2004-11-26,43.132442474365234
2004-11-29,42.6729850769043
2004-11-30,42.49217987060547
2004-12-01,42.425899505615234
2004-12-02,42.254127502441406
2004-12-03,42.911766052246094
2004-12-06,43.058956146240234
2004-12-07,43.112972259521484
2004-12-08,43.78528594970703
2004-12-09,43.4957389831543
2004-12-10,43.60372543334961
2004-12-13,43.69694900512695
2004-12-14,43.868736267089844
2004-12-15,44.26621627807617
2004-12-16,43.613529205322266
2004-12-17,43.55465316772461
2004-12-20,43.633121490478516
2004-12-21,43.76564025878906
2004-12-22,43.61845779418945
2004-12-23,43.47612762451172
2004-12-27,43.13753128051758
2004-12-28,43.1031494140625
2004-12-29,43.058956146240234
2004-12-30,43.348514556884766
2004-12-31,43.62194061279297
2005-01-03,43.715553283691406
2005-01-04,43.25739669799805
2005-01-05,43.48891830444336
2005-01-06,43.518470764160156
2005-01-07,43.61700439453125
2005-01-10,43.686004638671875
2005-01-11,43.942176818847656
2005-01-12,44.001258850097656
2005-01-13,44.424896240234375
2005-01-14,44.41999816894531
2005-01-18,44.56781768798828
2005-01-19,44.69585037231445
2005-01-20,44.78456115722656
2005-01-21,44.83378982543945
2005-01-24,45.025943756103516
2005-01-25,44.60224914550781
2005-01-26,44.68601608276367
2005-01-27,44.60224914550781
2005-01-28,45.050559997558594
2005-01-31,45.17861557006836
2005-02-01,45.10696792602539
2005-02-02,45.21074676513672
2005-02-03,45.18604278564453
2005-02-04,45.81404113769531
2005-02-07,46.15523147583008
2005-02-08,46.41734313964844
2005-02-09,46.54093933105469
2005-02-10,45.912940979003906
2005-02-11,45.88325119018555
2005-02-14,46.026668548583984
2005-02-15,45.79426574707031
2005-02-16,45.62120819091797
2005-02-17,45.33441925048828
2005-02-18,44.92893981933594
2005-02-22,44.73112869262695
2005-02-23,44.87946319580078
2005-02-24,44.78055191040039
2005-02-25,44.99816131591797
2005-02-28,44.513553619384766
2005-03-01,44.49967575073242
2005-03-02,44.440155029296875
2005-03-03,44.41535949707031
2005-03-04,44.89649963378906
2005-03-07,45.075069427490234
2005-03-08,44.64848709106445
2005-03-09,43.91929244995117
2005-03-10,44.18715286254883
2005-03-11,43.86473846435547
2005-03-14,44.12760925292969
2005-03-15,43.84983444213867
2005-03-16,44.11772155761719
2005-03-17,44.26152038574219
2005-03-18,43.983768463134766
2005-03-21,43.859779357910156
2005-03-22,43.487754821777344
2005-03-23,43.696083068847656
2005-03-24,43.78538131713867
2005-03-28,43.517478942871094
2005-03-29,43.77543258666992
2005-03-30,43.993690490722656
2005-03-31,44.3111686706543
2005-04-01,44.46055221557617
2005-04-04,44.450599670410156
2005-04-05,44.33604049682617
2005-04-06,44.490421295166016
2005-04-07,44.131935119628906
2005-04-08,44.28630828857422
2005-04-11,44.525230407714844
2005-04-12,44.93852233886719
2005-04-13,44.8289909362793
2005-04-14,44.759246826171875
2005-04-15,45.35173034667969
2005-04-18,45.316890716552734
2005-04-19,45.75502014160156
2005-04-20,45.64051055908203
2005-04-21,45.16255187988281
2005-04-22,45.540924072265625
2005-04-25,45.675357818603516
2005-04-26,45.60567092895508
2005-04-27,45.76497268676758
2005-04-28,46.10350799560547
2005-04-29,46.02387619018555
2005-05-02,46.013858795166016
2005-05-03,46.13877487182617
2005-05-04,45.734046936035156
2005-05-05,45.8390007019043
2005-05-06,45.49919128417969
2005-05-09,45.54419708251953
2005-05-10,45.86896514892578
2005-05-11,46.00886535644531
2005-05-12,46.188743591308594
2005-05-13,46.36860656738281
2005-05-16,46.313655853271484
2005-05-17,46.44361114501953
2005-05-18,46.753387451171875
2005-05-19,46.63347244262695
2005-05-20,46.68840026855469
2005-05-23,47.05318069458008
2005-05-24,47.18305969238281
2005-05-25,46.85330581665039
2005-05-26,46.83830642700195
2005-05-27,46.88827133178711
2005-05-31,47.46790313720703
2005-06-01,48.04912567138672
2005-06-02,48.1644401550293
2005-06-03,47.768310546875
2005-06-06,48.01905059814453
2005-06-07,48.40018844604492
2005-06-08,48.16950607299805
2005-06-09,48.12934875488281
2005-06-10,47.587730407714844
2005-06-13,47.3018798828125
2005-06-14,46.9909553527832
2005-06-15,47.07624053955078
2005-06-16,47.31192398071289
2005-06-17,47.30691146850586
2005-06-20,47.22667694091797
2005-06-21,47.57273483276367
2005-06-22,48.14946365356445
2005-06-23,48.09929656982422
2005-06-24,48.34000778198242
2005-06-27,48.47039794921875
2005-06-28,48.13938903808594
2005-06-29,48.064151763916016
2005-06-30,48.49544906616211
2005-07-01,47.90767288208008
2005-07-05,47.45477294921875
2005-07-06,47.71644592285156
2005-07-07,47.817115783691406
2005-07-08,47.62082290649414
2005-07-11,47.62082290649414
2005-07-12,47.354103088378906
2005-07-13,47.28370666503906
2005-07-14,47.16292953491211
2005-07-15,47.28874206542969
2005-07-18,46.936458587646484
2005-07-19,47.10253143310547
2005-07-20,47.35918426513672
2005-07-21,46.715023040771484
2005-07-22,47.077362060546875
2005-07-25,46.90629577636719
2005-07-26,46.981788635253906
2005-07-27,46.90629577636719
2005-07-28,47.323951721191406
2005-07-29,46.855953216552734
2005-08-01,46.68169021606445
2005-08-02,46.53016662597656
2005-08-03,46.7574348449707
2005-08-04,46.661502838134766
2005-08-05,46.29781723022461
2005-08-08,46.2119255065918
2005-08-09,46.383636474609375
2005-08-10,46.333160400390625
2005-08-11,46.656375885009766
2005-08-12,47.13121795654297
2005-08-15,47.0100212097168
2005-08-16,47.33832931518555
2005-08-17,47.02513885498047
2005-08-18,47.37366485595703
2005-08-19,47.368614196777344
2005-08-22,47.318111419677734
2005-08-23,47.53533172607422
2005-08-24,47.580718994140625
2005-08-25,47.732269287109375
2005-08-26,47.71714401245117
2005-08-29,47.77775955200195
2005-08-30,48.08081817626953
2005-08-31,48.484867095947266
2005-09-01,48.192970275878906
2005-09-02,48.2335205078125
2005-09-06,47.89388656616211
2005-09-07,47.44278335571289
2005-09-08,47.49347686767578
2005-09-09,47.64552688598633
2005-09-12,47.31609344482422
2005-09-13,47.56443786621094
2005-09-14,47.38199234008789
2005-09-15,46.99164962768555
2005-09-16,46.682456970214844
2005-09-19,46.78386688232422
2005-09-20,46.905479431152344
2005-09-21,47.34136962890625
2005-09-22,47.295780181884766
2005-09-23,46.94099044799805
2005-09-26,46.72811508178711
2005-09-27,46.79402542114258
2005-09-28,47.1082649230957
2005-09-29,46.89535903930664
2005-09-30,46.73318099975586
2005-10-03,46.36783981323242
2005-10-04,46.52048873901367
2005-10-05,46.7239990234375
2005-10-06,46.54591751098633
2005-10-07,46.73416519165039
2005-10-10,46.70366287231445
2005-10-11,46.60694885253906
2005-10-12,46.15408706665039
2005-10-13,45.98615646362305
2005-10-14,45.91495132446289
2005-10-17,45.90471267700195
2005-10-18,45.95561599731445
2005-10-19,45.97599792480469
2005-10-20,46.09811019897461
2005-10-21,46.52556610107422
2005-10-24,46.164241790771484
2005-10-25,45.7673454284668
2005-10-26,45.431480407714844
2005-10-27,45.594322204589844
2005-10-28,45.599403381347656
2005-10-31,45.68595504760742
2005-11-01,45.633262634277344
2005-11-02,45.41861343383789
2005-11-03,45.11192321777344
2005-11-04,45.040374755859375
2005-11-07,45.193702697753906
2005-11-08,45.633262634277344
2005-11-09,45.16305160522461
2005-11-10,45.71511459350586
2005-11-11,45.74062728881836
2005-11-14,45.39817428588867
2005-11-15,45.694618225097656
2005-11-16,46.1750602722168
2005-11-17,46.28752136230469
2005-11-18,46.0728645324707
2005-11-21,46.21085739135742
2005-11-22,46.27217102050781
2005-11-23,46.09326171875
2005-11-25,46.26195526123047
2005-11-28,46.49197006225586
2005-11-29,46.0523796081543
2005-11-30,46.001277923583984
2005-12-01,45.92940902709961
2005-12-02,45.94480895996094
2005-12-05,45.73948669433594
2005-12-06,46.2066535949707
2005-12-07,46.032100677490234
2005-12-08,46.3298225402832
2005-12-09,45.96537399291992
2005-12-12,45.8780632019043
2005-12-13,46.047508239746094
2005-12-14,46.51974105834961
2005-12-15,46.40684509277344
2005-12-16,46.56083679199219
2005-12-19,46.60707092285156
2005-12-20,46.550567626953125
2005-12-21,46.468448638916016
2005-12-22,46.83803176879883
2005-12-23,47.125518798828125
2005-12-27,47.510562896728516
2005-12-28,47.3780517578125
2005-12-29,47.48114776611328
2005-12-30,47.37290573120117
2006-01-03,47.31105422973633
2006-01-04,47.424442291259766
2006-01-05,47.36776351928711
2006-01-06,47.28010940551758
2006-01-09,47.31105422973633
2006-01-10,46.92961120605469
2006-01-11,46.85226821899414
2006-01-12,47.166751861572266
2006-01-13,47.4399299621582
2006-01-17,47.65129852294922
2006-01-18,47.63579559326172
2006-01-19,47.49664306640625
2006-01-20,47.62031555175781
2006-01-23,47.604854583740234
2006-01-24,47.37290573120117
2006-01-25,46.85743713378906
2006-01-26,46.65635299682617
2006-01-27,46.65635299682617
2006-01-30,46.60997009277344
2006-01-31,46.738868713378906
2006-02-01,46.578975677490234
2006-02-02,46.666927337646484
2006-02-03,46.99802780151367
2006-02-06,47.09115219116211
2006-02-07,46.86871337890625
2006-02-08,46.76005935668945
2006-02-09,46.97217559814453
2006-02-10,46.71348190307617
2006-02-13,46.71866989135742
2006-02-14,46.55312728881836
2006-02-15,46.666927337646484
2006-02-16,46.67733383178711
2006-02-17,47.04975509643555
2006-02-21,46.97217559814453
2006-02-22,47.29292678833008
2006-02-23,47.17390441894531
2006-02-24,47.10150909423828
2006-02-27,47.02392578125
2006-02-28,47.256710052490234
2006-03-01,46.971168518066406
2006-03-02,46.64414596557617
2006-03-03,46.37415313720703
2006-03-06,45.969234466552734
2006-03-07,46.000396728515625
2006-03-08,45.984806060791016
2006-03-09,46.000396728515625
2006-03-10,45.829078674316406
2006-03-13,45.792686462402344
2006-03-14,46.09905242919922
2006-03-15,45.84983825683594
2006-03-16,46.26513671875
2006-03-17,46.124977111816406
2006-03-20,46.197654724121094
2006-03-21,45.958858489990234
2006-03-22,46.05752182006836
2006-03-23,45.91213607788086
2006-03-24,46.249576568603516
2006-03-27,46.0782585144043
2006-03-28,45.64737319946289
2006-03-29,45.429359436035156
2006-03-30,45.11267852783203
2006-03-31,45.09706497192383
2006-04-03,45.1116828918457
2006-04-04,45.06483840942383
2006-04-05,45.1273193359375
2006-04-06,44.78341293334961
2006-04-07,44.34568405151367
2006-04-10,44.42906188964844
2006-04-11,44.58538818359375
2006-04-12,44.31438446044922
2006-04-13,44.00172424316406
2006-04-17,44.16328048706055
2006-04-18,44.2414436340332
2006-04-19,43.97049331665039
2006-04-20,43.93400573730469
2006-04-21,44.18937301635742
2006-04-24,44.36651611328125
2006-04-25,43.84019088745117
2006-04-26,43.76726531982422
2006-04-27,43.8245735168457
2006-04-28,43.8558464050293
2006-05-01,43.5262451171875
2006-05-02,43.641319274902344
2006-05-03,43.54716491699219
2006-05-04,43.473907470703125
2006-05-05,43.735496520996094
2006-05-08,43.76169204711914
2006-05-09,43.735496520996094
2006-05-10,43.81396484375
2006-05-11,43.59951400756836
2006-05-12,43.23854446411133
2006-05-15,43.411163330078125
2006-05-16,43.735496520996094
2006-05-17,43.46348571777344
2006-05-18,44.05466079711914
2006-05-19,44.169742584228516
2006-05-22,44.263919830322266
2006-05-23,44.23773956298828
2006-05-24,44.25865173339844
2006-05-25,44.08601760864258
2006-05-26,44.05466079711914
2006-05-30,44.03369140625
2006-05-31,43.772159576416016
2006-06-01,43.967491149902344
2006-06-02,44.53474807739258
2006-06-05,44.47700500488281
2006-06-06,44.68708038330078
2006-06-07,44.69758605957031
2006-06-08,44.78689956665039
2006-06-09,45.02326583862305
2006-06-12,45.05999755859375
2006-06-13,45.091522216796875
2006-06-14,44.639801025390625
2006-06-15,44.38243103027344
2006-06-16,44.28266525268555
2006-06-19,44.21963882446289
2006-06-20,44.146080017089844
2006-06-21,44.15659713745117
2006-06-22,43.90448760986328
2006-06-23,43.8151741027832
2006-06-26,43.731143951416016
2006-06-27,43.94651412963867
2006-06-28,43.71543502807617
2006-06-29,43.862464904785156
2006-06-30,44.28791046142578
2006-07-03,44.24415588378906
2006-07-05,43.89087677001953
2006-07-06,44.15977478027344
2006-07-07,44.44451904296875
2006-07-10,44.48670959472656
2006-07-11,44.62910842895508
2006-07-12,44.639617919921875
2006-07-13,44.8136100769043
2006-07-14,44.839969635009766
2006-07-17,44.908546447753906
2006-07-18,44.52359390258789
2006-07-19,44.9454345703125
2006-07-20,45.07722091674805
2006-07-21,44.992855072021484
2006-07-24,44.966548919677734
2006-07-25,44.834716796875
2006-07-26,44.998146057128906
2006-07-27,44.92959213256836
2006-07-28,45.18800735473633
2006-07-31,45.245967864990234
2006-08-01,45.24173355102539
2006-08-02,45.41111755371094
2006-08-03,45.421756744384766
2006-08-04,45.69701385498047
2006-08-07,45.723453521728516
2006-08-08,45.62288284301758
2006-08-09,45.47468566894531
2006-08-10,45.40584945678711
2006-08-11,45.20998001098633
2006-08-14,45.13055419921875
2006-08-15,45.5117301940918
2006-08-16,45.818790435791016
2006-08-17,45.802913665771484
2006-08-18,45.935245513916016
2006-08-21,46.0993537902832
2006-08-22,46.115264892578125
2006-08-23,46.136390686035156
2006-08-24,46.221134185791016
2006-08-25,46.28994369506836
2006-08-28,46.33228302001953
2006-08-29,46.39583206176758
2006-08-30,46.51755905151367
2006-08-31,46.628753662109375
2006-09-01,46.644710540771484
2006-09-05,46.35236740112305
2006-09-06,46.288597106933594
2006-09-07,46.378944396972656
2006-09-08,46.4161491394043
2006-09-11,46.37364959716797
2006-09-12,46.6075325012207
2006-09-13,46.628753662109375
2006-09-14,46.52241897583008
2006-09-15,46.48524856567383
2006-09-18,46.41081619262695
2006-09-19,46.93170928955078
2006-09-20,47.00080108642578
2006-09-21,47.43133544921875
2006-09-22,47.6651725769043
2006-09-25,48.000030517578125
2006-09-26,47.79804992675781
2006-09-27,47.65986633300781
2006-09-28,47.58018493652344
2006-09-29,47.52167892456055
2006-10-02,47.651885986328125
2006-10-03,47.58784866333008
2006-10-04,47.93471145629883
2006-10-05,47.5985221862793
2006-10-06,47.10225296020508
2006-10-09,47.230308532714844
2006-10-10,46.85678482055664
2006-10-11,46.71806335449219
2006-10-12,46.744720458984375
2006-10-13,46.50992202758789
2006-10-16,46.71806335449219
2006-10-17,46.75539016723633
2006-10-18,46.8514289855957
2006-10-19,46.766056060791016
2006-10-20,46.71806335449219
2006-10-23,46.531280517578125
2006-10-24,46.531280517578125
2006-10-25,46.899471282958984
2006-10-26,47.203636169433594
2006-10-27,47.42240905761719
2006-10-30,47.555824279785156
2006-10-31,47.92401123046875
2006-11-01,48.189144134521484
2006-11-02,47.990966796875
2006-11-03,47.42316818237305
2006-11-06,47.56242752075195
2006-11-07,47.78205871582031
2006-11-08,47.95349884033203
2006-11-09,47.92671203613281
2006-11-10,48.13561248779297
2006-11-13,48.12489700317383
2006-11-14,48.312381744384766
2006-11-15,48.13027572631836
2006-11-16,47.91063690185547
2006-11-17,48.183815002441406
2006-11-20,48.25880813598633
2006-11-21,48.37665557861328
2006-11-22,48.45703125
2006-11-24,48.54273223876953
2006-11-27,48.7194938659668
2006-11-28,48.8212890625
2006-11-29,48.70879364013672
2006-11-30,49.030189514160156
2006-12-01,49.15491485595703
2006-12-04,49.240962982177734
2006-12-05,49.009742736816406
2006-12-06,48.91301345825195
2006-12-07,48.87532043457031
2006-12-08,48.52045440673828
2006-12-11,48.730159759521484
2006-12-12,48.83233642578125
2006-12-13,48.396812438964844
2006-12-14,48.219356536865234
2006-12-15,48.24620819091797
2006-12-18,48.262393951416016
2006-12-19,48.19782257080078
2006-12-20,48.192481994628906
2006-12-21,48.434425354003906
2006-12-22,48.06343460083008
2006-12-26,48.2086181640625
2006-12-27,47.8541374206543
2006-12-28,47.746253967285156
2006-12-29,47.70848846435547
2007-01-03,48.04835891723633
2007-01-04,48.339691162109375
2007-01-05,48.129302978515625
2007-01-08,48.21562957763672
2007-01-09,48.21562957763672
2007-01-10,47.99980926513672
2007-01-11,47.71926498413086
2007-01-12,47.49810028076172
2007-01-16,47.60060119628906
2007-01-17,47.45490264892578
2007-01-18,47.60060119628906
2007-01-19,47.47112274169922
2007-01-22,47.58440017700195
2007-01-23,47.27146911621094
2007-01-24,47.26607894897461
2007-01-25,46.92622756958008
2007-01-26,46.888427734375
2007-01-29,46.785945892333984
2007-01-30,46.839874267578125
2007-01-31,47.23372268676758
2007-02-01,47.1768684387207
2007-02-02,47.23643493652344
2007-02-05,47.301456451416016
2007-02-06,47.56147003173828
2007-02-07,47.702274322509766
2007-02-08,47.74024963378906
2007-02-09,47.46935272216797
2007-02-12,47.36103439331055
2007-02-13,47.25808334350586
2007-02-14,47.707679748535156
2007-02-15,47.848548889160156
2007-02-16,48.01647186279297
2007-02-20,48.12480926513672
2007-02-21,48.0435905456543
2007-02-22,47.78355407714844
2007-02-23,48.12480926513672
2007-02-26,48.44444274902344
2007-02-27,49.056556701660156
2007-02-28,48.83445739746094
2007-03-01,48.803462982177734
2007-03-02,49.048160552978516
2007-03-05,49.1297492980957
2007-03-06,48.982906341552734
2007-03-07,49.173221588134766
2007-03-08,49.1297492980957
2007-03-09,48.61314010620117
2007-03-12,48.803462982177734
2007-03-13,49.097103118896484
2007-03-14,48.874141693115234
2007-03-15,48.868743896484375
2007-03-16,48.85785675048828
2007-03-19,48.7545051574707
2007-03-20,48.78170394897461
2007-03-21,48.803462982177734
2007-03-22,48.41738510131836
2007-03-23,48.28141784667969
2007-03-26,48.341243743896484
2007-03-27,48.25968933105469
2007-03-28,48.161773681640625
2007-03-29,48.09653854370117
2007-03-30,48.00411605834961
2007-04-02,48.083763122558594
2007-04-03,48.02377700805664
2007-04-04,48.072898864746094
2007-04-05,47.892757415771484
2007-04-09,47.576229095458984
2007-04-10,47.718135833740234
2007-04-11,47.68535614013672
2007-04-12,47.696311950683594
2007-04-13,47.54888153076172
2007-04-16,47.8109016418457
2007-04-17,48.07831954956055
2007-04-18,48.31850051879883
2007-04-19,48.23657989501953
2007-04-20,48.11109924316406
2007-04-23,48.28574752807617
2007-04-24,48.46586608886719
2007-04-25,48.296653747558594
2007-04-26,47.94733810424805
2007-04-27,47.93642044067383
2007-04-30,48.438560485839844
2007-05-01,48.47362518310547
2007-05-02,48.44624710083008
2007-05-03,48.336666107177734
2007-05-04,48.53382110595703
2007-05-07,48.665340423583984
2007-05-08,48.55577850341797
2007-05-09,48.364036560058594
2007-05-10,48.4791145324707
2007-05-11,48.30925750732422
2007-05-14,48.18329620361328
2007-05-15,48.16684341430664
2007-05-16,48.13399887084961
2007-05-17,47.93677520751953
2007-05-18,47.61906051635742
2007-05-21,47.76150131225586
2007-05-22,47.51496887207031
2007-05-23,47.3780403137207
2007-05-24,47.421871185302734
2007-05-25,47.31231689453125
2007-05-29,47.30683517456055
2007-05-30,47.40545654296875
2007-05-31,47.317813873291016
2007-06-01,47.06923294067383
2007-06-04,47.283687591552734
2007-06-05,46.98671340942383
2007-06-06,46.9647216796875
2007-06-07,46.12334060668945
2007-06-08,46.084835052490234
2007-06-11,45.95283508300781
2007-06-12,45.28742218017578
2007-06-13,45.826358795166016
2007-06-14,45.71085739135742
2007-06-15,46.02435302734375
2007-06-18,45.93086242675781
2007-06-19,46.35979461669922
2007-06-20,45.9858512878418
2007-06-21,45.7658805847168
2007-06-22,46.06283187866211
2007-06-25,46.315773010253906
2007-06-26,46.32680892944336
2007-06-27,46.370784759521484
2007-06-28,46.35979461669922
2007-06-29,46.83823776245117
2007-07-02,47.08445739746094
2007-07-03,46.797401428222656
2007-07-05,46.2729377746582
2007-07-06,46.08523178100586
2007-07-09,46.250885009765625
2007-07-10,47.03474807739258
2007-07-11,46.548973083496094
2007-07-12,46.388877868652344
2007-07-13,46.51582717895508
2007-07-16,46.96296691894531
2007-07-17,46.8636474609375
2007-07-18,47.0402717590332
2007-07-19,47.02925109863281
2007-07-20,47.45433044433594
2007-07-23,47.377044677734375
2007-07-24,47.55372619628906
2007-07-25,47.64755630493164
2007-07-26,48.0450325012207
2007-07-27,48.183040618896484
2007-07-30,48.0450325012207
2007-07-31,48.392791748046875
2007-08-01,48.288047790527344
2007-08-02,48.4100227355957
2007-08-03,48.731422424316406
2007-08-06,48.37671661376953
2007-08-07,48.33793640136719
2007-08-08,47.750484466552734
2007-08-09,47.81697082519531
2007-08-10,47.706153869628906
2007-08-13,47.84471130371094
2007-08-14,47.9721794128418
2007-08-15,47.800376892089844
2007-08-16,48.293617248535156
2007-08-17,48.09965133666992
2007-08-20,48.12733840942383
2007-08-21,48.36012268066406
2007-08-22,48.28252410888672
2007-08-23,48.44879913330078
2007-08-24,48.68709945678711
2007-08-27,48.94208908081055
2007-08-28,49.02516174316406
2007-08-29,48.89213562011719
2007-08-30,49.219139099121094
2007-08-31,49.257965087890625
2007-09-04,49.281314849853516
2007-09-05,49.6763916015625
2007-09-06,49.548458099365234
2007-09-07,50.249576568603516
2007-09-10,50.63910675048828
2007-09-11,50.60013961791992
2007-09-12,50.41091537475586
2007-09-13,49.960227966308594
2007-09-14,50.03253936767578
2007-09-17,50.271820068359375
2007-09-18,49.8934326171875
2007-09-19,49.43157196044922
2007-09-20,48.49665451049805
2007-09-21,48.90845489501953
2007-09-24,49.047550201416016
2007-09-25,48.87505340576172
2007-09-26,48.919586181640625
2007-09-27,49.25902557373047
2007-09-28,49.370365142822266
2007-10-01,49.6524658203125
2007-10-02,49.808929443359375
2007-10-03,49.663604736328125
2007-10-04,49.85356521606445
2007-10-05,49.317298889160156
2007-10-08,49.27813720703125
2007-10-09,49.21671676635742
2007-10-10,49.244651794433594
2007-10-11,49.1943473815918
2007-10-12,48.95414352416992
2007-10-15,48.96533966064453
2007-10-16,48.982112884521484
2007-10-17,49.51837921142578
2007-10-18,49.792137145996094
2007-10-19,50.53510665893555
2007-10-22,50.540706634521484
2007-10-23,50.47370529174805
2007-10-24,50.84796142578125
2007-10-25,50.674766540527344
2007-10-26,50.55746841430664
2007-10-29,50.75297546386719
2007-10-30,50.72508239746094
2007-10-31,50.2669792175293
2007-11-01,50.92008972167969
2007-11-02,51.082828521728516
2007-11-05,51.06037139892578
2007-11-06,50.8134880065918
2007-11-07,50.90329360961914
2007-11-08,50.8134880065918
2007-11-09,51.24554443359375
2007-11-12,51.43070983886719
2007-11-13,51.23993682861328
2007-11-14,51.29603958129883
2007-11-15,51.778564453125
2007-11-16,51.85151672363281
2007-11-19,52.188194274902344
2007-11-20,52.132076263427734
2007-11-21,52.43507385253906
2007-11-23,52.59217071533203
2007-11-26,53.6302490234375
2007-11-27,53.11960983276367
2007-11-28,52.76052474975586
2007-11-29,53.21497344970703
2007-11-30,52.95689010620117
2007-12-03,53.377159118652344
2007-12-04,53.37152099609375
2007-12-05,52.734947204589844
2007-12-06,52.273006439208984
2007-12-07,51.6871223449707
2007-12-10,51.37723922729492
2007-12-11,52.385643005371094
2007-12-12,51.844825744628906
2007-12-13,51.281517028808594
2007-12-14,51.04487228393555
2007-12-17,51.501197814941406
2007-12-18,51.83356857299805
2007-12-19,52.52090072631836
2007-12-20,52.40821075439453
2007-12-21,51.64205551147461
2007-12-24,51.39982604980469
2007-12-26,50.949119567871094
2007-12-27,51.50453186035156
2007-12-28,52.30775833129883
2007-12-31,52.62448501586914
2008-01-02,53.38236618041992
2008-01-03,53.30888748168945
2008-01-04,53.32016372680664
2008-01-07,53.552093505859375
2008-01-08,53.4898567199707
2008-01-09,53.59168243408203
2008-01-10,52.86771011352539
2008-01-11,53.28062438964844
2008-01-14,53.478519439697266
2008-01-15,54.078102111816406
2008-01-16,53.68781280517578
2008-01-17,54.38350296020508
2008-01-18,54.010250091552734
2008-01-22,54.58711242675781
2008-01-23,54.46270751953125
2008-01-24,53.3711051940918
2008-01-25,54.270381927490234
2008-01-28,54.06674575805664
2008-01-29,53.69917678833008
2008-01-30,53.34843826293945
2008-01-31,53.72743606567383
2008-02-01,54.05036163330078
2008-02-04,53.4941520690918
2008-02-05,53.90281677246094
2008-02-06,53.738216400146484
2008-02-07,52.580318450927734
2008-02-08,53.18198013305664
2008-02-11,53.403343200683594
2008-02-12,53.085487365722656
2008-02-13,52.523590087890625
2008-02-14,51.75163650512695
2008-02-15,52.14900588989258
2008-02-19,51.621116638183594
2008-02-20,51.97871780395508
2008-02-21,52.52925491333008
2008-02-22,52.22841262817383
2008-02-25,51.69492721557617
2008-02-26,51.71190643310547
2008-02-27,51.757328033447266
2008-02-28,52.676841735839844
2008-02-29,53.4827880859375
2008-03-03,53.34490203857422
2008-03-04,52.82657241821289
2008-03-05,52.19416046142578
2008-03-06,52.47328186035156
2008-03-07,52.541690826416016
2008-03-10,53.31642532348633
2008-03-11,52.86069869995117
2008-03-12,53.880435943603516
2008-03-13,53.45888900756836
2008-03-14,54.11970520019531
2008-03-17,54.535526275634766
2008-03-18,54.32480239868164
2008-03-19,55.224884033203125
2008-03-20,55.361610412597656
2008-03-24,54.29058074951172
2008-03-25,54.518463134765625
2008-03-26,54.29058074951172
2008-03-27,53.90890121459961
2008-03-28,54.433013916015625
2008-03-31,54.62675094604492
2008-04-01,53.7376594543457
2008-04-02,53.852073669433594
2008-04-03,53.972206115722656
2008-04-04,54.46422576904297
2008-04-07,54.178165435791016
2008-04-08,53.989356994628906
2008-04-09,54.550045013427734
2008-04-10,54.366973876953125
2008-04-11,54.733097076416016
2008-04-14,54.412750244140625
2008-04-15,53.7376594543457
2008-04-16,53.21134567260742
2008-04-17,53.1197624206543
2008-04-18,53.07405090332031
2008-04-21,53.28569030761719
2008-04-22,53.468753814697266
2008-04-23,53.29140853881836
2008-04-24,52.839420318603516
2008-04-25,52.530494689941406
2008-04-28,52.69071960449219
2008-04-29,52.89093780517578
2008-04-30,53.26851272583008
2008-05-01,53.27195358276367
2008-05-02,52.60020446777344
2008-05-05,52.60020446777344
2008-05-06,52.22121810913086
2008-05-07,52.44516372680664
2008-05-08,52.91599655151367
2008-05-09,53.11122512817383
2008-05-12,53.03078079223633
2008-05-13,52.45091247558594
2008-05-14,52.4738655090332
2008-05-15,52.950401306152344
2008-05-16,52.73228073120117
2008-05-19,52.80119705200195
2008-05-20,53.076725006103516
2008-05-21,53.08823776245117
2008-05-22,52.462406158447266
2008-05-23,52.692054748535156
2008-05-27,52.336090087890625
2008-05-28,51.870975494384766
2008-05-29,51.49779510498047
2008-05-30,51.83654022216797
2008-06-02,52.036529541015625
2008-06-03,52.41106033325195
2008-06-04,51.94430923461914
2008-06-05,51.63312911987305
2008-06-06,52.30156707763672
2008-06-09,52.30156707763672
2008-06-10,51.961605072021484
2008-06-11,51.84058380126953
2008-06-12,51.321929931640625
2008-06-13,51.21242141723633
2008-06-16,51.22396469116211
2008-06-17,51.327701568603516
2008-06-18,51.75990676879883
2008-06-19,51.454463958740234
2008-06-20,51.754150390625
2008-06-23,51.86363983154297
2008-06-24,52.20936965942383
2008-06-25,52.2324333190918
2008-06-26,52.583900451660156
2008-06-27,53.20058822631836
2008-06-30,53.212059020996094
2008-07-01,53.08598709106445
2008-07-02,53.36362838745117
2008-07-03,53.24794387817383
2008-07-07,53.49079895019531
2008-07-08,53.83782958984375
2008-07-09,54.07496643066406
2008-07-10,54.069175720214844
2008-07-11,53.300018310546875
2008-07-14,53.768428802490234
2008-07-15,53.75110626220703
2008-07-16,52.77949523925781
2008-07-17,52.507659912109375
2008-07-18,52.31100845336914
2008-07-21,52.513458251953125
2008-07-22,52.253196716308594
2008-07-23,52.14908981323242
2008-07-24,52.658016204833984
2008-07-25,52.13175582885742
2008-07-28,52.658016204833984
2008-07-29,52.444061279296875
2008-07-30,52.49611282348633
2008-07-31,53.01661682128906
2008-08-01,53.133853912353516
2008-08-04,53.01192092895508
2008-08-05,52.61726760864258
2008-08-06,52.402462005615234
2008-08-07,53.25572204589844
2008-08-08,53.40086364746094
2008-08-11,52.89005661010742
2008-08-12,53.383453369140625
2008-08-13,53.197696685791016
2008-08-14,53.540157318115234
2008-08-15,54.004539489746094
2008-08-18,54.219337463378906
2008-08-19,54.01030349731445
2008-08-20,54.16122055053711
2008-08-21,54.062530517578125
2008-08-22,54.02775955200195
2008-08-25,54.56753921508789
2008-08-26,54.61399841308594
2008-08-27,54.706871032714844
2008-08-28,54.71266555786133
2008-08-29,54.4688606262207
2008-09-02,54.975677490234375
2008-09-03,55.208709716796875
2008-09-04,55.6514892578125
2008-09-05,55.622344970703125
2008-09-08,55.855350494384766
2008-09-09,56.40877151489258
2008-09-10,56.05919647216797
2008-09-11,56.03011703491211
2008-09-12,55.30778121948242
2008-09-15,57.10200881958008
2008-09-16,57.090431213378906
2008-09-17,57.375831604003906
2008-09-18,56.53696823120117
2008-09-19,54.742706298828125
2008-09-22,54.7368049621582
2008-09-23,54.52712631225586
2008-09-24,54.765960693359375
2008-09-25,54.65525817871094
2008-09-26,55.05142593383789
2008-09-29,56.653472900390625
2008-09-30,55.2728271484375
2008-10-01,55.96815872192383
2008-10-02,56.4180908203125
2008-10-03,56.914756774902344
2008-10-06,57.949092864990234
2008-10-07,57.773780822753906
2008-10-08,56.943992614746094
2008-10-09,56.464866638183594
2008-10-10,56.06748580932617
2008-10-13,55.34873962402344
2008-10-14,54.99229049682617
2008-10-15,55.51820373535156
2008-10-16,55.23186492919922
2008-10-17,54.85205841064453
2008-10-20,55.290306091308594
2008-10-21,55.582481384277344
2008-10-22,56.710296630859375
2008-10-23,57.13096237182617
2008-10-24,56.52326202392578
2008-10-27,56.56416702270508
2008-10-28,55.74026107788086
2008-10-29,55.459774017333984
2008-10-30,54.95724105834961
2008-10-31,54.24436950683594
2008-11-03,54.39101791381836
2008-11-04,55.41187286376953
2008-11-05,56.06892013549805
2008-11-06,55.66414260864258
2008-11-07,55.30038070678711
2008-11-10,55.57024002075195
2008-11-11,55.73454284667969
2008-11-12,56.092376708984375
2008-11-13,54.748878479003906
2008-11-14,55.83422088623047
2008-11-17,56.080623626708984
2008-11-18,56.80226135253906
2008-11-19,58.257266998291016
2008-11-20,61.26692581176758
2008-11-21,60.38098907470703
2008-11-24,59.436424255371094
2008-11-25,61.184722900390625
2008-11-26,61.26692581176758
2008-11-28,62.02368927001953
2008-12-01,64.39892578125
2008-12-02,64.64618682861328
2008-12-03,64.82866668701172
2008-12-04,66.1060562133789
2008-12-05,65.03474426269531
2008-12-08,64.89338684082031
2008-12-09,66.17668914794922
2008-12-10,66.01774597167969
2008-12-11,66.1472396850586
2008-12-12,66.1472396850586
2008-12-15,66.90078735351562
2008-12-16,68.55484771728516
2008-12-17,70.41500854492188
2008-12-18,71.89244842529297
2008-12-19,71.96898651123047
2008-12-22,71.41574096679688
2008-12-23,71.32157897949219
2008-12-24,71.1684799194336
2008-12-26,71.40396118164062
2008-12-29,71.31834411621094
2008-12-30,71.9975357055664
2008-12-31,70.49144744873047
2009-01-02,68.71957397460938
2009-01-05,66.94762420654297
2009-01-06,66.27436828613281
2009-01-07,66.53418731689453
2009-01-08,66.48104858398438
2009-01-09,66.58147430419922
2009-01-12,67.2724838256836
2009-01-13,67.34334564208984
2009-01-14,68.4537582397461
2009-01-15,68.56592559814453
2009-01-16,67.5087890625
2009-01-20,67.49695587158203
2009-01-21,65.36478424072266
2009-01-22,64.10675048828125
2009-01-23,63.60468673706055
2009-01-26,63.04949188232422
2009-01-27,64.53196716308594
2009-01-28,62.91960144042969
2009-01-29,61.4725227355957
2009-01-30,61.277645111083984
2009-02-02,62.417728424072266
2009-02-03,60.93111038208008
2009-02-04,60.71793746948242
2009-02-05,60.771278381347656
2009-02-06,60.581729888916016
2009-02-09,60.77715301513672
2009-02-10,62.097957611083984
2009-02-11,62.903385162353516
2009-02-12,62.311126708984375
2009-02-13,60.6528434753418
2009-02-17,62.54216384887695
2009-02-18,62.00899887084961
2009-02-19,60.954837799072266
2009-02-20,61.54708480834961
2009-02-23,62.11565399169922
2009-02-24,62.05050277709961
2009-02-25,61.333900451660156
2009-02-26,60.68830490112305
2009-02-27,60.33891296386719
2009-03-02,61.33782958984375
2009-03-03,60.92803192138672
2009-03-04,60.64891815185547
2009-03-05,62.33561325073242
2009-03-06,61.919864654541016
2009-03-09,61.55757141113281
2009-03-10,60.375736236572266
2009-03-11,61.02901840209961
2009-03-12,61.32004165649414
2009-03-13,61.011192321777344
2009-03-16,60.04910659790039
2009-03-17,59.72242736816406
2009-03-18,61.985198974609375
2009-03-19,62.062416076660156
2009-03-20,61.71791076660156
2009-03-23,61.18343734741211
2009-03-24,61.76546859741211
2009-03-25,60.933982849121094
2009-03-26,61.6407585144043
2009-03-27,62.09806823730469
2009-03-30,62.33561325073242
2009-03-31,62.78104782104492
2009-04-01,63.35399627685547
2009-04-02,62.5797004699707
2009-04-03,61.299163818359375
2009-04-06,61.03711700439453
2009-04-07,61.19194793701172
2009-04-08,61.733951568603516
2009-04-09,60.95966339111328
2009-04-13,61.51952362060547
2009-04-14,61.841163635253906
2009-04-15,61.733951568603516
2009-04-16,61.24557113647461
2009-04-17,60.572540283203125
2009-04-20,61.4897575378418
2009-04-21,60.88227462768555
2009-04-22,60.51297378540039
2009-04-23,60.507015228271484
2009-04-24,59.899497985839844
2009-04-27,60.15562057495117
2009-04-28,59.17291259765625
2009-04-29,58.64875411987305
2009-04-30,58.41645812988281
2009-05-01,58.014400482177734
2009-05-04,58.205589294433594
2009-05-05,58.133880615234375
2009-05-06,57.99644470214844
2009-05-07,56.58061981201172
2009-05-08,56.71805191040039
2009-05-11,57.52454376220703
2009-05-12,57.733673095703125
2009-05-13,58.36090087890625
2009-05-14,58.587913513183594
2009-05-15,58.56999588012695
2009-05-18,57.66193771362305
2009-05-19,57.35728454589844
2009-05-20,57.960655212402344
2009-05-21,56.502967834472656
2009-05-22,55.87566375732422
2009-05-26,55.0333366394043
2009-05-27,54.059574127197266
2009-05-28,54.84218978881836
2009-05-29,56.258026123046875
2009-06-01,54.594879150390625
2009-06-02,54.88847351074219
2009-06-03,55.40394973754883
2009-06-04,54.25918960571289
2009-06-05,53.845645904541016
2009-06-08,53.70779800415039
2009-06-09,53.7017936706543
2009-06-10,52.85670471191406
2009-06-11,53.4440803527832
2009-06-12,53.923526763916016
2009-06-15,54.40903854370117
2009-06-16,55.35600280761719
2009-06-17,55.04431915283203
2009-06-18,54.211238861083984
2009-06-19,54.95444869995117
2009-06-22,55.48780822753906
2009-06-23,56.141178131103516
2009-06-24,55.57781219482422
2009-06-25,56.596641540527344
2009-06-26,56.69258499145508
2009-06-29,56.77645492553711
2009-06-30,56.68054962158203
2009-07-01,56.568111419677734
2009-07-02,56.70039749145508
2009-07-06,56.592166900634766
2009-07-07,56.970951080322266
2009-07-08,58.023258209228516
2009-07-09,57.33172607421875
2009-07-10,57.86089324951172
2009-07-13,57.536190032958984
2009-07-14,56.580162048339844
2009-07-15,55.12507247924805
2009-07-16,55.720306396484375
2009-07-17,54.86050033569336
2009-07-20,55.149105072021484
2009-07-21,56.24941635131836
2009-07-22,55.744354248046875
2009-07-23,54.72221374511719
2009-07-24,54.986759185791016
2009-07-27,54.35543441772461
2009-07-28,54.836483001708984
2009-07-29,55.1370964050293
2009-07-30,55.91878128051758
2009-07-31,57.00703430175781
2009-08-03,56.14311599731445
2009-08-04,55.696693420410156
2009-08-05,54.864139556884766
2009-08-06,55.0511589050293
2009-08-07,54.59267044067383
2009-08-10,55.27436447143555
2009-08-11,55.91387939453125
2009-08-12,55.31661605834961
2009-08-13,56.10092544555664
2009-08-14,56.318111419677734
2009-08-17,57.15064239501953
2009-08-18,56.818843841552734
2009-08-19,57.28940963745117
2009-08-20,57.75996017456055
2009-08-21,56.57146453857422
2009-08-24,57.59708023071289
2009-08-25,57.92287826538086
2009-08-26,58.18832015991211
2009-08-27,57.95905685424805
2009-08-28,58.224544525146484
2009-08-31,58.278831481933594
2009-09-01,58.13774871826172
2009-09-02,58.98511505126953
2009-09-03,58.6219596862793
2009-09-04,57.623382568359375
2009-09-08,57.2178955078125
2009-09-09,57.15129852294922
2009-09-10,58.20437240600586
2009-09-11,58.525123596191406
2009-09-14,57.94411087036133
2009-09-15,57.64757537841797
2009-09-16,57.75044250488281
2009-09-17,58.47675323486328
2009-09-18,57.956241607666016
2009-09-21,58.08938217163086
2009-09-22,58.21042251586914
2009-09-23,58.38594055175781
2009-09-24,58.55540084838867
2009-09-25,59.2998161315918
2009-09-28,59.82034683227539
2009-09-29,59.765865325927734
2009-09-30,59.71138381958008
2009-10-01,60.529151916503906
2009-10-02,60.110267639160156
2009-10-05,60.11632537841797
2009-10-06,59.52132797241211
2009-10-07,60.21951675415039
2009-10-08,59.58810806274414
2009-10-09,58.22213363647461
2009-10-12,58.313209533691406
2009-10-13,58.616756439208984
2009-10-14,57.74858474731445
2009-10-15,57.481449127197266
2009-10-16,57.948936462402344
2009-10-19,58.404273986816406
2009-10-20,58.719966888427734
2009-10-21,58.36782455444336
2009-10-22,58.08250045776367
2009-10-23,57.645362854003906
2009-10-26,56.89866256713867
2009-10-27,57.67573165893555
2009-10-28,57.948936462402344
2009-10-29,57.31752395629883
2009-10-30,58.149314880371094
2009-11-02,57.89223098754883
2009-11-03,57.313636779785156
2009-11-04,56.789817810058594
2009-11-05,56.789817810058594
2009-11-06,56.84471893310547
2009-11-09,56.91163635253906
2009-11-10,56.8080940246582
2009-11-11,57.04560470581055
2009-11-12,56.942081451416016
2009-11-13,57.20403289794922
2009-11-16,57.87395477294922
2009-11-17,58.18462371826172
2009-11-18,57.843536376953125
2009-11-19,57.94707107543945
2009-11-20,57.934871673583984
2009-11-23,57.86178970336914
2009-11-24,58.22721481323242
2009-11-25,58.49525451660156
2009-11-27,58.71453857421875
2009-11-30,58.85453796386719
2009-12-01,58.198970794677734
2009-12-02,58.247840881347656
2009-12-03,57.64297103881836
2009-12-04,57.03193664550781
2009-12-07,57.105255126953125
2009-12-08,57.19081497192383
2009-12-09,56.92804718017578
2009-12-10,56.274234771728516
2009-12-11,56.26814270019531
2009-12-14,56.335384368896484
2009-12-15,56.08487319946289
2009-12-16,56.017669677734375
2009-12-17,56.9403076171875
2009-12-18,56.695865631103516
2009-12-21,55.68769836425781
2009-12-22,55.376102447509766
2009-12-23,55.38832473754883
2009-12-24,54.813968658447266
2009-12-28,54.661197662353516
2009-12-29,55.021812438964844
2009-12-30,55.383575439453125
2009-12-31,55.119873046875
2010-01-04,55.07085037231445
2010-01-05,55.42644500732422
2010-01-06,54.68449020385742
2010-01-07,54.77650451660156
2010-01-08,54.751953125
2010-01-11,54.45150375366211
2010-01-12,55.383575439453125
2010-01-13,54.739681243896484
2010-01-14,55.50621795654297
2010-01-15,55.849578857421875
2010-01-19,55.690147399902344
2010-01-20,56.25433349609375
2010-01-21,56.51181411743164
2010-01-22,56.413734436035156
2010-01-25,56.156124114990234
2010-01-26,56.174598693847656
2010-01-27,56.143924713134766
2010-01-28,56.11322021484375
2010-01-29,56.603790283203125
2010-02-01,56.09000015258789
2010-02-02,56.24998092651367
2010-02-03,55.59767532348633
2010-02-04,56.47768020629883
2010-02-05,56.60071563720703
2010-02-08,56.67457580566406
2010-02-09,56.1083984375
2010-02-10,55.57306671142578
2010-02-11,55.2715950012207
2010-02-12,55.49921417236328
2010-02-16,55.60383605957031
2010-02-17,54.970035552978516
2010-02-18,54.74845886230469
2010-02-19,55.04386520385742
2010-02-22,54.81620788574219
2010-02-23,55.67154312133789
2010-02-24,55.806907653808594
2010-02-25,56.12076187133789
2010-02-26,56.40998458862305
2010-03-01,56.3852424621582
2010-03-02,56.31120300292969
2010-03-03,56.16920471191406
2010-03-04,56.46553421020508
2010-03-05,55.724754333496094
2010-03-08,55.43457794189453
2010-03-09,55.44696807861328
2010-03-10,55.30493927001953
2010-03-11,55.50865173339844
2010-03-12,55.8543815612793
2010-03-15,55.78028869628906
2010-03-16,56.224769592285156
2010-03-17,56.46553421020508
2010-03-18,56.280296325683594
2010-03-19,56.33586120605469
2010-03-22,56.39759826660156
2010-03-23,56.132137298583984
2010-03-24,55.107425689697266
2010-03-25,54.755592346191406
2010-03-26,54.90989303588867
2010-03-29,54.70002746582031
2010-03-30,54.87283706665039
2010-03-31,55.24940490722656
2010-04-01,55.114341735839844
2010-04-05,54.19733428955078
2010-04-06,54.284061431884766
2010-04-07,54.978050231933594
2010-04-08,55.00277328491211
2010-04-09,55.13290023803711
2010-04-12,55.42414093017578
2010-04-13,55.60382080078125
2010-04-14,55.21345138549805
2010-04-15,55.27543258666992
2010-04-16,55.678165435791016
2010-04-19,55.54184341430664
2010-04-20,55.74016571044922
2010-04-21,56.198646545410156
2010-04-22,56.031349182128906
2010-04-23,55.8331184387207
2010-04-26,55.89506149291992
2010-04-27,56.68196487426758
2010-04-28,56.198646545410156
2010-04-29,56.4340934753418
2010-04-30,57.08469772338867
2010-05-03,57.01011657714844
2010-05-04,58.03598403930664
2010-05-05,58.37799072265625
2010-05-06,60.18113708496094
2010-05-07,59.428794860839844
2010-05-10,58.19768142700195
2010-05-11,58.04844665527344
2010-05-12,57.606929779052734
2010-05-13,57.98624038696289
2010-05-14,58.993553161621094
2010-05-17,58.77591323852539
2010-05-18,59.67747116088867
2010-05-19,59.876461029052734
2010-05-20,61.138641357421875
2010-05-21,61.2008171081543
2010-05-24,60.9893913269043
2010-05-25,61.28791046142578
2010-05-26,61.11376953125
2010-05-27,59.72719192504883
2010-05-28,60.00079345703125
2010-06-01,60.42250061035156
2010-06-02,59.848609924316406
2010-06-03,59.411865234375
2010-06-04,61.00895690917969
2010-06-07,61.47686767578125
2010-06-08,61.17115783691406
2010-06-09,61.10256576538086
2010-06-10,60.010746002197266
2010-06-11,60.77186965942383
2010-06-14,60.460018157958984
2010-06-15,60.21044158935547
2010-06-16,60.5535888671875
2010-06-17,61.04638671875
2010-06-18,60.94660568237305
2010-06-21,60.77186965942383
2010-06-22,61.49558639526367
2010-06-23,61.91362762451172
2010-06-24,61.54548263549805
2010-06-25,61.795074462890625
2010-06-28,62.37523651123047
2010-06-29,63.05527877807617
2010-06-30,63.479496002197266
2010-07-01,63.57963562011719
2010-07-02,63.072731018066406
2010-07-06,63.59220504760742
2010-07-07,62.8475456237793
2010-07-08,62.4470100402832
2010-07-09,62.09032440185547
2010-07-12,62.065277099609375
2010-07-13,61.53333282470703
2010-07-14,62.15289306640625
2010-07-15,62.77238464355469
2010-07-16,63.079063415527344
2010-07-19,62.69104766845703
2010-07-20,62.784934997558594
2010-07-21,63.848731994628906
2010-07-22,63.11033630371094
2010-07-23,62.44074630737305
2010-07-26,62.33430862426758
2010-07-27,61.733585357666016
2010-07-28,61.93383026123047
2010-07-29,61.91508865356445
2010-07-30,62.87879943847656
2010-08-02,61.99608612060547
2010-08-03,62.35392379760742
2010-08-04,61.8768424987793
2010-08-05,62.16556167602539
2010-08-06,62.843650817871094
2010-08-09,62.6113166809082
2010-08-10,62.74322509765625
2010-08-11,63.584449768066406
2010-08-12,63.427433013916016
2010-08-13,64.21851348876953
2010-08-16,65.82573699951172
2010-08-17,65.44902801513672
2010-08-18,65.62483978271484
2010-08-19,66.64816284179688
2010-08-20,66.57280731201172
2010-08-23,66.58535766601562
2010-08-24,67.65264129638672
2010-08-25,67.43294525146484
2010-08-26,68.06698608398438
2010-08-27,66.13965606689453
2010-08-30,67.40779876708984
2010-08-31,68.15492248535156
2010-09-01,66.74563598632812
2010-09-02,66.04045104980469
2010-09-03,65.22185516357422
2010-09-07,66.5567626953125
2010-09-08,66.02786254882812
2010-09-09,64.7243881225586
2010-09-10,64.4284439086914
2010-09-13,64.7432861328125
2010-09-14,65.36670684814453
2010-09-15,64.3969955444336
2010-09-16,63.76102066040039
2010-09-17,64.0191650390625
2010-09-20,64.39067840576172
2010-09-21,65.28482055664062
2010-09-22,65.87044525146484
2010-09-23,66.05931854248047
2010-09-24,65.17149353027344
2010-09-27,66.30492401123047
2010-09-28,66.75827026367188
2010-09-29,66.4812240600586
2010-09-30,66.43714141845703
2010-10-01,66.11607360839844
2010-10-04,66.28668212890625
2010-10-05,65.88850402832031
2010-10-06,66.71651458740234
2010-10-07,66.1602783203125
2010-10-08,65.86955261230469
2010-10-11,65.88223266601562
2010-10-12,65.23123931884766
2010-10-13,65.13006591796875
2010-10-14,64.15673065185547
2010-10-15,63.37309646606445
2010-10-18,63.88505172729492
2010-10-19,64.27059936523438
2010-10-20,64.40958404541016
2010-10-21,63.64482879638672
2010-10-22,64.07466888427734
2010-10-25,64.25790405273438
2010-10-26,63.265625
2010-10-27,62.7094841003418
2010-10-28,62.88010025024414
2010-10-29,63.46786117553711
2010-11-01,63.194610595703125
2010-11-02,64.02525329589844
2010-11-03,62.719078063964844
2010-11-04,63.20730209350586
2010-11-05,62.12308883666992
2010-11-08,62.402061462402344
2010-11-09,61.02619171142578
2010-11-10,61.1086540222168
2010-11-11,61.07693099975586
2010-11-12,60.74722671508789
2010-11-15,59.47911834716797
2010-11-16,60.956443786621094
2010-11-17,60.62044143676758
2010-11-18,60.867698669433594
2010-11-19,61.24177932739258
2010-11-22,61.50175094604492
2010-11-23,61.806114196777344
2010-11-24,60.70283889770508
2010-11-26,61.54609298706055
2010-11-29,62.072349548339844
2010-11-30,62.39570999145508
2010-12-01,61.00876235961914
2010-12-02,60.84965133666992
2010-12-03,60.372493743896484
2010-12-06,61.22505187988281
2010-12-07,59.91441345214844
2010-12-08,59.33542251586914
2010-12-09,59.62810134887695
2010-12-10,59.265445709228516
2010-12-13,59.4881477355957
2010-12-14,58.62287139892578
2010-12-15,57.85934829711914
2010-12-16,58.26021194458008
2010-12-17,59.32270431518555
2010-12-20,59.25904846191406
2010-12-21,59.672611236572266
2010-12-22,59.246360778808594
2010-12-23,59.12546157836914
2010-12-27,59.653564453125
2010-12-28,58.48523712158203
2010-12-29,59.47479248046875
2010-12-30,59.43012237548828
2010-12-31,60.08765411376953
2011-01-03,59.634361267089844
2011-01-04,59.70460891723633
2011-01-05,58.38948440551758
2011-01-06,58.64484405517578
2011-01-07,58.957679748535156
2011-01-10,59.27689743041992
2011-01-11,58.94489288330078
2011-01-12,58.48523712158203
2011-01-13,59.00874328613281
2011-01-14,58.632049560546875
2011-01-18,58.35757827758789
2011-01-19,58.77890396118164
2011-01-20,57.96809005737305
2011-01-21,58.42775344848633
2011-01-24,58.453338623046875
2011-01-25,59.00874328613281
2011-01-26,58.11493682861328
2011-01-27,58.37670135498047
2011-01-28,58.68313217163086
2011-01-31,58.23624801635742
2011-02-01,57.947933197021484
2011-02-02,57.96077346801758
2011-02-03,57.48027420043945
2011-02-04,56.89730453491211
2011-02-07,57.191959381103516
2011-02-08,56.6666259765625
2011-02-09,57.15996170043945
2011-02-10,56.50008010864258
2011-02-11,57.31365966796875
2011-02-14,57.352169036865234
2011-02-15,57.608421325683594
2011-02-16,57.42262649536133
2011-02-17,57.512359619140625
2011-02-18,57.33292007446289
2011-02-22,58.191436767578125
2011-02-23,58.40281295776367
2011-02-24,58.7744255065918
2011-02-25,59.1203727722168
2011-02-28,59.19722366333008
2011-03-01,59.36888885498047
2011-03-02,58.45614242553711
2011-03-03,57.884151458740234
2011-03-04,58.366233825683594
2011-03-07,57.993404388427734
2011-03-08,57.639915466308594
2011-03-09,58.199134826660156
2011-03-10,59.17603302001953
2011-03-11,58.841835021972656
2011-03-14,58.816131591796875
2011-03-15,59.69664764404297
2011-03-16,60.37154006958008
2011-03-17,59.90877151489258
2011-03-18,60.069435119628906
2011-03-21,59.71592330932617
2011-03-22,59.915157318115234
2011-03-23,59.83806228637695
2011-03-24,59.38813018798828
2011-03-25,59.24030303955078
2011-03-28,59.323890686035156
2011-03-29,58.86750793457031
2011-03-30,59.3366813659668
2011-03-31,59.21462631225586
2011-04-01,59.50249481201172
2011-04-04,59.5670166015625
2011-04-05,59.328216552734375
2011-04-06,58.43752670288086
2011-04-07,58.321311950683594
2011-04-08,58.01151657104492
2011-04-11,58.0631217956543
2011-04-12,58.689231872558594
2011-04-13,59.05714416503906
2011-04-14,59.011959075927734
2011-04-15,59.812252044677734
2011-04-18,59.94782257080078
2011-04-19,60.205963134765625
2011-04-20,59.81871795654297
2011-04-21,59.7671012878418
2011-04-25,59.99301528930664
2011-04-26,60.573856353759766
2011-04-27,59.95431137084961
2011-04-28,60.41252899169922
2011-04-29,60.5997200012207
2011-05-02,60.69696044921875
2011-05-03,61.040531158447266
2011-05-04,61.312740325927734
2011-05-05,61.8961067199707
2011-05-06,61.62385559082031
2011-05-09,61.559051513671875
2011-05-10,61.11825180053711
2011-05-11,61.46828079223633
2011-05-12,61.07933807373047
2011-05-13,61.63032913208008
2011-05-16,61.97385025024414
2011-05-17,62.609107971191406
2011-05-18,61.77943420410156
2011-05-19,61.753475189208984
2011-05-20,61.78592300415039
2011-05-23,62.08401870727539
2011-05-24,62.317413330078125
2011-05-25,62.025691986083984
2011-05-26,62.55724334716797
2011-05-27,62.53133010864258
2011-05-31,62.673927307128906
2011-06-01,63.520957946777344
2011-06-02,62.3109016418457
2011-06-03,62.6686897277832
2011-06-06,62.19380187988281
2011-06-07,62.48004913330078
2011-06-08,62.96799087524414
2011-06-09,62.714290618896484
2011-06-10,63.1956901550293
2011-06-13,62.87689208984375
2011-06-14,61.927146911621094
2011-06-15,63.05256271362305
2011-06-16,63.33876037597656
2011-06-17,63.03960418701172
2011-06-20,63.11760330200195
2011-06-21,62.83787155151367
2011-06-22,62.87689208984375
2011-06-23,63.35831832885742
2011-06-24,63.09161376953125
2011-06-27,62.226314544677734
2011-06-28,61.72541427612305
2011-06-29,61.3155517578125
2011-06-30,61.21794891357422
2011-07-01,61.12007522583008
2011-07-05,61.25710678100586
2011-07-06,61.57045364379883
2011-07-07,61.38768768310547
2011-07-08,62.25590515136719
2011-07-11,63.18941879272461
2011-07-12,63.40477752685547
2011-07-13,63.58104705810547
2011-07-14,62.673709869384766
2011-07-15,62.778106689453125
2011-07-18,62.17104721069336
2011-07-19,63.46355056762695
2011-07-20,62.71285629272461
2011-07-21,62.229774475097656
2011-07-22,62.69980239868164
2011-07-25,62.01435470581055
2011-07-26,62.43867874145508
2011-07-27,62.44518280029297
2011-07-28,62.680267333984375
2011-07-29,63.920448303222656
2011-08-01,64.56561279296875
2011-08-02,66.50431060791016
2011-08-03,66.6352767944336
2011-08-04,69.00619506835938
2011-08-05,67.0151596069336
2011-08-08,69.13067626953125
2011-08-09,69.34024810791016
2011-08-10,71.40337371826172
2011-08-11,67.80107879638672
2011-08-12,69.14378356933594
2011-08-15,68.44297790527344
2011-08-16,69.57605743408203
2011-08-17,70.79425811767578
2011-08-18,72.24823760986328
2011-08-19,72.8311767578125
2011-08-22,72.64776611328125
2011-08-23,71.64567565917969
2011-08-24,69.6087646484375
2011-08-25,70.362060546875
2011-08-26,71.05622863769531
2011-08-29,70.0738525390625
2011-08-30,71.20032501220703
2011-08-31,70.10002899169922
2011-09-01,71.58598327636719
2011-09-02,73.91154479980469
2011-09-06,74.6801528930664
2011-09-07,73.25460815429688
2011-09-08,73.91154479980469
2011-09-09,74.6998062133789
2011-09-12,74.77873992919922
2011-09-13,73.71446228027344
2011-09-14,74.33850860595703
2011-09-15,73.20205688476562
2011-09-16,73.73416900634766
2011-09-19,75.14000701904297
2011-09-20,75.45528411865234
2011-09-21,77.95166015625
2011-09-22,80.8815689086914
2011-09-23,79.37723541259766
2011-09-26,78.10276794433594
2011-09-27,76.90718078613281
2011-09-28,76.88085174560547
2011-09-29,77.4129867553711
2011-09-30,79.35746765136719
2011-10-03,81.5414047241211
2011-10-04,80.5074234008789
2011-10-05,79.9278793334961
2011-10-06,78.45257568359375
2011-10-07,77.87300109863281
2011-10-10,76.77310943603516
2011-10-11,76.51628112792969
2011-10-12,75.40324401855469
2011-10-13,76.15404510498047
2011-10-14,75.04764556884766
2011-10-17,76.3450698852539
2011-10-18,75.87088775634766
2011-10-19,75.84454345703125
2011-10-20,75.3044662475586
2011-10-21,74.5075454711914
2011-10-24,74.63269805908203
2011-10-25,76.52944946289062
2011-10-26,75.1924819946289
2011-10-27,72.64372253417969
2011-10-28,73.40766143798828
2011-10-31,76.31864929199219
2011-11-01,78.87345123291016
2011-11-02,77.88960266113281
2011-11-03,76.81990814208984
2011-11-04,76.91236114501953
2011-11-07,77.40091705322266
2011-11-08,76.41047668457031
2011-11-09,77.99522399902344
2011-11-10,76.83306121826172
2011-11-11,76.3642578125
2011-11-14,77.59241485595703
2011-11-15,77.48677825927734
2011-11-16,78.19332122802734
2011-11-17,78.82062530517578
2011-11-18,78.80079650878906
2011-11-21,79.2696304321289
2011-11-22,80.1544189453125
2011-11-23,80.94022369384766
2011-11-25,79.76483917236328
2011-11-28,79.72525024414062
2011-11-29,79.07157897949219
2011-11-30,77.83672332763672
2011-12-01,77.44627380371094
2011-12-02,78.53177642822266
2011-12-05,78.37297821044922
2011-12-06,77.62493133544922
2011-12-07,77.90298461914062
2011-12-08,78.87601470947266
2011-12-09,77.25428009033203
2011-12-12,78.11478424072266
2011-12-13,78.8428955078125
2011-12-14,80.33222198486328
2011-12-15,80.03440856933594
2011-12-16,80.96772003173828
2011-12-19,81.99369812011719
2011-12-20,79.94833374023438
2011-12-21,78.83631134033203
2011-12-22,79.16728210449219
2011-12-23,78.28685760498047
2011-12-27,78.65872192382812
2011-12-28,80.1130599975586
2011-12-29,80.2591781616211
2011-12-30,80.51814270019531
2012-01-03,79.30950164794922
2012-01-04,78.36656188964844
2012-01-05,78.22708129882812
2012-01-06,78.84471893310547
2012-01-09,78.70521545410156
2012-01-10,78.57243347167969
2012-01-11,79.59508514404297
2012-01-12,79.482177734375
2012-01-13,80.2724609375
2012-01-17,80.64429473876953
2012-01-18,79.66813659667969
2012-01-19,78.57243347167969
2012-01-20,77.68256378173828
2012-01-23,77.191162109375
2012-01-24,77.33061218261719
2012-01-25,77.1446762084961
2012-01-26,78.16736602783203
2012-01-27,78.4130859375
2012-01-30,79.33611297607422
2012-01-31,80.25251007080078
2012-02-01,79.3332290649414
2012-02-02,79.29993438720703
2012-02-03,77.59590911865234
2012-02-06,78.36803436279297
2012-02-07,77.39620971679688
2012-02-08,77.4560546875
2012-02-09,76.87699890136719
2012-02-10,77.87543487548828
2012-02-13,77.97530364990234
2012-02-14,78.38799285888672
2012-02-15,78.24818420410156
2012-02-16,77.62248992919922
2012-02-17,77.60253143310547
2012-02-21,76.74381256103516
2012-02-22,77.70899963378906
2012-02-23,77.70899963378906
2012-02-24,78.21492004394531
2012-02-27,78.90721893310547
2012-02-28,78.64762115478516
2012-02-29,78.16834259033203
2012-03-01,77.43248748779297
2012-03-02,78.15968322753906
2012-03-05,77.5392074584961
2012-03-06,78.47992706298828
2012-03-07,77.9995346069336
2012-03-08,77.21893310546875
2012-03-09,77.37239074707031
2012-03-12,77.35903930664062
2012-03-13,75.99800872802734
2012-03-14,74.08323669433594
2012-03-15,74.19664764404297
2012-03-16,74.34343719482422
2012-03-19,73.45606231689453
2012-03-20,73.7496337890625
2012-03-21,74.58358001708984
2012-03-22,74.82382202148438
2012-03-23,75.53102111816406
2012-03-26,75.14400482177734
2012-03-27,75.6844482421875
2012-03-28,75.57770538330078
2012-03-29,76.1447525024414
2012-03-30,74.85712432861328
2012-04-02,75.27188873291016
2012-04-03,73.96752166748047
2012-04-04,74.98421478271484
2012-04-05,75.52603149414062
2012-04-09,77.29194641113281
2012-04-10,78.16820526123047
2012-04-11,77.23175048828125
2012-04-12,76.91067504882812
2012-04-13,78.15483856201172
2012-04-16,78.04109191894531
2012-04-17,77.99433135986328
2012-04-18,78.22172546386719
2012-04-19,78.29534912109375
2012-04-20,78.30868530273438
2012-04-23,78.87726593017578
2012-04-24,78.32205963134766
2012-04-25,77.92071533203125
2012-04-26,78.38897705078125
2012-04-27,78.455810546875
2012-04-30,78.47592163085938
2012-05-01,78.06889343261719
2012-05-02,78.61872863769531
2012-05-03,78.59860229492188
2012-05-04,79.21552276611328
2012-05-07,79.2289810180664
2012-05-08,79.65132141113281
2012-05-09,79.7049789428711
2012-05-10,79.47029876708984
2012-05-11,80.12742614746094
2012-05-14,81.24717712402344
2012-05-15,81.57574462890625
2012-05-16,81.81045532226562
2012-05-17,83.2587890625
2012-05-18,83.27886962890625
2012-05-21,83.10459899902344
2012-05-22,82.17922973632812
2012-05-23,82.7491226196289
2012-05-24,82.43404388427734
2012-05-25,82.74244689941406
2012-05-29,82.48766326904297
2012-05-30,84.57968139648438
2012-05-31,85.55863952636719
2012-06-01,87.58980560302734
2012-06-04,86.89775848388672
2012-06-05,85.73534393310547
2012-06-06,84.02201843261719
2012-06-07,84.14962005615234
2012-06-08,84.1295166015625
2012-06-11,84.512451171875
2012-06-12,83.7397689819336
2012-06-13,84.56625366210938
2012-06-14,84.45880126953125
2012-06-15,84.92908477783203
2012-06-18,85.38593292236328
2012-06-19,84.27059936523438
2012-06-20,84.68718719482422
2012-06-21,85.13736724853516
2012-06-22,84.0018539428711
2012-06-25,85.22472381591797
2012-06-26,84.88876342773438
2012-06-27,85.0231704711914
2012-06-28,85.23148345947266
2012-06-29,84.1227798461914
2012-07-02,84.99072265625
2012-07-03,84.33760070800781
2012-07-05,84.76849365234375
2012-07-06,85.55635070800781
2012-07-09,86.31048583984375
2012-07-10,86.48554992675781
2012-07-11,86.59332275390625
2012-07-12,87.20606231689453
2012-07-13,86.97712707519531
2012-07-16,87.38117218017578
2012-07-17,86.69432830810547
2012-07-18,86.74147033691406
2012-07-19,86.51927185058594
2012-07-20,87.57637786865234
2012-07-23,88.06796264648438
2012-07-24,88.76148223876953
2012-07-25,88.99046325683594
2012-07-26,88.17574310302734
2012-07-27,86.51251220703125
2012-07-30,87.15892028808594
2012-07-31,87.33399963378906
2012-08-01,86.89739227294922
2012-08-02,87.3900146484375
2012-08-03,85.97972106933594
2012-08-06,86.01351165771484
2012-08-07,84.90685272216797
2012-08-08,84.45472717285156
2012-08-09,84.39398956298828
2012-08-10,84.81913757324219
2012-08-13,84.67742156982422
2012-08-14,83.53033447265625
2012-08-15,82.35623168945312
2012-08-16,81.65441131591797
2012-08-17,82.05254364013672
2012-08-20,82.22128295898438
2012-08-21,82.58563995361328
2012-08-22,83.94864654541016
2012-08-23,84.29954528808594
2012-08-24,84.21858978271484
2012-08-27,84.71117401123047
2012-08-28,84.91355895996094
2012-08-29,84.5424575805664
2012-08-30,84.98111724853516
2012-08-31,86.18215942382812
2012-09-04,86.09557342529297
2012-09-05,85.68988037109375
2012-09-06,84.26309204101562
2012-09-07,83.87089538574219
2012-09-10,84.07376861572266
2012-09-11,83.5462417602539
2012-09-12,82.50492095947266
2012-09-13,82.18033599853516
2012-09-14,79.9961929321289
2012-09-17,80.95641326904297
2012-09-18,81.3620834350586
2012-09-19,81.89630126953125
2012-09-20,82.09916687011719
2012-09-21,82.19383239746094
2012-09-24,82.83626556396484
2012-09-25,83.6544418334961
2012-09-26,84.55381774902344
2012-09-27,83.95205688476562
2012-09-28,83.99935150146484
2012-10-01,84.31106567382812
2012-10-02,84.19580841064453
2012-10-03,84.22297668457031
2012-10-04,83.17264556884766
2012-10-05,82.09523010253906
2012-10-08,82.78639221191406
2012-10-09,82.63729858398438
2012-10-10,83.2200698852539
2012-10-11,83.79606628417969
2012-10-12,84.0061264038086
2012-10-15,83.81636810302734
2012-10-16,82.65763092041016
2012-10-17,81.89190673828125
2012-10-18,81.39043426513672
2012-10-19,82.49500274658203
2012-10-22,81.96644592285156
2012-10-23,83.13875579833984
2012-10-24,82.31883239746094
2012-10-25,81.89868927001953
2012-10-26,83.10488891601562
2012-10-31,83.59276580810547
2012-11-01,82.90834045410156
2012-11-02,82.84739685058594
2012-11-05,83.31493377685547
2012-11-06,82.52888488769531
2012-11-07,84.0264663696289
2012-11-08,85.27330017089844
2012-11-09,85.36817932128906
2012-11-12,85.510498046875
2012-11-13,85.7950668334961
2012-11-14,85.87641906738281
2012-11-15,85.70698547363281
2012-11-16,85.6324462890625
2012-11-19,85.15132904052734
2012-11-20,84.2975082397461
2012-11-21,84.25008392333984
2012-11-23,84.16876220703125
2012-11-26,84.56856536865234
2012-11-27,84.90052795410156
2012-11-28,84.77860260009766
2012-11-29,84.79219055175781
2012-11-30,84.56183624267578
2012-12-03,84.6398696899414
2012-12-04,85.12872314453125
2012-12-05,85.08795928955078
2012-12-06,85.27128601074219
2012-12-07,84.48368835449219
2012-12-10,84.85718536376953
2012-12-11,84.21212768554688
2012-12-12,83.23440551757812
2012-12-13,83.2955093383789
2012-12-14,83.9201889038086
2012-12-17,82.6640853881836
2012-12-18,81.82215118408203
2012-12-19,82.09381103515625
2012-12-20,82.10730743408203
2012-12-21,83.00359344482422
2012-12-24,82.85415649414062
2012-12-26,83.1522445678711
2012-12-27,83.43122100830078
2012-12-28,83.9075698852539
2012-12-31,82.45819091796875
2013-01-02,81.3558120727539
2013-01-03,80.25345611572266
2013-01-04,80.56649017333984
2013-01-07,80.60047912597656
2013-01-08,81.1312484741211
2013-01-09,81.05636596679688
2013-01-10,80.83184051513672
2013-01-11,81.55313110351562
2013-01-14,81.32859802246094
2013-01-15,81.70282745361328
2013-01-16,81.8729476928711
2013-01-17,81.05636596679688
2013-01-18,81.68241119384766
2013-01-22,81.83889770507812
2013-01-23,81.7164535522461
2013-01-24,81.4306411743164
2013-01-25,80.31470489501953
2013-01-28,80.02212524414062
2013-01-29,79.57980346679688
2013-01-30,79.44373321533203
2013-01-31,79.83158874511719
2013-02-01,78.79502868652344
2013-02-04,79.80435180664062
2013-02-05,79.09503936767578
2013-02-06,79.74293518066406
2013-02-07,79.56562805175781
2013-02-08,79.87252807617188
2013-02-11,79.81116485595703
2013-02-12,79.61336517333984
2013-02-13,78.9654769897461
2013-02-14,79.68155670166016
2013-02-15,79.44970703125
2013-02-19,79.05415344238281
2013-02-20,79.29283142089844
2013-02-21,79.75657653808594
2013-02-22,79.81116485595703
2013-02-25,81.37964630126953
2013-02-26,80.9090805053711
2013-02-27,80.67037200927734
2013-02-28,80.82047271728516
2013-03-01,81.26056671142578
2013-03-04,80.82997131347656
2013-03-05,80.59764099121094
2013-03-06,79.86636352539062
2013-03-07,79.25128173828125
2013-03-08,78.42431640625
2013-03-11,78.49945068359375
2013-03-12,79.06673431396484
2013-03-13,78.9847412109375
2013-03-14,78.74554443359375
2013-03-15,79.11460876464844
2013-03-18,79.71601104736328
2013-03-19,80.25595092773438
2013-03-20,79.3606185913086
2013-03-21,80.12611389160156
2013-03-22,80.18759155273438
2013-03-25,80.11241912841797
2013-03-26,80.2081069946289
2013-03-27,80.89152526855469
2013-03-28,80.48145294189453
2013-04-01,81.08761596679688
2013-04-02,80.75881958007812
2013-04-03,81.48484802246094
2013-04-04,82.45748138427734
2013-04-05,84.12184143066406
2013-04-08,83.47796630859375
2013-04-09,83.27250671386719
2013-04-10,82.1286392211914
2013-04-11,82.2862319946289
2013-04-12,83.51219940185547
2013-04-15,84.23823547363281
2013-04-16,83.54647827148438
2013-04-17,84.10128784179688
2013-04-18,84.30674743652344
2013-04-19,84.12866973876953
2013-04-22,84.19027709960938
2013-04-23,83.89581298828125
2013-04-24,84.10810852050781
2013-04-25,83.74506378173828
2013-04-26,84.5122299194336
2013-04-29,84.20404052734375
2013-04-30,84.25191497802734
2013-05-01,85.11746978759766
2013-05-02,85.00762176513672
2013-05-03,83.00343322753906
2013-05-06,82.7975082397461
2013-05-07,82.47496032714844
2013-05-08,82.60530090332031
2013-05-09,82.39252471923828
2013-05-10,81.50713348388672
2013-05-13,80.88253021240234
2013-05-14,80.0040054321289
2013-05-15,80.53935241699219
2013-05-16,81.37674713134766
2013-05-17,80.3471908569336
2013-05-20,80.25106048583984
2013-05-21,80.88253021240234
2013-05-22,79.68135833740234
2013-05-23,80.05889129638672
2013-05-24,80.168701171875
2013-05-28,78.13701629638672
2013-05-29,79.01559448242188
2013-05-30,78.82337188720703
2013-05-31,78.55571746826172
2013-06-03,78.97200012207031
2013-06-04,78.2426528930664
2013-06-05,79.32289123535156
2013-06-06,79.27466583251953
2013-06-07,77.85739135742188
2013-06-10,77.48584747314453
2013-06-11,78.40779876708984
2013-06-12,77.28627014160156
2013-06-13,78.49720764160156
2013-06-14,78.31145477294922
2013-06-17,77.89862060546875
2013-06-18,77.93989562988281
2013-06-19,77.13494110107422
2013-06-20,75.86894989013672
2013-06-21,74.58233642578125
2013-06-24,74.89197540283203
2013-06-25,74.22456359863281
2013-06-26,74.70616912841797
2013-06-27,75.46987915039062
2013-06-28,75.98593139648438
2013-07-01,76.13900756835938
2013-07-02,76.09076690673828
2013-07-03,75.8631820678711
2013-07-05,73.27718353271484
2013-07-08,73.9874267578125
2013-07-09,74.06330108642578
2013-07-10,73.48402404785156
2013-07-11,74.3460464477539
2013-07-12,74.2840347290039
2013-07-15,74.67707061767578
2013-07-16,74.9322280883789
2013-07-17,75.07012176513672
2013-07-18,74.13227844238281
2013-07-19,75.3045654296875
2013-07-22,75.4149398803711
2013-07-23,75.0976791381836
2013-07-24,74.14603424072266
2013-07-25,74.11846923828125
2013-07-26,74.5735855102539
2013-07-29,74.02883911132812
2013-07-30,74.00128173828125
2013-07-31,74.27017974853516
2013-08-01,72.83911895751953
2013-08-02,73.6410903930664
2013-08-05,73.07416534423828
2013-08-06,73.2884750366211
2013-08-07,73.83463287353516
2013-08-08,74.03508758544922
2013-08-09,74.15265655517578
2013-08-12,73.64796447753906
2013-08-13,72.58331298828125
2013-08-14,72.6939697265625
2013-08-15,71.71221160888672
2013-08-16,71.4634017944336
2013-08-19,70.84114074707031
2013-08-20,71.38734436035156
2013-08-21,70.60607147216797
2013-08-22,71.32513427734375
2013-08-23,72.09941864013672
2013-08-26,72.4588623046875
2013-08-27,73.37147521972656
2013-08-28,72.77690887451172
2013-08-29,73.35758972167969
2013-08-30,73.27464294433594
2013-09-03,72.24116516113281
2013-09-04,72.08171844482422
2013-09-05,71.07666015625
2013-09-06,71.43016815185547
2013-09-09,71.46481323242188
2013-09-10,70.96575164794922
2013-09-11,71.5965347290039
2013-09-12,71.49945831298828
2013-09-13,71.77676391601562
2013-09-16,71.29849243164062
2013-09-17,71.88768768310547
2013-09-18,72.77488708496094
2013-09-19,72.34512329101562
2013-09-20,72.72635650634766
2013-09-23,73.2601089477539
2013-09-24,74.05030822753906
2013-09-25,74.20280456542969
2013-09-26,73.68293762207031
2013-09-27,73.86316680908203
2013-09-30,73.75223541259766
2013-10-01,73.52848052978516
2013-10-02,73.63967895507812
2013-10-03,73.521484375
2013-10-04,73.4659423828125
2013-10-07,73.76473236083984
2013-10-08,73.78559875488281
2013-10-09,73.19487762451172
2013-10-10,73.31301879882812
2013-10-11,73.29219818115234
2013-10-14,72.70144653320312
2013-10-15,72.65278625488281
2013-10-16,73.56324005126953
2013-10-17,74.23035430908203
2013-10-18,74.39022064208984
2013-10-21,74.15396881103516
2013-10-22,74.98098754882812
2013-10-23,75.27283477783203
2013-10-24,74.98098754882812
2013-10-25,75.25894927978516
2013-10-28,75.0018081665039
2013-10-29,75.09910583496094
2013-10-30,74.64737701416016
2013-10-31,74.80722045898438
2013-11-01,73.99748992919922
2013-11-04,74.06717681884766
2013-11-05,73.18221282958984
2013-11-06,73.217041015625
2013-11-07,73.83724975585938
2013-11-08,72.06029510498047
2013-11-11,71.78850555419922
2013-11-12,72.12300872802734
2013-11-13,72.38776397705078
2013-11-14,72.8337631225586
2013-11-15,72.98014831542969
2013-11-18,73.41913604736328
2013-11-19,72.86163330078125
2013-11-20,71.62127685546875
2013-11-21,71.73974609375
2013-11-22,72.40866088867188
2013-11-25,72.61771392822266
2013-11-26,72.8895034790039
2013-11-27,72.7640609741211
2013-11-29,72.78495788574219
2013-12-02,72.21890258789062
2013-12-03,72.4844970703125
2013-12-04,71.79252624511719
2013-12-05,71.58984375
2013-12-06,71.93233489990234
2013-12-09,72.10008239746094
2013-12-10,72.61723327636719
2013-12-11,72.05811309814453
2013-12-12,71.78553009033203
2013-12-13,72.13502502441406
2013-12-16,71.86944580078125
2013-12-17,72.19091796875
2013-12-18,71.8275375366211
2013-12-19,71.75759887695312
2013-12-20,72.86186981201172
2013-12-23,72.44949340820312
2013-12-24,71.86944580078125
2013-12-26,71.59243774414062
2013-12-27,71.38911437988281
2013-12-30,71.87993621826172
2013-12-31,71.4241714477539
2014-01-02,71.64157104492188
2014-01-03,71.64157104492188
2014-01-06,71.94300842285156
2014-01-07,72.12535095214844
2014-01-08,71.92903900146484
2014-01-09,72.34978485107422
2014-01-10,73.21222686767578
2014-01-13,73.57683563232422
2014-01-14,73.24022674560547
2014-01-15,73.16312408447266
2014-01-16,73.65396118164062
2014-01-17,73.96248626708984
2014-01-21,74.01861572265625
2014-01-22,73.83625793457031
2014-01-23,74.88105773925781
2014-01-24,75.3648910522461
2014-01-27,74.83903503417969
2014-01-28,75.02130889892578
2014-01-29,75.63836669921875
2014-01-30,75.42098236083984
2014-01-31,75.92586517333984
2014-02-03,76.85099029541016
2014-02-04,76.03557586669922
2014-02-05,75.33253479003906
2014-02-06,75.00916290283203
2014-02-07,75.0724105834961
2014-02-10,75.28331756591797
2014-02-11,74.8474349975586
2014-02-12,74.46082305908203
2014-02-13,74.88261413574219
2014-02-14,74.92475891113281
2014-02-18,75.093505859375
2014-02-19,74.77719116210938
2014-02-20,74.59437561035156
2014-02-21,74.98806762695312
2014-02-24,74.79824829101562
2014-02-25,75.46615600585938
2014-02-26,75.86679077148438
2014-02-27,76.28150939941406
2014-02-28,76.32374572753906
2014-03-03,76.83319091796875
2014-03-04,75.67757415771484
2014-03-05,75.83963012695312
2014-03-06,75.0926513671875
2014-03-07,74.62049102783203
2014-03-10,74.7261962890625
2014-03-11,74.92353820800781
2014-03-12,75.44498443603516
2014-03-13,76.45973205566406
2014-03-14,76.47389221191406
2014-03-17,75.90308380126953
2014-03-18,76.17786407470703
2014-03-19,75.58594512939453
2014-03-20,75.45205688476562
2014-03-21,76.26951599121094
2014-03-24,76.81208801269531
2014-03-25,76.52316284179688
2014-03-26,77.12213897705078
2014-03-27,77.5097427368164
2014-03-28,77.0728530883789
2014-03-31,76.88257598876953
2014-04-01,76.22550201416016
2014-04-02,75.78746032714844
2014-04-03,76.1195297241211
2014-04-04,76.62825775146484
2014-04-07,77.08748626708984
2014-04-08,77.27117156982422
2014-04-09,76.88963317871094
2014-04-10,77.60317993164062
2014-04-11,78.23198699951172
2014-04-14,78.02713775634766
2014-04-15,78.51463317871094
2014-04-16,78.61351776123047
2014-04-17,77.7515869140625
2014-04-21,77.68794250488281
2014-04-22,77.94937133789062
2014-04-23,78.39449310302734
2014-04-24,78.5428695678711
2014-04-25,78.6558837890625
2014-04-28,78.2744140625
2014-04-29,78.16841125488281
2014-04-30,78.49340057373047
2014-05-01,79.33550262451172
2014-05-02,79.82415771484375
2014-05-05,79.34261322021484
2014-05-06,79.66130828857422
2014-05-07,79.37802124023438
2014-05-08,79.03809356689453
2014-05-09,78.7831039428711
2014-05-12,78.4643783569336
2014-05-13,79.14425659179688
2014-05-14,80.00125122070312
2014-05-15,80.63865661621094
2014-05-16,80.41200256347656
2014-05-19,79.81709289550781
2014-05-20,79.99417877197266
2014-05-21,79.50545501708984
2014-05-22,79.39215850830078
2014-05-23,79.81709289550781
2014-05-27,80.2845230102539
2014-05-28,81.27603149414062
2014-05-29,80.84407043457031
2014-05-30,80.80858612060547
2014-06-02,80.20789337158203
2014-06-03,79.22093200683594
2014-06-04,79.19966125488281
2014-06-05,79.23516845703125
2014-06-06,79.23516845703125
2014-06-09,79.12152862548828
2014-06-10,78.83039093017578
2014-06-11,78.97240447998047
2014-06-12,79.67532348632812
2014-06-13,79.63277435302734
2014-06-16,79.83158111572266
2014-06-17,79.19966125488281
2014-06-18,79.81024932861328
2014-06-19,78.78780364990234
2014-06-20,79.38424682617188
2014-06-23,79.13570404052734
2014-06-24,79.9381103515625
2014-06-25,80.14399719238281
2014-06-26,80.52742767333984
2014-06-27,80.40672302246094
2014-06-30,80.60552978515625
2014-07-01,79.93067169189453
2014-07-02,79.07642364501953
2014-07-03,78.79166412353516
2014-07-07,79.3683090209961
2014-07-08,80.25816345214844
2014-07-09,80.32218170166016
2014-07-10,80.3435287475586
2014-07-11,80.85613250732422
2014-07-14,80.5073013305664
2014-07-15,80.3435287475586
2014-07-16,80.77067565917969
2014-07-17,81.7886962890625
2014-07-18,81.5252685546875
2014-07-21,81.93108367919922
2014-07-22,82.1019515991211
2014-07-23,81.99512481689453
2014-07-24,81.3829574584961
2014-07-25,82.34398651123047
2014-07-28,82.2300796508789
2014-07-29,82.52903747558594
2014-07-30,81.3829574584961
2014-07-31,81.140869140625
2014-08-01,81.76897430419922
2014-08-04,81.55487060546875
2014-08-05,81.81893920898438
2014-08-06,81.86892700195312
2014-08-07,82.6326675415039
2014-08-08,82.45423126220703
2014-08-11,82.4470443725586
2014-08-12,81.91175079345703
2014-08-13,82.4470443725586
2014-08-14,83.11085510253906
2014-08-15,84.01734924316406
2014-08-18,83.1822509765625
2014-08-19,82.92527770996094
2014-08-20,82.7896957397461
2014-08-21,83.25364685058594
2014-08-22,83.71758270263672
2014-08-25,84.03165435791016
2014-08-26,83.76042175292969
2014-08-27,84.47412109375
2014-08-28,84.91668701171875
2014-08-29,84.97383117675781
2014-09-02,83.50798034667969
2014-09-03,83.97295379638672
2014-09-04,82.949951171875
2014-09-05,82.79259490966797
2014-09-08,82.82831573486328
2014-09-09,82.763916015625
2014-09-10,82.24171447753906
2014-09-11,81.9698486328125
2014-09-12,81.11138153076172
2014-09-15,81.23300170898438
2014-09-16,80.90392303466797
2014-09-17,80.69649505615234
2014-09-18,80.95399475097656
2014-09-19,81.98418426513672
2014-09-22,82.08428192138672
2014-09-23,82.59226989746094
2014-09-24,82.13438415527344
2014-09-25,83.10731506347656
2014-09-26,82.98571014404297
2014-09-29,83.65101623535156
2014-09-30,83.17887115478516
2014-10-01,84.79182434082031
2014-10-02,84.05311584472656
2014-10-03,84.41170501708984
2014-10-06,84.4619140625
2014-10-07,85.60223388671875
2014-10-08,85.62372589111328
2014-10-09,85.25080871582031
2014-10-10,86.09708404541016
2014-10-13,86.62061309814453
2014-10-14,87.18718719482422
2014-10-15,87.87568664550781
2014-10-16,87.3162841796875
2014-10-17,86.8285903930664
2014-10-20,87.1441650390625
2014-10-21,86.44850158691406
2014-10-22,86.54170989990234
2014-10-23,85.77435302734375
2014-10-24,85.86043548583984
2014-10-27,86.0181655883789
2014-10-28,85.48029327392578
2014-10-29,85.67391204833984
2014-10-30,85.74565887451172
2014-10-31,85.5233154296875
2014-11-03,85.5233154296875
2014-11-04,85.7893295288086
2014-11-05,85.66707611083984
2014-11-06,85.1135025024414
2014-11-07,86.09130859375
2014-11-10,85.30045318603516
2014-11-11,85.3580093383789
2014-11-12,85.28607177734375
2014-11-13,85.48738861083984
2014-11-14,85.90436553955078
2014-11-17,85.68870544433594
2014-11-18,85.92591094970703
2014-11-19,85.37956237792969
2014-11-20,85.82527923583984
2014-11-21,86.34292602539062
2014-11-24,86.41480255126953
2014-11-25,87.13372802734375
2014-11-26,87.3709487915039
2014-11-28,88.0611572265625
2014-12-01,87.54736328125
2014-12-02,86.69715118408203
2014-12-03,87.0357666015625
2014-12-04,87.7635269165039
2014-12-05,87.2519302368164
2014-12-08,88.318359375
2014-12-09,88.77232360839844
2014-12-10,89.42081451416016
2014-12-11,89.78826904296875
2014-12-12,91.00605773925781
2014-12-15,90.81871032714844
2014-12-16,91.94277954101562
2014-12-17,91.1141357421875
2014-12-18,89.49288940429688
2014-12-19,90.6961898803711
2014-12-22,90.81871032714844
2014-12-23,89.0173110961914
2014-12-24,89.5018310546875
2014-12-26,89.83399200439453
2014-12-29,90.5055160522461
2014-12-30,90.75102233886719
2014-12-31,90.92427825927734
2015-01-02,91.9352798461914
2015-01-05,93.3794174194336
2015-01-06,95.06182861328125
2015-01-07,94.87409973144531
2015-01-08,93.61767578125
2015-01-09,94.6430435180664
2015-01-12,95.18461608886719
2015-01-13,95.18461608886719
2015-01-14,95.90667724609375
2015-01-15,97.41586303710938
2015-01-16,96.17388153076172
2015-01-20,97.45193481445312
2015-01-21,96.32548522949219
2015-01-22,95.97887420654297
2015-01-23,97.31475067138672
2015-01-26,97.0186767578125
2015-01-27,97.1702880859375
2015-01-28,98.75894927978516
2015-01-29,98.10897064208984
2015-01-30,99.84918975830078
2015-02-02,99.47225189208984
2015-02-03,97.36672973632812
2015-02-04,97.53316497802734
2015-02-05,96.46234893798828
2015-02-06,94.75476837158203
2015-02-09,94.60282135009766
2015-02-10,93.85035705566406
2015-02-11,94.02400207519531
2015-02-12,93.71293640136719
2015-02-13,92.75059509277344
2015-02-17,91.35417175292969
2015-02-18,91.89681243896484
2015-02-19,91.28902435302734
2015-02-20,91.55674743652344
2015-02-23,92.60586547851562
2015-02-24,93.82141876220703
2015-02-25,94.2265853881836
2015-02-26,92.93866729736328
2015-02-27,93.72007751464844
2015-03-02,91.97447204589844
2015-03-03,91.6410140991211
2015-03-04,91.66995239257812
2015-03-05,91.55397033691406
2015-03-06,89.5313491821289
2015-03-09,90.3577880859375
2015-03-10,91.54674530029297
2015-03-11,92.21368408203125
2015-03-12,92.1484603881836
2015-03-13,91.86567687988281
2015-03-16,92.75016784667969
2015-03-17,93.51856994628906
2015-03-18,95.32374572753906
2015-03-19,94.83799743652344
2015-03-20,95.33821105957031
2015-03-23,95.22222137451172
2015-03-24,96.14289093017578
2015-03-25,95.3309097290039
2015-03-26,93.84483337402344
2015-03-27,95.011962890625
2015-03-30,94.54075622558594
2015-03-31,94.74372100830078
2015-04-01,95.98819732666016
2015-04-02,94.97118377685547
2015-04-06,94.44080352783203
2015-04-07,95.2326889038086
2015-04-08,95.26170349121094
2015-04-09,94.0267333984375
2015-04-10,94.16476440429688
2015-04-13,94.29550170898438
2015-04-14,94.9638671875
2015-04-15,94.88396453857422
2015-04-16,94.41175842285156
2015-04-17,95.4941635131836
2015-04-20,94.65149688720703
2015-04-21,94.22288513183594
2015-04-22,92.78447723388672
2015-04-23,93.1840591430664
2015-04-24,93.76521301269531
2015-04-27,93.76521301269531
2015-04-28,92.4720230102539
2015-04-29,91.33880615234375
2015-04-30,91.49864196777344
2015-05-01,90.26695251464844
2015-05-04,89.4151840209961
2015-05-05,89.29142761230469
2015-05-06,87.7627182006836
2015-05-07,88.94200897216797
2015-05-08,89.18226623535156
2015-05-11,87.012939453125
2015-05-12,87.23863220214844
2015-05-13,86.53975677490234
2015-05-14,86.77271270751953
2015-05-15,88.51254272460938
2015-05-18,87.02745056152344
2015-05-19,86.25586700439453
2015-05-20,86.40147399902344
2015-05-21,87.60990142822266
2015-05-22,87.64629364013672
2015-05-26,89.14585876464844
2015-05-27,89.34967803955078
2015-05-28,89.1313247680664
2015-05-29,89.32786560058594
2015-06-01,88.36781311035156
2015-06-02,87.13488006591797
2015-06-03,85.73419189453125
2015-06-04,86.8503646850586
2015-06-05,85.79254150390625
2015-06-08,85.69771575927734
2015-06-09,85.01925659179688
2015-06-10,84.27515411376953
2015-06-11,86.0478515625
2015-06-12,86.0478515625
2015-06-15,86.1865234375
2015-06-16,86.86495208740234
2015-06-17,86.19378662109375
2015-06-18,85.77067565917969
2015-06-19,86.87223815917969
2015-06-22,85.09949493408203
2015-06-23,84.58883666992188
2015-06-24,85.31835174560547
2015-06-25,85.01925659179688
2015-06-26,84.06358337402344
2015-06-29,86.28858947753906
2015-06-30,85.69046020507812
2015-07-01,84.53377532958984
2015-07-02,84.81161499023438
2015-07-06,86.38353729248047
2015-07-07,87.19508361816406
2015-07-08,87.94819641113281
2015-07-09,86.21534729003906
2015-07-10,84.84812927246094
2015-07-13,84.58494567871094
2015-07-14,84.86277770996094
2015-07-15,85.76209259033203
2015-07-16,86.35427856445312
2015-07-17,86.80023956298828
2015-07-20,86.43470001220703
2015-07-21,86.9026870727539
2015-07-22,87.44369506835938
2015-07-23,88.5330581665039
2015-07-24,88.75236511230469
2015-07-27,89.22765350341797
2015-07-28,88.57691955566406
2015-07-29,88.24790954589844
2015-07-30,88.92784881591797
2015-07-31,89.58589172363281
2015-08-03,90.52897644042969
2015-08-04,89.8108139038086
2015-08-05,89.13677215576172
2015-08-06,89.92806243896484
2015-08-07,91.1077651977539
2015-08-10,89.97937774658203
2015-08-11,91.40821838378906
2015-08-12,90.90994262695312
2015-08-13,90.61680603027344
2015-08-14,90.82935333251953
2015-08-17,91.23966217041016
2015-08-18,90.52161407470703
2015-08-19,91.41552734375
2015-08-20,92.33876037597656
2015-08-21,92.61723327636719
2015-08-24,92.58790588378906
2015-08-25,91.10044860839844
2015-08-26,89.34190368652344
2015-08-27,89.39319610595703
2015-08-28,89.65701293945312
2015-08-31,88.96822357177734
2015-09-01,89.6092529296875
2015-09-02,88.83824920654297
2015-09-03,89.27147674560547
2015-09-04,90.08655548095703
2015-09-08,88.7574462890625
2015-09-09,89.18339538574219
2015-09-10,88.58122253417969
2015-09-11,89.13931274414062
2015-09-14,89.27883911132812
2015-09-15,87.56785583496094
2015-09-16,87.23737335205078
2015-09-17,88.30223083496094
2015-09-18,89.66069030761719
2015-09-21,88.19939422607422
2015-09-22,89.42572784423828
2015-09-23,89.41831970214844
2015-09-24,90.02784729003906
2015-09-25,89.24943542480469
2015-09-28,90.77687072753906
2015-09-29,91.03384399414062
2015-09-30,90.71810150146484
2015-10-01,91.10516357421875
2015-10-02,91.65704345703125
2015-10-05,90.4134521484375
2015-10-06,90.80342864990234
2015-10-07,90.5018081665039
2015-10-08,89.74386596679688
2015-10-09,89.97930145263672
2015-10-12,90.66370391845703
2015-10-13,90.81817626953125
2015-10-14,91.61283111572266
2015-10-15,91.16395568847656
2015-10-16,91.19345092773438
2015-10-19,90.94332122802734
2015-10-20,90.38402557373047
2015-10-21,91.28175354003906
2015-10-22,91.43627166748047
2015-10-23,90.65626525878906
2015-10-26,91.2596664428711
2015-10-27,91.48783874511719
2015-10-28,91.11988830566406
2015-10-29,89.67028045654297
2015-10-30,90.34721374511719
2015-11-02,89.93205261230469
2015-11-03,89.194580078125
2015-11-04,89.29784393310547
2015-11-05,89.06184387207031
2015-11-06,87.756591796875
2015-11-09,87.26249694824219
2015-11-10,87.52056884765625
2015-11-11,87.33621215820312
2015-11-12,87.756591796875
2015-11-13,88.25804901123047
2015-11-16,88.17694091796875
2015-11-17,88.32443237304688
2015-11-18,88.50880432128906
2015-11-19,89.0987548828125
2015-11-20,88.82585906982422
2015-11-23,89.0987548828125
2015-11-24,89.09131622314453
2015-11-25,89.29784393310547
2015-11-27,89.20933532714844
2015-11-30,89.56336975097656
2015-12-01,90.77308654785156
2015-12-02,90.80265808105469
2015-12-03,88.33433532714844
2015-12-04,89.11030578613281
2015-12-07,89.9749526977539
2015-12-08,90.01927947998047
2015-12-09,89.92322540283203
2015-12-10,90.0414810180664
2015-12-11,91.46038055419922
2015-12-14,90.2779312133789
2015-12-15,89.74586486816406
2015-12-16,89.55374145507812
2015-12-17,90.56621551513672
2015-12-18,91.06866455078125
2015-12-21,91.04650115966797
2015-12-22,90.38880157470703
2015-12-23,89.70893096923828
2015-12-24,90.2228775024414
2015-12-28,90.48946380615234
2015-12-29,88.98613739013672
2015-12-30,88.8972396850586
2015-12-31,89.2971420288086
2016-01-04,89.94145965576172
2016-01-05,89.57855987548828
2016-01-06,90.78565979003906
2016-01-07,90.9486083984375
2016-01-08,91.35594940185547
2016-01-11,90.35616302490234
2016-01-12,91.6595230102539
2016-01-13,92.56297302246094
2016-01-14,91.69658660888672
2016-01-15,93.1258544921875
2016-01-19,92.8370590209961
2016-01-20,93.81463623046875
2016-01-21,93.17770385742188
2016-01-22,92.822265625
2016-01-25,93.32581329345703
2016-01-26,93.37025451660156
2016-01-27,93.34803009033203
2016-01-28,93.4813232421875
2016-01-29,94.27375793457031
2016-02-01,93.98511505126953
2016-02-02,95.72874450683594
2016-02-03,94.9348373413086
2016-02-04,95.39488220214844
2016-02-05,95.50616455078125
2016-02-08,97.56143188476562
2016-02-09,97.66532135009766
2016-02-10,98.52595520019531
2016-02-11,99.21595001220703
2016-02-12,97.56880187988281
2016-02-16,96.53749084472656
2016-02-17,95.94387817382812
2016-02-18,97.12364959716797
2016-02-19,97.20523834228516
2016-02-22,97.1533203125
2016-02-23,97.54653930664062
2016-02-24,97.3536376953125
2016-02-25,97.702392578125
2016-02-26,96.76009368896484
2016-02-29,97.1829833984375
2016-03-01,95.47177124023438
2016-03-02,95.86573791503906
2016-03-03,96.21509552001953
2016-03-04,95.59815979003906
2016-03-07,95.5683822631836
2016-03-08,96.62397766113281
2016-03-09,96.03669738769531
2016-03-10,95.64274597167969
2016-03-11,94.67630767822266
2016-03-14,94.97371673583984
2016-03-15,95.06293487548828
2016-03-16,95.34541320800781
2016-03-17,95.73934936523438
2016-03-18,95.9400634765625
2016-03-21,95.20414733886719
2016-03-22,95.18180847167969
2016-03-23,96.2597427368164
2016-03-24,96.2968978881836
2016-03-28,96.42329406738281
2016-03-29,97.43423461914062
2016-03-30,96.40838623046875
2016-03-31,97.09233093261719
2016-04-01,97.3455810546875
2016-04-04,97.40519714355469
2016-04-05,98.47040557861328
2016-04-06,97.75529479980469
2016-04-07,98.96199798583984
2016-04-08,98.33631134033203
2016-04-11,98.20967864990234
2016-04-12,97.53181457519531
2016-04-13,97.87446594238281
2016-04-14,97.40519714355469
2016-04-15,98.2394790649414
2016-04-18,97.81491088867188
2016-04-19,97.50942993164062
2016-04-20,96.43675994873047
2016-04-21,95.86318969726562
2016-04-22,95.61737823486328
2016-04-25,95.22257995605469
2016-04-26,94.7905044555664
2016-04-27,95.73657989501953
2016-04-28,96.13140869140625
2016-04-29,96.37715148925781
2016-05-02,95.40684509277344
2016-05-03,96.60855102539062
2016-05-04,97.13851928710938
2016-05-05,97.78791809082031
2016-05-06,97.36988830566406
2016-05-09,97.67594909667969
2016-05-10,97.68339538574219
2016-05-11,98.23576354980469
2016-05-12,97.78791809082031
2016-05-13,98.73588562011719
2016-05-16,97.88497161865234
2016-05-17,98.04912567138672
2016-05-18,96.65338897705078
2016-05-19,97.07134246826172
2016-05-20,97.14599609375
2016-05-23,97.36248779296875
2016-05-24,96.9295425415039
2016-05-25,96.56378173828125
2016-05-26,97.06387329101562
2016-05-27,96.92208099365234
2016-05-31,97.15345001220703
2016-06-01,97.54759216308594
2016-06-02,98.25068664550781
2016-06-03,99.64936065673828
2016-06-06,98.90888977050781
2016-06-07,99.14826202392578
2016-06-08,99.67929077148438
2016-06-09,100.3225326538086
2016-06-10,100.80867767333984
2016-06-13,101.25743103027344
2016-06-14,101.1826400756836
2016-06-15,101.57160186767578
2016-06-16,102.06524658203125
2016-06-17,101.4294662475586
2016-06-20,100.344970703125
2016-06-21,99.88123321533203
2016-06-22,100.0457763671875
2016-06-23,98.9013900756836
2016-06-24,101.556640625
2016-06-27,104.09220886230469
2016-06-28,104.3091049194336
2016-06-29,103.5087661743164
2016-06-30,103.8902359008789
2016-07-01,105.33267974853516
2016-07-05,106.65149688720703
2016-07-06,106.82386016845703
2016-07-07,106.8163833618164
2016-07-08,107.6031494140625
2016-07-11,106.65902709960938
2016-07-12,104.90557098388672
2016-07-13,106.14197540283203
2016-07-14,104.5983657836914
2016-07-15,103.69915008544922
2016-07-18,103.60176086425781
2016-07-19,104.18621826171875
2016-07-20,103.61674499511719
2016-07-21,103.8265151977539
2016-07-22,104.00638580322266
2016-07-25,103.9314193725586
2016-07-26,104.09635925292969
2016-07-27,105.39260864257812
2016-07-28,105.19783020019531
2016-07-29,106.0744857788086
2016-08-01,104.92448425292969
2016-08-02,103.84349822998047
2016-08-03,103.90349578857422
2016-08-04,104.6842041015625
2016-08-05,103.59574127197266
2016-08-08,103.79093170166016
2016-08-09,104.81187438964844
2016-08-10,105.21722412109375
2016-08-11,104.27892303466797
2016-08-12,105.15715789794922
2016-08-15,104.16625213623047
2016-08-16,103.88851165771484
2016-08-17,104.5115966796875
2016-08-18,104.67670440673828
2016-08-19,104.12875366210938
2016-08-22,105.00704193115234
2016-08-23,105.11962890625
2016-08-24,104.87188720703125
2016-08-25,104.47404479980469
2016-08-26,103.86597442626953
2016-08-29,105.25477600097656
2016-08-30,104.84940338134766
2016-08-31,104.99956512451172
2016-09-01,105.11536407470703
2016-09-02,104.25798034667969
2016-09-06,105.01757049560547
2016-09-07,104.94241333007812
2016-09-08,103.62626647949219
2016-09-09,101.91912078857422
2016-09-12,101.97171783447266
2016-09-13,100.81362915039062
2016-09-14,100.96395874023438
2016-09-15,100.52778625488281
2016-09-16,101.33999633789062
2016-09-19,101.00910949707031
2016-09-20,101.36258697509766
2016-09-21,102.18233489990234
2016-09-22,102.99456024169922
2016-09-23,102.89681243896484
2016-09-26,103.55104064941406
2016-09-27,104.3106460571289
2016-09-28,104.08504486083984
2016-09-29,104.3482437133789
2016-09-30,103.41568756103516
2016-10-03,103.07437133789062
2016-10-04,101.86896514892578
2016-10-05,101.39431762695312
2016-10-06,100.82923889160156
2016-10-07,100.89702606201172
2016-10-10,100.30180358886719
2016-10-11,100.07579803466797
2016-10-12,100.1738052368164
2016-10-13,100.55046081542969
2016-10-14,99.1415786743164
2016-10-17,99.7744140625
2016-10-18,100.09844970703125
2016-10-19,100.18128967285156
2016-10-20,100.28673553466797
2016-10-21,100.43746948242188
2016-10-24,100.00048828125
2016-10-25,100.26419067382812
2016-10-26,99.5860824584961
2016-10-27,98.50117492675781
2016-10-28,98.28273010253906
2016-10-31,98.88540649414062
2016-11-01,98.89299011230469
2016-11-02,99.3232192993164
2016-11-03,98.560791015625
2016-11-04,99.4439926147461
2016-11-07,98.59857177734375
2016-11-08,98.19847106933594
2016-11-09,94.0317153930664
2016-11-10,92.64280700683594
2016-11-11,92.12194061279297
2016-11-14,91.57093048095703
2016-11-15,92.02387237548828
2016-11-16,92.85416412353516
2016-11-17,91.48789978027344
2016-11-18,91.22367858886719
2016-11-21,91.45014190673828
2016-11-22,91.41995239257812
2016-11-23,91.06517028808594
2016-11-25,91.2010498046875
2016-11-28,91.87286376953125
2016-11-29,92.25780487060547
2016-11-30,90.76323699951172
2016-12-01,89.80487823486328
2016-12-02,90.46296691894531
2016-12-05,90.36463165283203
2016-12-06,90.2965316772461
2016-12-07,91.06805419921875
2016-12-08,89.9939956665039
2016-12-09,88.87455749511719
2016-12-12,89.04096221923828
2016-12-13,89.35863494873047
2016-12-14,88.3602066040039
2016-12-15,88.8064956665039
2016-12-16,88.6022720336914
2016-12-19,89.55531311035156
2016-12-20,89.10903930664062
2016-12-21,89.50235748291016
2016-12-22,89.34234619140625
2016-12-23,89.52436828613281
2016-12-27,89.23619842529297
2016-12-28,89.88833618164062
2016-12-29,90.20686340332031
2016-12-30,90.34337615966797
2017-01-03,90.73011016845703
2017-01-04,91.0789794921875
2017-01-05,92.50470733642578
2017-01-06,91.65534210205078
2017-01-09,92.39096069335938
2017-01-10,92.33026885986328
2017-01-11,92.6412124633789
2017-01-12,92.43643951416016
2017-01-13,91.99658966064453
2017-01-17,92.95972442626953
2017-01-18,91.76907348632812
2017-01-19,91.13964080810547
2017-01-20,90.95763397216797
2017-01-23,91.86766052246094
2017-01-24,91.23823547363281
2017-01-25,90.09315490722656
2017-01-26,90.3964614868164
2017-01-27,90.7225570678711
2017-01-30,90.4495620727539
2017-01-31,91.0789794921875
2017-02-01,90.51578521728516
2017-02-02,90.47784423828125
2017-02-03,90.43983459472656
2017-02-06,90.98699188232422
2017-02-07,91.65581512451172
2017-02-08,92.90219116210938
2017-02-09,91.83067321777344
2017-02-10,91.77742004394531
2017-02-13,91.48863220214844
2017-02-14,90.82743835449219
2017-02-15,90.4094467163086
2017-02-16,90.90343475341797
2017-02-17,91.4430160522461
2017-02-21,91.28343200683594
2017-02-22,91.43544006347656
2017-02-23,91.7090072631836
2017-02-24,92.72743225097656
2017-02-27,92.18021392822266
2017-02-28,92.52220916748047
2017-03-01,90.9719009399414
2017-03-02,90.64446258544922
2017-03-03,90.88050842285156
2017-03-06,90.44646453857422
2017-03-07,90.17232513427734
2017-03-08,89.68498229980469
2017-03-09,88.96923828125
2017-03-10,89.28144836425781
2017-03-13,88.71794891357422
2017-03-14,89.14439392089844
2017-03-15,90.23324584960938
2017-03-16,89.77639770507812
2017-03-17,90.33984375
2017-03-20,90.72819519042969
2017-03-21,91.48207092285156
2017-03-22,91.8475341796875
2017-03-23,91.7181396484375
2017-03-24,92.04557037353516
2017-03-27,92.46437072753906
2017-03-28,91.8475341796875
2017-03-29,92.39581298828125
2017-03-30,91.64960479736328
2017-03-31,91.9161148071289
2017-04-03,92.84322357177734
2017-04-04,92.339599609375
2017-04-05,92.6219482421875
2017-04-06,92.4845962524414
2017-04-07,92.11066436767578
2017-04-10,92.53797912597656
2017-04-11,93.41555786132812
2017-04-12,93.92679595947266
2017-04-13,94.21678161621094
2017-04-17,93.92679595947266
2017-04-18,95.15534210205078
2017-04-19,94.63646697998047
2017-04-20,94.27014923095703
2017-04-21,94.27014923095703
2017-04-24,93.80472564697266
2017-04-25,92.67535400390625
2017-04-26,93.18663024902344
2017-04-27,93.15608215332031
2017-04-28,93.36211395263672
2017-05-01,92.58597564697266
2017-05-02,93.06005096435547
2017-05-03,93.12126159667969
2017-05-04,92.66243743896484
2017-05-05,92.74656677246094
2017-05-08,92.24185943603516
2017-05-09,92.2342529296875
2017-05-10,92.1271743774414
2017-05-11,92.1271743774414
2017-05-12,92.82300567626953
2017-05-15,92.5706787109375
2017-05-16,92.91482543945312
2017-05-17,94.26823425292969
2017-05-18,94.37530517578125
2017-05-19,94.59707641601562
2017-05-22,94.33705139160156
2017-05-23,93.702392578125
2017-05-24,94.23001098632812
2017-05-25,94.26061248779297
2017-05-26,94.42119598388672
2017-05-30,94.88761901855469
2017-05-31,95.12469482421875
2017-06-01,95.13459777832031
2017-06-02,96.26110076904297
2017-06-05,95.66337585449219
2017-06-06,96.18441772460938
2017-06-07,95.72471618652344
2017-06-08,95.4718246459961
2017-06-09,95.32624816894531
2017-06-12,95.29556274414062
2017-06-13,95.31088256835938
2017-06-14,96.78215026855469
2017-06-15,96.62891387939453
2017-06-16,96.82048034667969
2017-06-19,96.68256378173828
2017-06-20,97.54842376708984
2017-06-21,97.7476577758789
2017-06-22,97.96228790283203
2017-06-23,97.916259765625
2017-06-26,98.28411102294922
2017-06-27,97.23426055908203
2017-06-28,96.91242980957031
2017-06-29,96.10018157958984
2017-06-30,95.87796783447266
2017-07-03,95.56930541992188
2017-07-05,95.59228515625
2017-07-06,94.8014144897461
2017-07-07,94.2331771850586
2017-07-10,94.37133026123047
2017-07-11,94.53263854980469
2017-07-12,95.1853256225586
2017-07-13,94.58642578125
2017-07-14,94.70159149169922
2017-07-17,94.96263885498047
2017-07-18,95.79196166992188
2017-07-19,95.83036804199219
2017-07-20,96.10677337646484
2017-07-21,96.51373291015625
2017-07-24,96.13748168945312
2017-07-25,94.8858871459961
2017-07-26,95.0394287109375
2017-07-27,94.57103729248047
2017-07-28,95.13156127929688
2017-07-31,95.24673461914062
2017-08-01,95.91548919677734
2017-08-02,95.9693374633789
2017-08-03,96.96207427978516
2017-08-04,96.1386489868164
2017-08-07,96.24640655517578
2017-08-08,95.90006256103516
2017-08-09,96.42335510253906
2017-08-10,97.24679565429688
2017-08-11,97.29296112060547
2017-08-14,96.79277038574219
2017-08-15,96.38491821289062
2017-08-16,96.73892974853516
2017-08-17,97.4622802734375
2017-08-18,97.43917846679688
2017-08-21,97.67772674560547
2017-08-22,97.3006591796875
2017-08-23,97.96247100830078
2017-08-24,97.6008071899414
2017-08-25,97.97782897949219
2017-08-28,97.91625213623047
2017-08-29,98.23181915283203
2017-08-30,98.20101165771484
2017-08-31,98.49345397949219
2017-09-01,97.74010467529297
2017-09-05,99.28999328613281
2017-09-06,98.68084716796875
2017-09-07,99.69099426269531
2017-09-08,99.47508239746094
2017-09-11,98.28755187988281
2017-09-12,97.77091217041016
2017-09-13,97.38531494140625
2017-09-14,97.78630065917969
2017-09-15,97.82490539550781
2017-09-18,97.26194763183594
2017-09-19,97.0229263305664
2017-09-20,97.09230041503906
2017-09-21,97.038330078125
2017-09-22,97.31594848632812
2017-09-25,97.92510986328125
2017-09-26,97.74775695800781
2017-09-27,96.2749252319336
2017-09-28,95.98963165283203
2017-09-29,96.20548248291016
2017-10-02,96.02936553955078
2017-10-03,96.1220932006836
2017-10-04,96.12977600097656
2017-10-05,95.76670837402344
2017-10-06,95.49622344970703
2017-10-09,95.79755401611328
2017-10-10,95.95208740234375
2017-10-11,96.13750457763672
2017-10-12,96.54703521728516
2017-10-13,97.24247741699219
2017-10-16,97.17289733886719
2017-10-17,97.2965316772461
2017-10-18,96.65518951416016
2017-10-19,96.8251953125
2017-10-20,95.79755401611328
2017-10-23,95.9675521850586
2017-10-24,95.37257385253906
2017-10-25,94.91667938232422
2017-10-26,94.599853515625
2017-10-27,95.22576141357422
2017-10-30,96.13750457763672
2017-10-31,96.16841125488281
2017-11-01,96.59661865234375
2017-11-02,97.02253723144531
2017-11-03,97.28579711914062
2017-11-06,97.64969635009766
2017-11-07,98.06008911132812
2017-11-08,97.84329986572266
2017-11-09,97.56452941894531
2017-11-10,96.09332275390625
2017-11-13,96.2946548461914
2017-11-14,96.94505310058594
2017-11-15,97.99813842773438
2017-11-16,97.14634704589844
2017-11-17,97.86654663085938
2017-11-20,97.8277587890625
2017-11-21,98.13750457763672
2017-11-22,98.45502471923828
2017-11-24,98.18397521972656
2017-11-27,98.04460144042969
2017-11-28,98.17627716064453
2017-11-29,97.20838928222656
2017-11-30,96.8831558227539
2017-12-01,98.19054412841797
2017-12-04,98.23709869384766
2017-12-05,98.72588348388672
2017-12-06,99.06729888916016
2017-12-07,98.2913818359375
2017-12-08,98.29915618896484
2017-12-11,98.09742736816406
2017-12-12,98.0586166381836
2017-12-13,98.79573059082031
2017-12-14,99.21467590332031
2017-12-15,99.58712768554688
2017-12-18,98.67932891845703
2017-12-19,97.39913177490234
2017-12-20,96.32062530517578
2017-12-21,96.8819351196289
2017-12-22,97.0141830444336
2017-12-26,97.3018569946289
2017-12-27,98.56929779052734
2017-12-28,98.48373413085938
2017-12-29,98.63923645019531
2018-01-02,97.573974609375
2018-01-03,98.0405044555664
2018-01-04,98.0250244140625
2018-01-05,97.74507904052734
2018-01-08,97.68287658691406
2018-01-09,96.3765869140625
2018-01-10,96.25996398925781
2018-01-11,96.65652465820312
2018-01-12,96.81980895996094
2018-01-16,97.22412109375
2018-01-17,97.0919418334961
2018-01-18,96.18994903564453
2018-01-19,95.68457794189453
2018-01-22,95.77788543701172
2018-01-23,96.18994903564453
2018-01-24,95.66899871826172
2018-01-25,96.45435333251953
2018-01-26,96.0966796875
2018-01-29,95.42798614501953
2018-01-30,94.86811828613281
2018-01-31,95.42798614501953
2018-02-01,94.04499053955078
2018-02-02,93.1723403930664
2018-02-05,94.05276489257812
2018-02-06,93.46837615966797
2018-02-07,92.58014678955078
2018-02-08,92.47883605957031
2018-02-09,91.89451599121094
2018-02-12,92.29964447021484
2018-02-13,92.7126235961914
2018-02-14,91.68411254882812
2018-02-15,91.99576568603516
2018-02-16,92.49449157714844
2018-02-20,92.08927154541016
2018-02-21,90.95948791503906
2018-02-22,91.23219299316406
2018-02-23,92.04248809814453
2018-02-26,92.07366943359375
2018-02-27,91.94122314453125
2018-02-28,92.5256118774414
2018-03-01,93.15718841552734
2018-03-02,92.39993286132812
2018-03-05,92.1500473022461
2018-03-06,92.23590850830078
2018-03-07,92.13444519042969
2018-03-08,92.66532897949219
2018-03-09,92.056396484375
2018-03-12,92.5872802734375
2018-03-13,93.05574798583984
2018-03-14,93.8754653930664
2018-03-15,93.8754653930664
2018-03-16,93.53974914550781
2018-03-19,93.24308776855469
2018-03-20,92.86833190917969
2018-03-21,92.96981811523438
2018-03-22,93.89109802246094
2018-03-23,93.8208236694336
2018-03-26,93.46167755126953
2018-03-27,94.46104431152344
2018-03-28,94.71088409423828
2018-03-29,95.17152404785156
2018-04-02,95.35926818847656
2018-04-03,94.62379455566406
2018-04-04,94.42821502685547
2018-04-05,93.7240982055664
2018-04-06,94.74901580810547
2018-04-09,94.9054946899414
2018-04-10,94.73334503173828
2018-04-11,95.0698013305664
2018-04-12,94.37344360351562
2018-04-13,94.5925521850586
2018-04-16,94.62379455566406
2018-04-17,94.88200378417969
2018-04-18,94.12305450439453
2018-04-19,93.35633087158203
2018-04-20,92.6834487915039
2018-04-23,92.70693969726562
2018-04-24,92.2844009399414
2018-04-25,91.66635131835938
2018-04-26,92.30790710449219
2018-04-27,93.01988983154297
2018-04-30,93.18421173095703
2018-05-01,92.84854888916016
2018-05-02,92.74663543701172
2018-05-03,93.16222381591797
2018-05-04,93.30339050292969
2018-05-07,93.1543960571289
2018-05-08,93.06815338134766
2018-05-09,92.51139831542969
2018-05-10,93.25631713867188
2018-05-11,93.49158477783203
2018-05-14,92.99758911132812
2018-05-15,91.9389877319336
2018-05-16,91.58616638183594
2018-05-17,91.12351989746094
2018-05-18,91.90763092041016
2018-05-21,91.9546890258789
2018-05-22,91.81354522705078
2018-05-23,92.48006439208984
2018-05-24,93.21710205078125
2018-05-25,93.79739379882812
2018-05-29,95.85183715820312
2018-05-30,95.20882415771484
2018-05-31,95.05198669433594
2018-06-01,94.54974365234375
2018-06-04,93.86599731445312
2018-06-05,94.08609008789062
2018-06-06,93.32366943359375
2018-06-07,94.22752380371094
2018-06-08,93.944580078125
2018-06-11,93.77165985107422
2018-06-12,93.79528045654297
2018-06-13,93.74812316894531
2018-06-14,94.52617645263672
2018-06-15,94.61265563964844
2018-06-18,94.52617645263672
2018-06-19,95.07634735107422
2018-06-20,94.24324798583984
2018-06-21,94.73843383789062
2018-06-22,94.73053741455078
2018-06-25,94.9427719116211
2018-06-26,95.07634735107422
2018-06-27,95.97232055664062
2018-06-28,95.99592590332031
2018-06-29,95.66580963134766
2018-07-02,95.59097290039062
2018-07-03,96.10302734375
2018-07-05,96.37871551513672
2018-07-06,96.69381713867188
2018-07-09,96.07148742675781
2018-07-10,96.0635986328125
2018-07-11,96.43384552001953
2018-07-12,96.42601013183594
2018-07-13,96.670166015625
2018-07-16,96.2684326171875
2018-07-17,96.08727264404297
2018-07-18,95.70124816894531
2018-07-19,96.30781555175781
2018-07-20,95.12626647949219
2018-07-23,93.95247650146484
2018-07-24,94.2754898071289
2018-07-25,94.12580871582031
2018-07-26,93.94464874267578
2018-07-27,94.1021728515625
2018-07-30,93.77922058105469
2018-07-31,94.29122924804688
2018-08-01,93.52301788330078
2018-08-02,93.65727233886719
2018-08-03,94.12308502197266
2018-08-06,94.1783218383789
2018-08-07,93.68888092041016
2018-08-08,93.78358459472656
2018-08-09,94.57308959960938
2018-08-10,95.25993347167969
2018-08-13,95.06257629394531
2018-08-14,94.84941864013672
2018-08-15,95.40204620361328
2018-08-16,95.39417266845703
2018-08-17,95.51258850097656
2018-08-20,96.15205383300781
2018-08-21,95.82836151123047
2018-08-22,96.20735931396484
2018-08-23,96.3573226928711
2018-08-24,96.54679107666016
2018-08-27,95.99414825439453
2018-08-28,95.41780090332031
2018-08-29,95.54415130615234
2018-08-30,95.7494125366211
2018-08-31,95.52838134765625
2018-09-04,94.97607421875
2018-09-05,94.72286224365234
2018-09-06,95.0710220336914
2018-09-07,94.26387023925781
2018-09-10,94.61209106445312
2018-09-11,93.89197540283203
2018-09-12,94.11355590820312
2018-09-13,94.2560043334961
2018-09-14,93.8049545288086
2018-09-17,93.8049545288086
2018-09-18,92.82376861572266
2018-09-19,92.2699203491211
2018-09-20,92.69717407226562
2018-09-21,92.6576156616211
2018-09-24,92.42028045654297
2018-09-25,92.32527923583984
2018-09-26,92.97412109375
2018-09-27,93.03742980957031
2018-09-28,92.7921371459961
2018-10-01,92.1109619140625
2018-10-02,92.67398834228516
2018-10-03,91.06416320800781
2018-10-04,90.42179870605469
2018-10-05,89.64464569091797
2018-10-08,89.3432388305664
2018-10-09,90.24732208251953
2018-10-10,90.00146484375
2018-10-11,91.09586334228516
2018-10-12,90.77863311767578
2018-10-15,90.73899841308594
2018-10-16,90.94515991210938
2018-10-17,90.4059066772461
2018-10-18,90.37417602539062
2018-10-19,90.1759262084961
2018-10-22,90.05693054199219
2018-10-23,90.34249114990234
2018-10-24,91.02446746826172
2018-10-25,90.64384460449219
2018-10-26,91.19100952148438
2018-10-29,90.98479461669922
2018-10-30,90.53282165527344
2018-10-31,90.07286071777344
2018-11-01,90.15634155273438
2018-11-02,89.03540802001953
2018-11-05,89.38518524169922
2018-11-06,89.32958221435547
2018-11-07,89.44879150390625
2018-11-08,89.44085693359375
2018-11-09,90.1086196899414
2018-11-12,90.69684600830078
2018-11-13,90.64122772216797
2018-11-14,90.69684600830078
2018-11-15,90.65715789794922
2018-11-16,91.18179321289062
2018-11-19,91.43621063232422
2018-11-20,91.46800994873047
2018-11-21,91.43621063232422
2018-11-23,91.53160858154297
2018-11-26,91.32492065429688
2018-11-27,91.42823028564453
2018-11-28,90.98309326171875
2018-11-29,91.34078979492188
2018-11-30,91.6826171875
2018-12-03,92.33360290527344
2018-12-04,93.87943267822266
2018-12-06,94.17420959472656
2018-12-07,94.34953308105469
2018-12-10,94.73995208740234
2018-12-11,94.72402954101562
2018-12-12,94.30175018310547
2018-12-13,94.07861328125
2018-12-14,94.4052963256836
2018-12-17,94.9551010131836
2018-12-18,95.52375793457031
2018-12-19,96.78573608398438
2018-12-20,96.43429565429688
2018-12-21,96.41831970214844
2018-12-24,96.89749145507812
2018-12-26,95.8592529296875
2018-12-27,95.87520599365234
2018-12-28,96.68186950683594
2018-12-31,97.04926300048828
2019-01-02,97.5604248046875
2019-01-03,98.67061614990234
2019-01-04,97.52850341796875
2019-01-07,97.240966796875
2019-01-08,96.98542022705078
2019-01-09,96.83363342285156
2019-01-10,96.21063995361328
2019-01-11,96.58606719970703
2019-01-14,96.22665405273438
2019-01-15,95.87520599365234
2019-01-16,95.97107696533203
2019-01-17,95.99502563476562
2019-01-18,95.49180603027344
2019-01-22,96.13877868652344
2019-01-23,96.09881591796875
2019-01-24,96.72979736328125
2019-01-25,96.26654815673828
2019-01-28,96.17072296142578
2019-01-29,96.65792846679688
2019-01-30,96.58606719970703
2019-01-31,97.41667938232422
2019-02-01,96.82830810546875
2019-02-04,96.39604949951172
2019-02-05,96.8363037109375
2019-02-06,96.88435363769531
2019-02-07,97.52474975585938
2019-02-08,97.94100952148438
2019-02-11,97.55677032470703
2019-02-12,97.30859375
2019-02-13,96.94036865234375
2019-02-14,97.49275207519531
2019-02-15,97.64482116699219
2019-02-19,97.89298248291016
2019-02-20,97.61279296875
2019-02-21,96.74024963378906
2019-02-22,97.31664276123047
2019-02-25,97.02842712402344
2019-02-26,97.50872802734375
2019-02-27,96.40406799316406
2019-02-28,96.07585906982422
2019-03-01,95.18780517578125
2019-03-04,95.93385314941406
2019-03-05,96.13440704345703
2019-03-06,96.48735809326172
2019-03-07,97.1130599975586
2019-03-08,97.5221939086914
2019-03-11,97.2333984375
2019-03-12,97.91525268554688
2019-03-13,97.73075866699219
2019-03-14,97.02484893798828
2019-03-15,97.66661834716797
2019-03-18,97.61042785644531
2019-03-19,97.39383697509766
2019-03-20,98.41265106201172
2019-03-21,98.62922668457031
2019-03-22,100.16139221191406
2019-03-25,100.32183074951172
2019-03-26,100.24967956542969
2019-03-27,101.17216491699219
2019-03-28,101.52513885498047
2019-03-29,101.42887115478516
2019-04-01,99.98815155029297
2019-04-02,100.17308044433594
2019-04-03,99.30482482910156
2019-04-04,99.58617401123047
2019-04-05,99.71479797363281
2019-04-08,99.36106872558594
2019-04-09,99.67464447021484
2019-04-10,99.91580200195312
2019-04-11,99.32889556884766
2019-04-12,98.62141418457031
2019-04-15,98.87065124511719
2019-04-16,98.2516098022461
2019-04-17,98.29182434082031
2019-04-18,98.80633544921875
2019-04-22,98.33199310302734
2019-04-23,98.541015625
2019-04-24,99.34500885009766
2019-04-25,99.20026397705078
2019-04-26,99.5379638671875
2019-04-29,98.90283203125
2019-04-30,99.4093017578125
2019-05-01,99.81938934326172
2019-05-02,99.3440933227539
2019-05-03,99.62605285644531
2019-05-06,99.89995574951172
2019-05-07,100.66534423828125
2019-05-08,100.23030853271484
2019-05-09,100.64112091064453
2019-05-10,100.50415802001953
2019-05-13,101.29373931884766
2019-05-14,100.99565887451172
2019-05-15,101.61593627929688
2019-05-16,101.27761840820312
2019-05-17,101.5031967163086
2019-05-20,101.29373931884766
2019-05-21,101.13258361816406
2019-05-22,101.71263122558594
2019-05-23,102.8566665649414
2019-05-24,102.94528198242188
2019-05-28,103.68649291992188
2019-05-29,104.00065612792969
2019-05-30,104.89496612548828
2019-05-31,106.20817565917969
2019-06-03,106.9185791015625
2019-06-04,105.69953155517578
2019-06-05,105.10215759277344
2019-06-06,105.44125366210938
2019-06-07,106.35350036621094
2019-06-10,105.35244750976562
2019-06-11,105.41702270507812
2019-06-12,105.49771881103516
2019-06-13,105.86103057861328
2019-06-14,106.1274185180664
2019-06-17,106.3130874633789
2019-06-18,106.84593963623047
2019-06-19,106.99927520751953
2019-06-20,107.2818374633789
2019-06-21,106.10317993164062
2019-06-24,106.8943099975586
2019-06-25,107.22534942626953
2019-06-26,106.53913116455078
2019-06-27,107.28995513916016
2019-06-28,107.21727752685547
2019-07-01,106.966552734375
2019-07-02,107.79156494140625
2019-07-03,108.5600814819336
2019-07-05,107.12020111083984
2019-07-08,107.26576232910156
2019-07-09,107.22534942626953
2019-07-10,106.6348876953125
2019-07-11,105.2112808227539
2019-07-12,105.33258819580078
2019-07-15,105.93924713134766
2019-07-16,105.623779296875
2019-07-17,106.76432037353516
2019-07-18,106.77239227294922
2019-07-19,106.52163696289062
2019-07-22,106.72386169433594
2019-07-23,106.14144897460938
2019-07-24,106.60252380371094
2019-07-25,106.09293365478516
2019-07-26,106.34365844726562
2019-07-29,106.37605285644531
2019-07-30,106.6348876953125
2019-07-31,107.49227142333984
2019-08-01,109.62712860107422
2019-08-02,110.64021301269531
2019-08-05,112.552978515625
2019-08-06,113.45264434814453
2019-08-07,113.49317169189453
2019-08-08,113.73631286621094
2019-08-09,113.50936889648438
2019-08-12,115.87600708007812
2019-08-13,115.4788818359375
2019-08-14,118.08063507080078
2019-08-15,119.39350891113281
2019-08-16,118.4371337890625
2019-08-19,116.74320983886719
2019-08-20,117.95091247558594
2019-08-21,117.16471099853516
2019-08-22,116.38665008544922
2019-08-23,118.29934692382812
2019-08-26,117.82123565673828
2019-08-27,119.6366958618164
2019-08-28,119.79069519042969
2019-08-29,119.33678436279297
2019-08-30,119.36921691894531
2019-09-03,119.52349853515625
2019-09-04,119.70211029052734
2019-09-05,117.53428649902344
2019-09-06,118.37061309814453
2019-09-09,116.2677230834961
2019-09-10,114.2297592163086
2019-09-11,114.02671813964844
2019-09-12,113.27986145019531
2019-09-13,110.86028289794922
2019-09-16,112.27306365966797
2019-09-17,112.8819580078125
2019-09-18,113.36100769042969
2019-09-19,113.70199584960938
2019-09-20,115.20406341552734
2019-09-23,115.17965698242188
2019-09-24,116.56814575195312
2019-09-25,114.86309814453125
2019-09-26,115.6019287109375
2019-09-27,115.8860855102539
2019-09-30,116.1702880859375
2019-10-01,116.52005004882812
2019-10-02,116.8046646118164
2019-10-03,117.87007904052734
2019-10-04,118.74044036865234
2019-10-07,117.75627136230469
2019-10-08,118.07347869873047
2019-10-09,117.40654754638672
2019-10-10,115.6578598022461
2019-10-11,114.226318359375
2019-10-14,115.05596160888672
2019-10-15,113.66514587402344
2019-10-16,113.80341339111328
2019-10-17,113.52690887451172
2019-10-18,113.52690887451172
2019-10-21,112.6728286743164
2019-10-22,113.33167266845703
2019-10-23,113.44554138183594
2019-10-24,113.21782684326172
2019-10-25,112.6647720336914
2019-10-28,111.63992309570312
2019-10-29,111.71309661865234
2019-10-30,113.34793853759766
2019-10-31,114.87706756591797
2019-11-01,114.52338409423828
2019-11-04,113.01609802246094
2019-11-05,111.74507141113281
2019-11-06,112.42134857177734
2019-11-07,110.3843994140625
2019-11-08,109.92000579833984
2019-11-11,109.99335479736328
2019-11-12,110.49848937988281
2019-11-13,111.21549224853516
2019-11-14,112.36426544189453
2019-11-15,112.24207305908203
2019-11-18,112.44578552246094
2019-11-19,113.38280487060547
2019-11-20,114.55599975585938
2019-11-21,113.83905792236328
2019-11-22,113.98564910888672
2019-11-25,114.3197250366211
2019-11-26,114.98784637451172
2019-11-27,114.65376281738281
2019-11-29,114.40933990478516
2019-12-02,112.88395690917969
2019-12-03,115.25081634521484
2019-12-04,114.10001373291016
2019-12-05,113.54503631591797
2019-12-06,112.91664123535156
2019-12-09,113.16141510009766
2019-12-10,113.16958618164062
2019-12-11,114.05924224853516
2019-12-12,112.18201446533203
2019-12-13,113.47970581054688
2019-12-16,112.45951843261719
2019-12-17,112.30447387695312
2019-12-18,111.38224029541016
2019-12-19,111.5604019165039
2019-12-20,111.70757293701172
2019-12-23,111.5440444946289
2019-12-24,111.86288452148438
2019-12-26,112.13265228271484
2019-12-27,112.25525665283203
2019-12-30,111.8465576171875
2019-12-31,110.7511215209961
2020-01-02,112.00183868408203
2020-01-03,113.72672271728516
2020-01-06,113.08091735839844
2020-01-07,112.52501678466797
2020-01-08,111.7811279296875
2020-01-09,112.17355346679688
2020-01-10,113.17081451416016
2020-01-13,112.82748413085938
2020-01-14,113.40789794921875
2020-01-15,114.15994262695312
2020-01-16,113.80030822753906
2020-01-17,112.82748413085938
2020-01-21,114.01284790039062
2020-01-22,114.41343688964844
2020-01-23,115.21444702148438
2020-01-24,116.14643859863281
2020-01-27,117.95307159423828
2020-01-28,117.0292739868164
2020-01-29,118.17371368408203
2020-01-30,118.19011688232422
2020-01-31,119.26922607421875
2020-02-03,119.17251586914062
2020-02-04,117.56755828857422
2020-02-05,116.2820816040039
2020-02-06,116.80610656738281
2020-02-07,118.26360321044922
2020-02-10,118.59115600585938
2020-02-11,117.99346923828125
2020-02-12,117.39566040039062
2020-02-13,117.84606170654297
2020-02-14,118.36187744140625
2020-02-18,119.17251586914062
2020-02-19,119.16435241699219
2020-02-20,120.09784698486328
2020-02-21,121.21963500976562
2020-02-24,123.02926635742188
2020-02-25,123.68431091308594
2020-02-26,123.02926635742188
2020-02-27,124.36387634277344
2020-02-28,127.17257690429688
2020-03-02,126.23680877685547
2020-03-03,128.19674682617188
2020-03-04,126.83544158935547
2020-03-05,129.9925994873047
2020-03-06,136.7579803466797
2020-03-09,140.46450805664062
2020-03-10,133.26458740234375
2020-03-11,128.3607177734375
2020-03-12,129.1562042236328
2020-03-13,126.23680877685547
2020-03-16,134.41265869140625
2020-03-17,125.44955444335938
2020-03-18,118.37268829345703
2020-03-19,121.59544372558594
2020-03-20,130.7388458251953
2020-03-23,136.1265106201172
2020-03-24,133.59259033203125
2020-03-25,133.28916931152344
2020-03-26,133.9452362060547
2020-03-27,137.52056884765625
2020-03-30,136.3889617919922
2020-03-31,135.2818603515625
2020-04-01,137.17727661132812
2020-04-02,138.04769897460938
2020-04-03,138.37625122070312
2020-04-06,138.01487731933594
2020-04-07,136.569580078125
2020-04-08,135.57586669921875
2020-04-09,135.82223510742188
2020-04-13,134.5822296142578
2020-04-14,134.54937744140625
2020-04-15,138.11349487304688
2020-04-16,139.68197631835938
2020-04-17,137.8096466064453
2020-04-20,138.918212890625
2020-04-21,140.66744995117188
2020-04-22,139.23031616210938
2020-04-23,139.96945190429688
2020-04-24,140.29794311523438
2020-04-27,137.68643188476562
2020-04-28,139.2713623046875
2020-04-29,138.54869079589844
2020-04-30,136.93087768554688
2020-05-01,138.10348510742188
2020-05-04,137.45387268066406
2020-05-05,136.5740203857422
2020-05-06,134.37026977539062
2020-05-07,136.61508178710938
2020-05-08,134.8390350341797
2020-05-11,133.7864532470703
2020-05-12,135.15972900390625
2020-05-13,136.1053466796875
2020-05-14,137.4374237060547
2020-05-15,137.08387756347656
2020-05-18,134.07427978515625
2020-05-19,134.57591247558594
2020-05-20,134.9788360595703
2020-05-21,135.31588745117188
2020-05-22,136.12998962402344
2020-05-26,134.30458068847656
2020-05-27,134.05783081054688
2020-05-28,133.56446838378906
2020-05-29,134.51828002929688
2020-06-01,133.61265563964844
2020-06-02,133.1268768310547
2020-06-03,131.3566436767578
2020-06-04,129.4547119140625
2020-06-05,128.5325927734375
2020-06-08,129.02659606933594
2020-06-09,130.49217224121094
2020-06-10,132.42703247070312
2020-06-11,134.92996215820312
2020-06-12,133.629150390625
2020-06-15,133.7032012939453
2020-06-16,131.65304565429688
2020-06-17,132.19642639160156
2020-06-18,133.59616088867188
2020-06-19,133.7032012939453
2020-06-22,133.7196502685547
2020-06-23,132.80580139160156
2020-06-24,134.23016357421875
2020-06-25,134.61712646484375
2020-06-26,136.05799865722656
2020-06-29,135.62986755371094
2020-06-30,134.97113037109375
2020-07-01,134.70901489257812
2020-07-02,134.84912109375
2020-07-06,134.29690551757812
2020-07-07,136.1845245361328
2020-07-08,135.64047241210938
2020-07-09,137.80020141601562
2020-07-10,137.1077880859375
2020-07-13,137.5611114501953
2020-07-14,137.7589874267578
2020-07-15,137.11602783203125
2020-07-16,137.76718139648438
2020-07-17,137.47877502441406
2020-07-20,137.8166961669922
2020-07-21,137.8991241455078
2020-07-22,138.3112335205078
2020-07-23,139.92689514160156
2020-07-24,139.91873168945312
2020-07-27,139.39938354492188
2020-07-28,140.36375427246094
2020-07-29,140.12481689453125
2020-07-30,141.0480194091797
2020-07-31,140.9573211669922
2020-08-03,140.2476043701172
2020-08-04,141.58448791503906
2020-08-05,140.34664916992188
2020-08-06,141.13059997558594
2020-08-07,140.1898651123047
2020-08-10,139.56260681152344
2020-08-11,137.90391540527344
2020-08-12,136.64964294433594
2020-08-13,135.18893432617188
2020-08-14,134.66085815429688
2020-08-17,134.99913024902344
2020-08-18,135.9646453857422
2020-08-19,135.11468505859375
2020-08-20,136.33599853515625
2020-08-21,137.1529998779297
2020-08-24,136.93020629882812
2020-08-25,135.8822021484375
2020-08-26,135.36224365234375
2020-08-27,133.0598602294922
2020-08-28,132.96087646484375
2020-08-31,133.84381103515625
2020-09-01,135.3747100830078
2020-09-02,136.6635284423828
2020-09-03,137.05184936523438
2020-09-04,134.4493865966797
2020-09-08,135.27561950683594
2020-09-09,134.91204833984375
2020-09-10,135.59788513183594
2020-09-11,135.88694763183594
2020-09-14,135.878662109375
2020-09-15,135.54818725585938
2020-09-16,135.14337158203125
2020-09-17,135.5564422607422
2020-09-18,135.13514709472656
2020-09-21,135.82083129882812
2020-09-22,135.7134552001953
2020-09-23,135.89523315429688
2020-09-24,136.41566467285156
2020-09-25,136.41566467285156
2020-09-28,136.0273895263672
2020-09-29,136.18434143066406
2020-09-30,134.87904357910156
2020-10-01,135.10157775878906
2020-10-02,134.59695434570312
2020-10-05,131.96707153320312
2020-10-06,132.67832946777344
2020-10-07,131.71072387695312
2020-10-08,132.42189025878906
2020-10-09,132.39707946777344
2020-10-12,132.8188934326172
2020-10-13,133.7699737548828
2020-10-14,134.07603454589844
2020-10-15,133.84439086914062
2020-10-16,133.47222900390625
2020-10-19,132.96780395507812
2020-10-20,131.7024383544922
2020-10-21,131.24755859375
2020-10-22,129.8829803466797
2020-10-23,130.6769561767578
2020-10-26,131.89263916015625
2020-10-27,132.77752685546875
2020-10-28,132.90155029296875
2020-10-29,131.61146545410156
2020-10-30,130.31301879882812
2020-11-02,131.28909301757812
2020-11-03,130.52748107910156
2020-11-04,133.3589324951172
2020-11-05,133.59063720703125
2020-11-06,131.97633361816406
2020-11-09,129.2028350830078
2020-11-10,128.4577178955078
2020-11-11,128.92137145996094
2020-11-12,131.1153564453125
2020-11-13,130.9414520263672
2020-11-16,130.62684631347656
2020-11-17,131.4795379638672
2020-11-18,131.86041259765625
2020-11-19,132.53924560546875
2020-11-20,133.71495056152344
2020-11-23,133.1022491455078
2020-11-24,131.7776336669922
2020-11-25,131.37197875976562
2020-11-27,132.64694213867188
2020-11-30,132.48129272460938
2020-12-01,130.52796936035156
2020-12-02,129.49209594726562
2020-12-03,130.53627014160156
2020-12-04,128.62184143066406
2020-12-07,129.78213500976562
2020-12-08,130.39544677734375
2020-12-09,129.9644012451172
2020-12-10,131.11639404296875
2020-12-11,131.58047485351562
2020-12-14,131.21588134765625
2020-12-15,130.77662658691406
2020-12-16,130.42849731445312
2020-12-17,130.08331298828125
2020-12-18,129.6934814453125
2020-12-21,130.20782470703125
2020-12-22,130.87982177734375
2020-12-23,129.9755859375
2020-12-24,130.4899444580078
2020-12-28,130.5480194091797
2020-12-29,130.38209533691406
2020-12-30,130.66412353515625
2020-12-31,130.8549346923828
2021-01-04,130.6973114013672
2021-01-05,129.7266845703125
2021-01-06,127.06364440917969
2021-01-07,125.94361114501953
2021-01-08,125.53717803955078
2021-01-11,125.32968139648438
2021-01-12,125.23017120361328
2021-01-13,126.64042663574219
2021-01-14,125.45418548583984
2021-01-15,125.95196533203125
2021-01-19,126.35848236083984
2021-01-20,126.48284912109375
2021-01-21,125.59515380859375
2021-01-22,126.00167083740234
2021-01-25,127.48665618896484
2021-01-26,127.24609375
2021-01-27,127.5696792602539
2021-01-28,126.86455535888672
2021-01-29,126.10124969482422
2021-02-01,126.24742126464844
2021-02-02,125.43343353271484
2021-02-03,124.32049560546875
2021-02-04,123.98828125
2021-02-05,122.95008087158203
2021-02-08,123.48991394042969
2021-02-09,123.581298828125
2021-02-10,124.40351867675781
2021-02-11,123.72248840332031
2021-02-12,122.18596649169922
2021-02-16,120.32545471191406
2021-02-17,121.08953857421875
2021-02-18,120.59952545166016
2021-02-19,118.99655151367188
2021-02-22,118.09119415283203
2021-02-23,117.75070190429688
2021-02-24,116.97823333740234
2021-02-25,115.06788635253906
2021-02-26,118.8719482421875
2021-03-01,117.30194091796875
2021-03-02,117.31022644042969
2021-03-03,116.03795623779297
2021-03-04,115.28951263427734
2021-03-05,115.5140151977539
2021-03-08,114.61592102050781
2021-03-09,116.20426177978516
2021-03-10,116.43708038330078
2021-03-11,115.59722900390625
2021-03-12,113.14404296875
2021-03-15,113.8093032836914
2021-03-16,113.35193634033203
2021-03-17,112.5037612915039
2021-03-18,111.36447143554688
2021-03-19,112.0546646118164
2021-03-22,113.31034851074219
2021-03-23,114.33323669433594
2021-03-24,114.94852447509766
2021-03-25,114.04217529296875
2021-03-26,113.64300537109375
2021-03-29,112.6783447265625
2021-03-30,113.26882934570312
2021-03-31,112.63678741455078
2021-04-01,114.50624084472656
2021-04-05,114.00658416748047
2021-04-06,114.78099060058594
2021-04-07,113.98159790039062
2021-04-08,114.92254638671875
2021-04-09,114.50624084472656
2021-04-12,114.45624542236328
2021-04-13,115.31392669677734
2021-04-14,114.94757080078125
2021-04-15,116.87110900878906
2021-04-16,115.96344757080078
2021-04-19,115.63035583496094
2021-04-20,116.163330078125
2021-04-21,116.39645385742188
2021-04-22,116.90441131591797
2021-04-23,116.62958526611328
2021-04-26,116.46308898925781
2021-04-27,115.44717407226562
2021-04-28,115.52216339111328
2021-04-29,115.18070220947266
2021-04-30,115.44717407226562
2021-05-03,115.51644134521484
2021-05-04,116.30035400390625
2021-05-05,116.49210357666016
2021-05-06,116.68392944335938
2021-05-07,116.10853576660156
2021-05-10,114.93268585205078
2021-05-11,114.28218841552734
2021-05-12,113.08134460449219
2021-05-13,113.2564468383789
2021-05-14,114.31552124023438
2021-05-17,114.07369995117188
2021-05-18,113.78181457519531
2021-05-19,113.50666046142578
2021-05-20,114.4406509399414
2021-05-21,114.80752563476562
2021-05-24,115.23287963867188
2021-05-25,116.30035400390625
2021-05-26,116.10020446777344
2021-05-27,115.63313293457031
2021-05-28,115.44971466064453
2021-06-01,115.42383575439453
2021-06-02,115.6910400390625
2021-06-03,115.25675201416016
2021-06-04,116.83515930175781
2021-06-07,116.47611999511719
2021-06-08,117.29449462890625
2021-06-09,118.3300552368164
2021-06-10,119.0399398803711
2021-06-11,118.84784698486328
2021-06-14,117.93756103515625
2021-06-15,117.79558563232422
2021-06-16,117.69541931152344
2021-06-17,119.45747375488281
2021-06-18,121.70401000976562
2021-06-21,119.66626739501953
2021-06-22,119.95858764648438
2021-06-23,119.6495361328125
2021-06-24,119.84163665771484
2021-06-25,118.59735107421875
2021-06-28,119.81661987304688
2021-06-29,120.0171127319336
2021-06-30,120.55150604248047
2021-07-01,120.55816650390625
2021-07-02,121.28570556640625
2021-07-06,122.70726013183594
2021-07-07,123.79438781738281
2021-07-08,124.27938842773438
2021-07-09,122.53164672851562
2021-07-12,122.37277221679688
2021-07-13,121.43624114990234
2021-07-14,122.81604766845703
2021-07-15,124.17070770263672
2021-07-16,123.9365463256836
2021-07-19,126.65424346923828
2021-07-20,125.4333724975586
2021-07-21,123.84459686279297
2021-07-22,125.0152816772461
2021-07-23,124.17906188964844
2021-07-26,123.81111907958984
2021-07-27,125.13231658935547
2021-07-28,125.14073944091797
2021-07-29,124.4466552734375
2021-07-30,125.03203582763672
2021-08-02,126.14723205566406
2021-08-03,126.21419525146484
2021-08-04,126.47376251220703
2021-08-05,125.82909393310547
2021-08-06,123.72760009765625
2021-08-09,123.28385162353516
2021-08-10,122.7145004272461
2021-08-11,122.63915252685547
2021-08-12,122.43819427490234
2021-08-13,124.37223052978516
2021-08-16,124.67363739013672
2021-08-17,124.62345123291016
2021-08-18,125.04212188720703
2021-08-19,125.96300506591797
2021-08-20,126.04674530029297
2021-08-23,125.96300506591797
2021-08-24,124.98343658447266
2021-08-25,123.94523620605469
2021-08-26,124.28849029541016
2021-08-27,125.1341781616211
2021-08-30,125.4605941772461
2021-08-31,124.60670471191406
2021-09-01,124.8154296875
2021-09-02,125.36031341552734
2021-09-03,124.22020721435547
2021-09-07,123.17232513427734
2021-09-08,124.01065826416016
2021-09-09,125.51122283935547
2021-09-10,124.40467834472656
2021-09-13,125.15912628173828
2021-09-14,126.67650604248047
2021-09-15,126.2321548461914
2021-09-16,125.65377807617188
2021-09-17,125.05014038085938
2021-09-20,126.60102844238281
2021-09-21,126.49202728271484
2021-09-22,127.2464828491211
2021-09-23,124.37112426757812
2021-09-24,123.1556167602539
2021-09-27,122.70286560058594
2021-09-28,120.79153442382812
2021-09-29,121.00106048583984
2021-09-30,120.98436737060547
2021-10-01,122.00251007080078
2021-10-04,121.69197845458984
2021-10-05,120.51683044433594
2021-10-06,121.19673919677734
2021-10-07,119.92925262451172
2021-10-08,119.08992004394531
2021-10-11,118.78776550292969
2021-10-12,120.81906127929688
2021-10-13,121.9941177368164
2021-10-14,122.44740295410156
2021-10-15,121.73389434814453
2021-10-18,122.30465698242188
2021-10-19,120.61756134033203
2021-10-20,119.80333709716797
2021-10-21,119.6606674194336
2021-10-22,120.97850799560547
2021-10-25,120.7938232421875
2021-10-26,121.7927017211914
2021-10-27,124.00865173339844
2021-10-28,123.58895111083984
2021-10-29,123.96662902832031
2021-11-01,123.07410430908203
2021-11-02,123.62036895751953
2021-11-03,122.3429183959961
2021-11-04,123.62876892089844
2021-11-05,125.47772979736328
2021-11-08,125.24243927001953
2021-11-09,126.87291717529297
2021-11-10,124.55323028564453
2021-11-11,124.36837768554688
2021-11-12,123.82209014892578
2021-11-15,122.26728820800781
2021-11-16,121.95632934570312
2021-11-17,122.92278289794922
2021-11-18,123.38504028320312
2021-11-19,124.68775177001953
2021-11-22,123.22533416748047
2021-11-23,121.44364166259766
2021-11-24,123.39349365234375
2021-11-26,126.51150512695312
2021-11-29,125.49457550048828
2021-11-30,127.40241241455078
2021-12-01,128.18829345703125
2021-12-02,128.34817504882812
2021-12-03,129.8795928955078
2021-12-06,128.09573364257812
2021-12-07,127.06069946289062
2021-12-08,124.8645248413086
2021-12-09,125.56290435791016
2021-12-10,125.2600326538086
2021-12-13,127.11125183105469
2021-12-14,126.8082504272461
2021-12-15,125.58818817138672
2021-12-16,125.63700866699219
2021-12-17,127.06069946289062
2021-12-20,126.10872650146484
2021-12-21,125.62861633300781
2021-12-22,126.20987701416016
2021-12-23,125.11478424072266
2021-12-27,125.41798400878906
2021-12-28,124.92096710205078
2021-12-29,123.55633544921875
2021-12-30,124.59243774414062
2021-12-31,124.83667755126953
2022-01-03,121.55975341796875
2022-01-04,121.05431365966797
2022-01-05,120.3972396850586
2022-01-06,120.70887756347656
2022-01-07,119.84123992919922
2022-01-10,120.13607025146484
2022-01-11,120.93634033203125
2022-01-12,120.47303771972656
2022-01-13,121.54289245605469
2022-01-14,119.70647430419922
2022-01-18,118.02159881591797
2022-01-19,118.83878326416016
2022-01-20,119.57166290283203
2022-01-21,120.99534606933594
2022-01-24,120.00128936767578
2022-01-25,119.80753326416016
2022-01-26,118.35858154296875
2022-01-27,120.53199768066406
2022-01-28,120.57414245605469
2022-01-31,119.95075988769531
2022-02-01,119.55261993408203
2022-02-02,119.95755767822266
2022-02-03,119.02113342285156
2022-02-04,117.26649475097656
2022-02-07,117.34239196777344
2022-02-08,116.55787658691406
2022-02-09,116.7771987915039
2022-02-10,114.92134094238281
2022-02-11,116.6253433227539
2022-02-14,115.17438507080078
2022-02-15,113.86682891845703
2022-02-16,114.541748046875
2022-02-17,115.39374542236328
2022-02-18,116.6085205078125
2022-02-22,116.91216278076172
2022-02-23,115.3009262084961
2022-02-24,115.37689208984375
2022-02-25,115.4612045288086
2022-02-28,117.99197387695312
2022-03-01,119.3561782836914
2022-03-02,115.27625274658203
2022-03-03,116.45040130615234
2022-03-04,118.46078491210938
2022-03-07,117.55695343017578
2022-03-08,116.37437438964844
2022-03-09,115.2340087890625
2022-03-10,113.57839965820312
2022-03-11,113.95853424072266
2022-03-14,111.2977294921875
2022-03-15,111.10343933105469
2022-03-16,112.19309997558594
2022-03-17,111.3568344116211
2022-03-18,112.71680450439453
2022-03-21,110.10670471191406
2022-03-22,108.69602966308594
2022-03-23,111.07810974121094
2022-03-24,110.20803833007812
2022-03-25,108.67911529541016
2022-03-28,109.6082763671875
2022-03-29,110.4361343383789
2022-03-30,111.2977294921875
2022-03-31,111.56800842285156
2022-04-01,111.99269104003906
2022-04-04,111.21440124511719
2022-04-05,108.70179748535156
2022-04-06,107.82195281982422
2022-04-07,107.0097885131836
2022-04-08,105.85081481933594
2022-04-11,104.17572021484375
2022-04-12,104.03192138671875
2022-04-13,104.243408203125
2022-04-14,102.15381622314453
2022-04-18,101.64619445800781
2022-04-19,100.88479614257812
2022-04-20,102.91521453857422
2022-04-21,102.15381622314453
2022-04-22,101.51081848144531
2022-04-25,102.5260009765625
2022-04-26,103.55815887451172
2022-04-27,102.22992706298828
2022-04-28,102.38220977783203
2022-04-29,101.05398559570312
2022-05-02,99.30236053466797
2022-05-03,99.97180938720703
2022-05-04,100.5226821899414
2022-05-05,97.76849365234375
2022-05-06,96.32784271240234
2022-05-09,97.17529296875
2022-05-10,98.05665588378906
2022-05-11,99.94642639160156
2022-05-12,99.75996398925781
2022-05-13,98.28543853759766
2022-05-16,98.18375396728516
2022-05-17,96.99734497070312
2022-05-18,99.06507110595703
2022-05-19,99.30236053466797
2022-05-20,100.42943572998047
2022-05-23,98.77693176269531
2022-05-24,100.72602844238281
2022-05-25,101.12433624267578
2022-05-26,100.66670989990234
2022-05-27,100.91246795654297
2022-05-31,98.77693176269531
2022-06-01,98.66403198242188
2022-06-02,98.71498107910156
2022-06-03,98.50270080566406
2022-06-06,96.68599700927734
2022-06-07,97.73018646240234
2022-06-08,96.86429595947266
2022-06-09,97.18689727783203
2022-06-10,96.58413696289062
2022-06-13,93.55342102050781
2022-06-14,92.3733901977539
2022-06-15,94.09671783447266
2022-06-16,94.84379577636719
2022-06-17,95.1494369506836
2022-06-21,93.53640747070312
2022-06-22,96.10872650146484
2022-06-23,96.89825439453125
2022-06-24,95.5569076538086
2022-06-27,94.74191284179688
2022-06-28,95.1833724975586
2022-06-29,96.66903686523438
2022-06-30,97.5179672241211
2022-07-01,98.51913452148438
2022-07-05,99.29320526123047
2022-07-06,97.62596893310547
2022-07-07,96.76686096191406
2022-07-08,95.695068359375
2022-07-11,97.34527587890625
2022-07-12,97.92374420166016
2022-07-13,99.0465087890625
2022-07-14,98.23843383789062
2022-07-15,98.79135131835938
2022-07-18,97.7620849609375
2022-07-19,97.23469543457031
2022-07-20,97.4898910522461
2022-07-21,99.17411804199219
2022-07-22,100.84133911132812
2022-07-25,99.85462188720703
2022-07-26,99.93118286132812
2022-07-27,99.3697738647461
2022-07-28,100.16083526611328
2022-07-29,99.88864135742188
2022-08-01,102.29430389404297
2022-08-02,100.12985229492188
2022-08-03,101.70631408691406
2022-08-04,101.6722640991211
2022-08-05,99.2520751953125
2022-08-08,100.85417175292969
2022-08-09,100.46215057373047
2022-08-10,99.80596160888672
2022-08-11,97.47956848144531
2022-08-12,98.46810150146484
2022-08-15,98.38285827636719
2022-08-16,98.79190826416016
2022-08-17,97.76078796386719
2022-08-18,97.9056625366211
2022-08-19,96.32911682128906
2022-08-22,96.00531768798828
2022-08-23,95.47697448730469
2022-08-24,94.7781982421875
2022-08-25,96.09906005859375
2022-08-26,96.82341766357422
2022-08-29,96.02237701416016
2022-08-30,96.26095581054688
2022-08-31,95.34062194824219
2022-09-01,93.59512329101562
2022-09-02,94.12455749511719
2022-09-06,91.79322814941406
2022-09-07,93.2449951171875
2022-09-08,92.28853607177734
2022-09-09,92.49348449707031
2022-09-12,91.73344421386719
2022-09-13,91.9469223022461
2022-09-14,92.2629165649414
2022-09-15,92.20314025878906
2022-09-16,91.4345474243164
2022-09-19,91.64804077148438
2022-09-20,90.73431396484375
2022-09-21,92.25435638427734
2022-09-22,89.89742279052734
2022-09-23,90.2646255493164
2022-09-26,88.53961181640625
2022-09-27,86.20828247070312
2022-09-28,89.09468841552734
2022-09-29,88.6335220336914
2022-09-30,87.48922729492188
2022-10-03,88.87937927246094
2022-10-04,88.63113403320312
2022-10-05,87.78369903564453
2022-10-06,87.2957534790039
2022-10-07,86.44831848144531
2022-10-10,85.10440063476562
2022-10-11,85.48101806640625
2022-10-12,85.90046691894531
2022-10-13,85.0787353515625
2022-10-14,84.37677764892578
2022-10-17,83.96588134765625
2022-10-18,84.16275024414062
2022-10-19,82.63052368164062
2022-10-20,81.21810913085938
2022-10-21,79.7543716430664
2022-10-24,79.09519958496094
2022-10-25,81.39786529541016
2022-10-26,82.57058715820312
2022-10-27,83.4351577758789
2022-10-28,82.86166381835938
2022-10-31,82.27100372314453
2022-11-01,83.03987121582031
2022-11-02,82.67945861816406
2022-11-03,82.23322296142578
2022-11-04,80.85167694091797
2022-11-07,80.0450439453125
2022-11-08,80.92031860351562
2022-11-09,81.18630981445312
2022-11-10,84.30986785888672
2022-11-11,84.00096893310547
2022-11-14,83.79501342773438
2022-11-15,85.15083312988281
2022-11-16,87.0129623413086
2022-11-17,86.09476470947266
2022-11-18,85.50267028808594
2022-11-21,85.86307525634766
2022-11-22,87.08160400390625
2022-11-23,88.60047149658203
2022-11-25,88.3001480102539
2022-11-28,88.54898834228516
2022-11-29,87.5106430053711
2022-11-30,88.15422821044922
2022-12-01,90.97040557861328
2022-12-02,92.11438751220703
2022-12-05,90.82415771484375
2022-12-06,91.99400329589844
2022-12-07,94.16158294677734
2022-12-08,93.903564453125
2022-12-09,91.46067810058594
2022-12-12,91.75313568115234
2022-12-13,92.63912963867188
2022-12-14,93.03478240966797
2022-12-15,93.39779663085938
2022-12-16,92.3544692993164
2022-12-19,90.80242919921875
2022-12-20,89.19005584716797
2022-12-21,89.41422271728516
2022-12-22,89.39698028564453
2022-12-23,88.08637237548828
2022-12-27,86.34465789794922
2022-12-28,85.83595275878906
2022-12-29,86.8102798461914
2022-12-30,85.84455871582031
2023-01-03,87.48284912109375
2023-01-04,88.68132019042969
2023-01-05,89.05207061767578
2023-01-06,90.69036102294922
2023-01-09,91.1732177734375
2023-01-10,89.6642837524414
2023-01-11,91.12149047851562
2023-01-12,92.91492462158203
2023-01-13,92.04405975341797
2023-01-17,91.4491195678711
2023-01-18,93.66507720947266
2023-01-19,93.07875061035156
2023-01-20,91.5698471069336
2023-01-23,91.13871002197266
2023-01-24,92.44932556152344
2023-01-25,92.67353057861328
2023-01-26,92.24240112304688
2023-01-27,92.00959014892578
2023-01-30,91.67330932617188
2023-01-31,92.40619659423828
2023-02-01,93.51703643798828
2023-02-02,93.6380844116211
2023-02-03,92.23762512207031
2023-02-06,91.55472564697266
2023-02-07,90.81993865966797
2023-02-08,91.25213623046875
2023-02-09,90.38770294189453
2023-02-10,89.37628936767578
2023-02-13,90.12837219238281
2023-02-14,89.9209213256836
2023-02-15,89.08235931396484
2023-02-16,87.82025909423828
2023-02-17,88.503173828125
2023-02-21,86.78292083740234
2023-02-22,87.5782241821289
2023-02-23,88.43403625488281
2023-02-24,87.2843246459961
2023-02-27,87.52632141113281
2023-02-28,87.92398834228516
2023-03-01,86.97943115234375
2023-03-02,86.2081527709961
2023-03-03,88.29662322998047
2023-03-06,87.61202239990234
2023-03-07,88.14930725097656
2023-03-08,88.23597717285156
2023-03-09,88.4526138305664
2023-03-10,91.50300598144531
2023-03-13,91.71098327636719
2023-03-14,90.20310974121094
2023-03-15,91.94498443603516
2023-03-16,91.22570037841797
2023-03-17,92.59489440917969
2023-03-20,91.78030395507812
2023-03-21,90.99173736572266
2023-03-22,92.20497131347656
2023-03-23,92.20497131347656
2023-03-24,92.59489440917969
2023-03-27,90.41978454589844
2023-03-28,90.58441162109375
2023-03-29,90.40242004394531
2023-03-30,90.81839752197266
2023-03-31,92.1789321899414
2023-04-03,92.61246490478516
2023-04-04,93.07292938232422
2023-04-05,94.04593658447266
2023-04-06,94.2892074584961
2023-04-10,92.76884460449219
2023-04-11,92.95999908447266
2023-04-12,92.8644027709961
2023-04-13,92.13465118408203
2023-04-14,91.29190826416016
2023-04-17,90.2059555053711
2023-04-18,90.52737426757812
2023-04-19,90.44052124023438
2023-04-20,91.21373748779297
2023-04-21,90.70112609863281
2023-04-24,91.57862091064453
2023-04-25,92.92523956298828
2023-04-26,91.93479919433594
2023-04-27,91.02259826660156
2023-04-28,92.49085235595703
2023-05-01,89.82389831542969
2023-05-02,92.06231689453125
2023-05-03,92.57621002197266
2023-05-04,91.66165161132812
2023-05-05,91.3568344116211
2023-05-08,90.07647705078125
2023-05-09,89.75422668457031
2023-05-10,90.62521362304688
2023-05-11,91.58329772949219
2023-05-12,90.81683349609375
2023-05-15,89.87616729736328
2023-05-16,89.60614776611328
2023-05-17,89.34486389160156
2023-05-18,88.68295288085938
2023-05-19,88.05579376220703
2023-05-22,87.74227142333984
2023-05-23,87.99485778808594
2023-05-24,87.55936431884766
2023-05-25,87.34163665771484
2023-05-26,88.04710388183594
2023-05-30,88.92679595947266
2023-05-31,89.70197296142578
2023-06-01,90.05390930175781
2023-06-02,89.06707763671875
2023-06-05,88.90115356445312
2023-06-06,89.42513275146484
2023-06-07,88.09772491455078
2023-06-08,89.12821197509766
2023-06-09,89.00592803955078
2023-06-12,89.26797485351562
2023-06-13,88.38594055175781
2023-06-14,89.09330749511719
2023-06-15,89.94911193847656
2023-06-16,89.59980773925781
2023-06-20,90.21980285644531
2023-06-21,90.43817138671875
2023-06-22,89.3465347290039
2023-06-23,90.2373275756836
2023-06-26,90.3333511352539
2023-06-27,90.09757995605469
2023-06-28,90.48181915283203
2023-06-29,88.84873962402344
2023-06-30,89.89673614501953
2023-07-03,89.38710021972656
2023-07-05,88.5377197265625
2023-07-06,87.28553009033203
2023-07-07,86.76009368896484
2023-07-10,86.87393188476562
2023-07-11,87.32051849365234
2023-07-12,88.29251098632812
2023-07-13,89.22071075439453
2023-07-14,88.6953125
2023-07-17,88.73910522460938
2023-07-18,89.14190673828125
2023-07-19,90.1489028930664
2023-07-20,89.05432891845703
2023-07-21,89.08061981201172
2023-07-24,88.75662231445312
2023-07-25,88.5902099609375
2023-07-26,88.67779541015625
2023-07-27,86.9527359008789
2023-07-28,87.39933013916016
2023-07-31,87.60948944091797
2023-08-01,86.17384338378906
2023-08-02,85.25186920166016
2023-08-03,83.28499603271484
2023-08-04,84.76014709472656
2023-08-07,83.92598724365234
2023-08-08,84.900634765625
2023-08-09,85.3396987915039
2023-08-10,83.93476104736328
2023-08-11,83.7416000366211
2023-08-14,83.55718994140625
2023-08-15,83.04792785644531
2023-08-16,82.39813995361328
2023-08-17,82.04693603515625
2023-08-18,82.3366928100586
2023-08-21,81.23910522460938
2023-08-22,81.86251068115234
2023-08-23,83.890869140625
2023-08-24,83.33769226074219
2023-08-25,83.60987854003906
2023-08-28,83.69768524169922
2023-08-29,84.56697845458984
2023-08-30,84.47918701171875
2023-08-31,84.85675048828125
2023-09-01,83.53480529785156
2023-09-05,82.36347198486328
2023-09-06,82.5660400390625
2023-09-07,82.7950210571289
2023-09-08,83.112060546875
2023-09-11,82.51317596435547
2023-09-12,82.98876190185547
2023-09-13,82.97116088867188
2023-09-14,82.37228393554688
2023-09-15,81.87026977539062
2023-09-18,82.33705139160156
2023-09-19,81.72935485839844
2023-09-20,81.98475646972656
2023-09-21,79.87989044189453
2023-09-22,80.52278137207031
2023-09-25,78.54122161865234
2023-09-26,78.26819610595703
2023-09-27,77.86305236816406
2023-09-28,78.10086822509766
2023-09-29,78.10965728759766
2023-10-02,76.8021011352539
2023-10-03,75.14996337890625
2023-10-04,76.21015930175781
2023-10-05,75.83026123046875
2023-10-06,74.91141510009766
2023-10-09,76.6695785522461
2023-10-10,76.56356811523438
2023-10-11,78.1626968383789
2023-10-12,76.04228210449219
2023-10-13,77.40289306640625
2023-10-16,76.15715789794922
2023-10-17,75.31783294677734
2023-10-18,74.65521240234375
2023-10-19,73.12676239013672
2023-10-20,73.54199981689453
2023-10-23,74.42548370361328
2023-10-24,75.40616607666016
2023-10-25,73.72755432128906
2023-10-26,74.85841369628906
2023-10-27,74.54036712646484
2023-10-30,74.20463562011719
2023-10-31,73.84239959716797
2023-11-01,75.44345092773438
2023-11-02,77.1633071899414
2023-11-03,77.68636322021484
2023-11-06,76.93282318115234
2023-11-07,78.0676040649414
2023-11-08,79.3973617553711
2023-11-09,77.57112121582031
2023-11-10,78.00553131103516
2023-11-13,77.82823181152344
2023-11-14,79.5924072265625
2023-11-15,78.47538757324219
2023-11-16,79.45055389404297
2023-11-17,79.82292175292969
2023-11-20,80.31050872802734
2023-11-21,80.2750473022461
2023-11-22,80.55870819091797
2023-11-24,79.61014556884766
2023-11-27,80.93993377685547
2023-11-28,81.09950256347656
2023-11-29,82.11902618408203
2023-11-30,81.17041778564453
2023-12-01,82.69921112060547
2023-12-04,82.37015533447266
2023-12-05,84.13990783691406
2023-12-06,85.26048278808594
2023-12-07,84.77132415771484
2023-12-08,84.07768249511719
2023-12-11,83.8998031616211
2023-12-12,84.14881134033203
2023-12-13,86.12313842773438
2023-12-14,88.36345672607422
2023-12-15,88.46160125732422
2023-12-18,87.75675201416016
2023-12-19,88.22960662841797
2023-12-20,88.8274154663086
2023-12-21,88.26530456542969
2023-12-22,87.86381530761719
2023-12-26,88.11366271972656
2023-12-27,89.67498016357422
2023-12-28,89.02368927001953
2023-12-29,88.2206802368164
2024-01-02,87.71212005615234
2024-01-03,88.07794952392578
2024-01-04,86.73965454101562
2024-01-05,85.9098892211914
2024-01-08,86.75747680664062
2024-01-09,86.2043228149414
2024-01-10,85.8028335571289
2024-01-11,86.28459930419922
2024-01-12,86.11510467529297
2024-01-16,84.59837341308594
2024-01-17,84.46452331542969
2024-01-18,83.67939758300781
2024-01-19,83.94705963134766
2024-01-22,84.44668579101562
2024-01-23,83.77752685546875
2024-01-24,83.28681182861328
2024-01-25,83.8310775756836
2024-01-26,83.67045593261719
2024-01-29,84.63407897949219
2024-01-30,85.4013442993164
2024-01-31,86.24002075195312
2024-02-01,87.93170166015625
2024-02-02,85.9893798828125
2024-02-05,84.25296020507812
2024-02-06,85.07642364501953
2024-02-07,84.66468811035156
2024-02-08,84.17240142822266
2024-02-09,84.00234985351562
2024-02-12,84.10079956054688
2024-02-13,82.65973663330078
2024-02-14,83.08041381835938
2024-02-15,83.51005554199219
2024-02-16,83.02670288085938
2024-02-20,83.09832000732422
2024-02-21,82.50757598876953
2024-02-22,82.91036224365234
2024-02-23,84.020263671875
2024-02-26,83.7696304321289
2024-02-27,83.17887115478516
2024-02-28,83.70694732666016
2024-02-29,84.29771423339844
2024-03-01,84.82296752929688
2024-03-04,84.48177337646484
2024-03-05,85.68494415283203
2024-03-06,86.1877670288086
2024-03-07,86.10694122314453
2024-03-08,85.95429992675781
2024-03-11,85.90940856933594
2024-03-12,85.19112396240234
2024-03-13,84.7780532836914
2024-03-14,83.47613525390625
2024-03-15,83.44922637939453
2024-03-18,83.19782257080078
2024-03-19,83.43125915527344
2024-03-20,83.4043197631836
2024-03-21,83.5838851928711
2024-03-22,84.38301849365234
2024-03-25,83.96100616455078
2024-03-26,84.19444274902344
2024-03-27,85.02949523925781
2024-03-28,84.9576644897461
2024-04-01,83.37395477294922
2024-04-02,82.91451263427734
2024-04-03,82.89651489257812
2024-04-04,83.49105834960938
2024-04-05,82.32896423339844
2024-04-08,82.31995391845703
2024-04-09,83.08568572998047
2024-04-10,81.27495574951172
2024-04-11,80.90560150146484
2024-04-12,81.33802032470703
2024-04-15,80.07682800292969
2024-04-16,79.5453109741211
2024-04-17,80.42814636230469
2024-04-18,80.02277374267578
2024-04-19,80.3110580444336
2024-04-22,80.17591857910156
2024-04-23,80.20293426513672
2024-04-24,79.63540649414062
2024-04-25,79.07688903808594
2024-04-26,79.49127197265625
2024-04-29,80.15790557861328
2024-04-30,79.47325897216797
2024-05-01,80.05908203125
2024-05-02,80.4025650024414
2024-05-03,81.2161865234375
2024-05-06,81.5326156616211
2024-05-07,82.02980041503906
2024-05-08,81.5326156616211
2024-05-09,81.93032836914062
2024-05-10,81.46931457519531
2024-05-13,81.67720794677734
2024-05-14,82.1382827758789
2024-05-15,83.25924682617188
2024-05-16,83.17788696289062
2024-05-17,82.6174087524414
2024-05-20,82.3733139038086
2024-05-21,82.79820251464844
2024-05-22,82.89763641357422
2024-05-23,82.3642807006836
2024-05-24,82.60836029052734
2024-05-28,81.42411041259766
2024-05-29,80.4387435913086
2024-05-30,81.2161865234375
2024-05-31,81.76763916015625
2024-06-03,83.0901870727539
2024-06-04,84.06078338623047
2024-06-05,84.6776123046875
2024-06-06,84.55062103271484
2024-06-07,82.99948120117188
2024-06-10,82.44612884521484
2024-06-11,83.29883575439453
2024-06-12,83.92469787597656
2024-06-13,85.15837860107422
2024-06-14,85.87496948242188
2024-06-17,85.02230834960938
2024-06-18,85.80241394042969
2024-06-20,85.23094177246094
2024-06-21,85.23094177246094
2024-06-24,85.57563781738281
2024-06-25,85.72076416015625
2024-06-26,84.49617767333984
2024-06-27,84.83183288574219
2024-06-28,83.25347137451172
2024-07-01,81.81661224365234
2024-07-02,82.45361328125
2024-07-03,83.53649139404297
2024-07-05,84.22803497314453
2024-07-08,84.41004180908203
2024-07-09,84.03695678710938
2024-07-10,84.30084991455078
2024-07-11,85.11982727050781
2024-07-12,85.48383331298828
2024-07-15,84.50106048583984
2024-07-16,85.69312286376953
2024-07-17,85.7113265991211
2024-07-18,85.05613708496094
2024-07-19,84.55565643310547
2024-07-22,84.3099594116211
2024-07-23,84.19164276123047
2024-07-24,83.28167724609375
2024-07-25,83.96415710449219
2024-07-26,84.61935424804688
2024-07-29,85.0743179321289
2024-07-30,85.40194702148438
2024-07-31,86.2755126953125
2024-08-01,87.01962280273438
2024-08-02,89.73127746582031
2024-08-05,90.20603942871094
2024-08-06,88.18827819824219
2024-08-07,87.56742858886719
2024-08-08,87.02874755859375
2024-08-09,87.88700866699219
2024-08-12,88.2065658569336
2024-08-13,88.81826782226562
2024-08-14,89.37521362304688
2024-08-15,88.65392303466797
2024-08-16,88.96434020996094
2024-08-19,89.37521362304688
2024-08-20,90.08735656738281
2024-08-21,90.14215087890625
2024-08-22,89.24738311767578
2024-08-23,89.83171081542969
2024-08-26,89.60346221923828
2024-08-27,89.44823455810547
2024-08-28,89.33870697021484
2024-08-29,89.04652404785156
2024-08-30,88.09697723388672
2024-09-03,89.53782653808594
2024-09-04,90.69197082519531
2024-09-05,91.20494079589844
2024-09-06,91.19575500488281
2024-09-09,91.58964538574219
2024-09-10,92.2308578491211
2024-09-11,92.15757751464844
2024-09-12,91.72706604003906
2024-09-13,91.97437286376953
2024-09-16,92.81707763671875
2024-09-17,92.36820983886719
2024-09-18,91.22325134277344
2024-09-19,90.9209976196289
2024-09-20,90.5728988647461
2024-09-23,90.38054656982422
2024-09-24,90.36221313476562
2024-09-25,89.61113739013672
2024-09-26,89.82179260253906
2024-09-27,90.2889404296875
2024-09-30,89.85844421386719
2024-10-01,90.50720977783203
2024-10-02,89.74449157714844
2024-10-03,88.8990478515625
2024-10-04,87.80551147460938
2024-10-07,87.14386749267578
2024-10-08,87.2909164428711
2024-10-09,86.7946548461914
2024-10-10,86.45465850830078
2024-10-11,86.10543823242188
2024-10-14,86.1697769165039
2024-10-15,87.21739196777344
2024-10-16,87.5849609375
2024-10-17,86.19734191894531
2024-10-18,86.26168060302734
2024-10-21,84.75460815429688
2024-10-22,84.8373031616211
2024-10-23,84.60755920410156
2024-10-24,85.14974975585938
2024-10-25,84.67189025878906
2024-10-28,84.44215393066406
2024-10-29,84.57080078125
2024-10-30,84.81890869140625
2024-10-31,84.9567642211914
2024-11-01,83.7590103149414
2024-11-04,85.0591049194336
2024-11-05,85.51092529296875
2024-11-06,83.16890716552734
2024-11-07,84.21083068847656
2024-11-08,85.28040313720703
2024-11-11,84.86547088623047
2024-11-12,83.59304809570312
2024-11-13,82.80009460449219
2024-11-14,83.2795639038086
2024-11-15,83.05827331542969
2024-11-18,83.20578002929688
2024-11-19,83.62992095947266
2024-11-20,83.362548828125
2024-11-21,83.29798126220703
2024-11-22,83.34410858154297
2024-11-25,85.501708984375
2024-11-26,85.16974639892578
2024-11-27,85.75985717773438
2024-11-29,86.6450424194336
2024-12-02,86.85321807861328
2024-12-03,86.10377502441406
2024-12-04,87.02900695800781
2024-12-05,87.20481872558594
2024-12-06,87.33434295654297
2024-12-09,86.52938079833984
2024-12-10,86.12226104736328
2024-12-11,85.30805206298828
2024-12-12,84.27177429199219
2024-12-13,83.41130065917969
2024-12-16,83.66110229492188
2024-12-17,83.86466217041016
2024-12-18,82.81599426269531
2024-12-19,81.56204986572266
2024-12-20,82.02645111083984
2024-12-23,81.27411651611328
2024-12-24,81.61778259277344
2024-12-26,81.57135009765625
2024-12-27,80.90255737304688
2024-12-30,81.55274963378906
2024-12-31,81.11619567871094
2025-01-02,81.33911895751953
2025-01-03,81.07904815673828
2025-01-06,80.716796875
2025-01-07,79.80654907226562
2025-01-08,79.90869140625
2025-01-10,79.37925720214844
2025-01-13,79.35136413574219
2025-01-14,79.22135162353516
2025-01-15,80.58676147460938
2025-01-16,80.8468246459961
2025-01-17,80.9861831665039
2025-01-21,81.71067810058594
2025-01-22,81.28339385986328
2025-01-23,80.65177917480469
2025-01-24,81.0140380859375
2025-01-27,81.97074890136719
2025-01-28,81.91502380371094
2025-01-29,81.7478256225586
2025-01-30,82.05433654785156
2025-01-31,81.5156021118164
2025-02-03,82.17931365966797
2025-02-04,82.43099975585938
2025-02-05,83.79193878173828
2025-02-06,83.7546615600586
2025-02-07,83.2140121459961
2025-02-10,82.96231842041016
2025-02-11,82.43099975585938
2025-02-12,81.3124008178711
2025-02-13,82.66404724121094
2025-02-14,83.10212707519531
2025-02-18,82.12335968017578
2025-02-19,82.22592163085938
2025-02-20,82.53353881835938
2025-02-21,83.53094482421875
2025-02-24,83.7733154296875
2025-02-25,85.21815490722656
2025-02-26,85.72151184082031
2025-02-27,85.11560821533203
2025-02-28,86.15963745117188
2025-03-03,86.56172180175781
2025-03-04,85.49571228027344
2025-03-05,84.8130874633789
2025-03-06,84.53257751464844
2025-03-07,84.26141357421875
2025-03-10,85.14039611816406
2025-03-11,84.53257751464844
2025-03-12,84.02762603759766
2025-03-13,84.76634216308594
2025-03-14,84.31748962402344
2025-03-17,84.73828887939453
2025-03-18,84.82244873046875
2025-03-19,85.26194763183594
2025-03-20,85.31804656982422
2025-03-21,84.8130874633789
2025-03-24,83.94347381591797
2025-03-25,83.93412780761719
2025-03-26,83.38240051269531
2025-03-27,83.1392822265625
2025-03-28,84.28943634033203
2025-03-31,85.1216812133789
2025-04-01,85.85930633544922
2025-04-02,85.80298614501953
2025-04-03,86.19715881347656
2025-04-04,87.1355972290039
2025-04-07,84.5079345703125
2025-04-08,82.91256713867188
2025-04-09,83.40055084228516
2025-04-10,81.10133361816406
2025-04-11,81.54241180419922
2025-04-14,82.1242446899414
2025-04-15,82.41517639160156
2025-04-16,82.87501525878906
2025-04-17,82.1430435180664
2025-04-21,80.7071762084961
2025-04-22,81.15763092041016
2025-04-23,81.94593811035156
2025-04-24,82.80931854248047
2025-04-25,83.4193115234375
2025-04-28,83.94485473632812
2025-04-29,84.64868927001953
2025-04-30,83.963623046875
2025-05-01,83.53789520263672
2025-05-02,82.63365936279297
2025-05-05,82.172119140625
2025-05-06,82.44527435302734
2025-05-07,82.79378509521484
2025-05-08,81.8707046508789
2025-05-09,81.99314880371094
2025-05-12,81.23018646240234
2025-05-13,80.90055847167969
2025-05-14,80.36366271972656
2025-05-15,81.07008361816406
2025-05-16,81.28673553466797
2025-05-19,81.0512466430664
2025-05-20,80.46725463867188
2025-05-21,79.09207916259766
2025-05-22,79.50650024414062
2025-05-23,79.63838195800781
2025-05-27,80.74983215332031
2025-05-28,80.4013442993164
2025-05-29,81.14543151855469
2025-05-30,81.26788330078125
2025-06-02,80.51154327392578
2025-06-03,80.36974334716797
2025-06-04,81.6744155883789
2025-06-05,81.73111724853516
2025-06-06,80.6911849975586
2025-06-09,80.7762680053711
2025-06-10,81.19225311279297
2025-06-11,81.43804931640625
2025-06-12,82.41183471679688
2025-06-13,81.61768341064453
2025-06-16,80.79517364501953
2025-06-17,81.77841186523438
2025-06-18,81.92022705078125
2025-06-20,81.76895141601562
2025-06-23,82.03367614746094
2025-06-24,82.6292724609375
2025-06-25,82.73326873779297
2025-06-26,83.14925384521484
2025-06-27,82.61982727050781
2025-06-30,83.4328842163086
2025-07-01,83.63975524902344
2025-07-02,83.10834503173828
2025-07-03,82.52949523925781
2025-07-07,81.74187469482422
2025-07-08,81.63748168945312
2025-07-09,82.49153137207031
2025-07-10,82.54847717285156
2025-07-11,81.40973663330078
2025-07-14,81.23892974853516
2025-07-15,80.66956329345703
2025-07-16,80.78343200683594
2025-07-17,80.76445007324219
2025-07-18,80.88782501220703
2025-07-21,81.60902404785156
2025-07-22,82.10246276855469
2025-07-23,81.64697265625
2025-07-24,81.504638671875
2025-07-25,82.01705932617188
2025-07-28,81.48565673828125
2025-07-29,82.86160278320312
2025-07-30,82.43460845947266
2025-07-31,82.4820556640625
2025-08-01,83.65465545654297
2025-08-04,83.88326263427734
2025-08-05,84.14047241210938
2025-08-06,83.65465545654297
2025-08-07,83.51175689697266
2025-08-08,83.14979553222656
2025-08-11,83.24505615234375
2025-08-12,82.82592010498047
2025-08-13,83.51175689697266
2025-08-14,82.8926010131836
2025-08-15,82.30201721191406
2025-08-18,82.06385040283203
2025-08-19,82.5401382446289
2025-08-20,82.72113800048828
2025-08-21,82.31153106689453
2025-08-22,82.9211654663086
2025-08-25,82.68302917480469
2025-08-26,82.6353988647461
2025-08-27,82.5401382446289
2025-08-28,83.08312225341797
2025-08-29,82.49251556396484
2025-09-02,81.8786392211914
2025-09-03,82.77745056152344
2025-09-04,83.40855407714844
2025-09-05,84.68028259277344
2025-09-08,85.80857849121094
2025-09-09,85.3209228515625
2025-09-10,85.80857849121094
2025-09-11,86.38229370117188
2025-09-12,86.00938415527344
2025-09-15,86.2101821899414
2025-09-16,86.3918685913086
2025-09-17,86.17193603515625
2025-09-18,85.28268432617188
2025-09-19,85.1201400756836
2025-09-22,84.81414794921875
2025-09-23,85.406982421875
2025-09-24,85.08189392089844
2025-09-25,85.08189392089844
2025-09-26,85.0053939819336
2025-09-29,85.70339965820312
2025-09-30,85.45479583740234
2025-10-01,85.67548370361328
2025-10-02,85.92496490478516
2025-10-03,85.76184844970703
2025-10-06,85.0805892944336
2025-10-07,85.56993103027344
2025-10-08,85.63711547851562
2025-10-09,85.56993103027344
2025-10-10,86.95166015625
2025-10-13,86.9036865234375
2025-10-14,87.18193817138672
2025-10-15,86.99003601074219
2025-10-16,87.64250946044922
2025-10-17,87.50816345214844
2025-10-20,87.84400939941406
2025-10-21,88.27578735351562
2025-10-22,88.3333511352539
2025-10-23,87.72887420654297
2025-10-24,87.7672348022461
2025-10-27,88.064697265625
2025-10-28,88.29497528076172
2025-10-29,87.40262603759766
2025-10-30,86.89408111572266
2025-10-31,86.6349868774414
2025-11-03,86.4183349609375
2025-11-04,86.61092376708984
2025-11-05,85.66720581054688
2025-11-06,86.43760681152344
2025-11-07,86.254638671875
2025-11-10,86.2353744506836
2025-11-11,86.63019561767578
2025-11-12,86.78427124023438
2025-11-13,86.07167053222656
2025-11-14,85.58053588867188
2025-11-17,85.79240417480469
2025-11-18,85.76350402832031
2025-11-19,85.59017944335938
2025-11-20,85.92721557617188
2025-11-21,86.18722534179688
2025-11-24,86.67835998535156
2025-11-25,86.89982604980469
2025-11-26,87.2850112915039
2025-11-28,86.87094116210938
2025-12-01,85.78949737548828
2025-12-02,85.82816314697266
2025-12-03,86.06977081298828
2025-12-04,85.60589599609375
2025-12-05,85.20964813232422
2025-12-08,84.92938995361328
2025-12-09,85.01636505126953
2025-12-10,85.34494018554688
2025-12-11,85.2289810180664
2025-12-12,84.40750885009766
2025-12-15,84.46551513671875
2025-12-16,84.92938995361328
2025-12-17,84.85208892822266
2025-12-18,85.25798797607422
2025-12-19,84.93975830078125
2025-12-22,84.75542449951172
2025-12-23,84.89124298095703
2025-12-24,85.40544891357422
2025-12-26,85.12408447265625
2025-12-29,85.44425201416016
2025-12-30,85.24050903320312
2025-12-31,84.56138610839844
2026-01-02,84.43525695800781
2026-01-05,84.85244750976562
2026-01-06,84.67780303955078
2026-01-07,85.17259979248047
2026-01-08,84.74571990966797
2026-01-09,85.30842590332031
2026-01-12,85.05618286132812
2026-01-13,85.20170593261719
2026-01-14,85.6965103149414
2026-01-15,85.67708587646484
2026-01-16,85.18229675292969
2026-01-20,84.06658935546875
2026-01-21,84.7069091796875
2026-01-22,85.0755844116211
2026-01-23,85.30842590332031
2026-01-26,85.71590423583984
2026-01-27,85.18229675292969
2026-01-28,84.98826599121094
2026-01-29,85.0076675415039
2026-01-30,84.53226470947266
2026-02-02,84.29075622558594
2026-02-03,84.49527740478516
2026-02-04,84.28101348876953
2026-02-05,85.19648742675781
2026-02-06,85.25491333007812
2026-02-09,85.23543548583984
2026-02-10,86.21907806396484
2026-02-11,85.7613296508789
2026-02-12,86.90080261230469
2026-02-13,87.37799072265625
2026-02-17,87.52409362792969
2026-02-18,87.19296264648438
2026-02-19,87.28062438964844
2026-02-20,87.07611083984375
2026-02-23,87.3974838256836
2026-02-24,87.55331420898438
2026-02-25,87.56305694580078
2026-02-26,87.91364288330078
2026-02-27,88.44928741455078
2026-03-02,87.56107330322266
2026-03-03,87.38519287109375
2026-03-04,87.1115951538086
2026-03-05,86.75984191894531
2026-03-06,86.43738555908203
2026-03-09,87.18977355957031
2026-03-10,86.26148223876953
2026-03-11,85.14753723144531
2026-03-12,84.98143768310547
2026-03-13,84.561279296875
2026-03-16,85.21595001220703
2026-03-17,85.45045471191406
2026-03-18,84.97166442871094
2026-03-19,85.48955535888672
2026-03-20,83.86750793457031
2026-03-23,84.4146957397461
2026-03-24,84.04338836669922
2026-03-25,84.85440826416016
2026-03-26,84.14109802246094
2026-03-27,83.6818618774414
2026-03-30,84.79578399658203
2026-03-31,84.70783996582031
2026-04-01,84.62445831298828
2026-04-02,85.1444091796875
2026-04-06,85.00706481933594
2026-04-07,84.99724578857422
2026-04-08,85.27194213867188
2026-04-09,85.05611419677734
2026-04-10,84.85009765625
2026-04-13,85.10517120361328
2026-04-14,85.55644226074219
2026-04-15,85.18364715576172
2026-04-16,84.64407348632812
2026-04-17,85.4190902709961
2026-04-20,85.39947509765625
2026-04-21,84.92857360839844
2026-04-22,85.09535217285156
2026-04-23,84.90895080566406
2026-04-24,85.06591796875
2026-04-27,84.64407348632812
2026-04-28,84.73237609863281
2026-04-29,84.07506561279297
2026-04-30,83.99658966064453
2026-05-01,84.29691314697266
2026-05-04,83.65687561035156
2026-05-05,84.11967468261719
2026-05-06,84.75970458984375
2026-05-07,84.3363037109375
2026-05-08,84.75970458984375
2026-05-11,84.24767303466797
2026-05-12,83.68640899658203
2026-05-13,83.49932861328125
2026-05-14,83.61749267578125
2026-05-15,82.37682342529297
2026-05-18,82.2783432006836
2026-05-19,81.74662780761719
2026-05-20,82.62297821044922
2026-05-21,82.92823028564453
2026-05-22,83.38117980957031
2026-05-26,83.79473114013672
2026-05-27,83.99166870117188
2026-05-28,84.4249038696289
2026-05-29,84.4446029663086
2026-06-01,84.4900894165039
2026-06-02,84.66801452636719
2026-06-03,84.33191680908203
2026-06-04,84.51973724365234
2026-06-05,84.08477783203125
2026-06-08,83.64983367919922
2026-06-09,84.14409637451172
2026-06-10,83.90684509277344
2026-06-11,84.9942398071289
2026-06-12,84.7866439819336
2026-06-15,84.73721313476562
2026-06-16,85.20182800292969
2026-06-17,85.3402328491211
2026-06-18,85.75540924072266
2026-06-22,85.10297393798828
2026-06-23,85.21170806884766
2026-06-24,86.378173828125
2026-06-25,86.34852600097656
2026-06-26,86.35841369628906
2026-06-29,86.4473876953125
2026-06-30,85.42918395996094
2026-07-01,84.85173797607422
2026-07-02,84.8418197631836
2026-07-06,84.78227996826172
2026-07-07,83.88932037353516
2026-07-08,83.7008056640625
2026-07-09,83.82978057861328
2026-07-10,83.80994415283203
2026-07-13,83.31385040283203
2026-07-14,83.4229965209961
2026-07-15,83.58174133300781
2026-07-16,83.55197143554688
2026-07-17,83.85954284667969
2026-07-20,83.2344741821289
2026-07-21,83.00627899169922
2026-07-22,82.7879867553711
2026-07-23,82.52009582519531
2026-07-24,82.59947204589844
2026-07-27,83.09556579589844
2026-07-28,83.58174133300781
2026-07-29,82.20259857177734
2026-07-30,82.15299224853516
2026-07-31,81.60728454589844
2026-08-03,81.87625885009766
2026-08-04,82.50385284423828
2026-08-05,82.68316650390625
2026-08-06,82.20499420166016
2026-08-07,82.44408416748047
2026-08-10,81.74674987792969
2026-08-11,81.87625885009766
2026-08-12,81.79656219482422
2026-08-13,82.27472686767578
2026-08-14,81.7268295288086
2026-08-17,81.03946685791016
2026-08-18,81.3482894897461
2026-08-19,82.70308685302734
2026-08-20,82.02568054199219
2026-08-21,81.7367935180664
2026-08-24,82.24484252929688
2026-08-25,83.15137481689453
2026-08-26,82.98202514648438
2026-08-27,82.81266784667969
2026-08-28,82.5636215209961
2026-08-31,82.20499420166016
2026-09-01,81.87000274658203
2026-09-02,81.94999694824219
2026-09-03,82.06999969482422
2026-09-04,82.20999908447266
2026-09-08,82.19999694824219
2026-09-09,81.7300033569336
2026-09-10,80.77999877929688
2026-09-11,80.87000274658203
2026-09-14,80.93000030517578
2026-09-15,80.70999908447266
2026-09-16,80.87999725341797
2026-09-17,81.77999877929688
2026-09-18,81.25
